Campaign,Keyword,Criterion Type,Приоритет,Причина
FL-BROWARD | Sub-Zero | tCPA 2026,seasonal comfort,Campaign Negative Phrase,P0,Название конкурента: показывалось по вашим ключам (отчёт по запросам 21–28.09)
TAMPA | Lux Search | tCPA 2026,seasonal comfort,Campaign Negative Phrase,P0,Название конкурента: показывалось по вашим ключам (отчёт по запросам 21–28.09)
CHI-CITY | Sub-Zero | tCPA 2026,seasonal comfort,Campaign Negative Phrase,P0,Название конкурента: показывалось по вашим ключам (отчёт по запросам 21–28.09)
FL-PANHANDLE | Sub-Zero | tCPA 2026,seasonal comfort,Campaign Negative Phrase,P0,Название конкурента: показывалось по вашим ключам (отчёт по запросам 21–28.09)
DESTIN | Lux Search | tCPA 2026,seasonal comfort,Campaign Negative Phrase,P0,Название конкурента: показывалось по вашим ключам (отчёт по запросам 21–28.09)
FL-PALM-BEACH | Sub-Zero | tCPA 2026,seasonal comfort,Campaign Negative Phrase,P0,Название конкурента: показывалось по вашим ключам (отчёт по запросам 21–28.09)
FL-ORLANDO | Sub-Zero | tCPA 2026,seasonal comfort,Campaign Negative Phrase,P0,Название конкурента: показывалось по вашим ключам (отчёт по запросам 21–28.09)
CHI-WEST | Sub-Zero | tCPA 2026,seasonal comfort,Campaign Negative Phrase,P0,Название конкурента: показывалось по вашим ключам (отчёт по запросам 21–28.09)
MIAMI | Lux Search | tCPA 2026,seasonal comfort,Campaign Negative Phrase,P0,Название конкурента: показывалось по вашим ключам (отчёт по запросам 21–28.09)
FL-MIAMI-DADE | Sub-Zero | tCPA 2026,seasonal comfort,Campaign Negative Phrase,P0,Название конкурента: показывалось по вашим ключам (отчёт по запросам 21–28.09)
CHI-NORTHWEST | Sub-Zero | tCPA 2026,seasonal comfort,Campaign Negative Phrase,P0,Название конкурента: показывалось по вашим ключам (отчёт по запросам 21–28.09)
CHI-NORTH-SHORE | Sub-Zero | tCPA 2026,seasonal comfort,Campaign Negative Phrase,P0,Название конкурента: показывалось по вашим ключам (отчёт по запросам 21–28.09)
CHI-WI-MI | Sub-Zero | tCPA 2026,seasonal comfort,Campaign Negative Phrase,P0,Название конкурента: показывалось по вашим ключам (отчёт по запросам 21–28.09)
FL-SARASOTA | Sub-Zero | tCPA 2026,seasonal comfort,Campaign Negative Phrase,P0,Название конкурента: показывалось по вашим ключам (отчёт по запросам 21–28.09)
CHI-INDIANA | Sub-Zero | tCPA 2026,seasonal comfort,Campaign Negative Phrase,P0,Название конкурента: показывалось по вашим ключам (отчёт по запросам 21–28.09)
CHI-SOUTH | Sub-Zero | tCPA 2026,seasonal comfort,Campaign Negative Phrase,P0,Название конкурента: показывалось по вашим ключам (отчёт по запросам 21–28.09)
FL-NAPLES-FORT-MYERS | Sub-Zero | tCPA 2026,seasonal comfort,Campaign Negative Phrase,P0,Название конкурента: показывалось по вашим ключам (отчёт по запросам 21–28.09)
FL-PINELLAS | Sub-Zero | tCPA 2026,seasonal comfort,Campaign Negative Phrase,P0,Название конкурента: показывалось по вашим ключам (отчёт по запросам 21–28.09)
FL-TAMPA | Sub-Zero | tCPA 2026,seasonal comfort,Campaign Negative Phrase,P0,Название конкурента: показывалось по вашим ключам (отчёт по запросам 21–28.09)
CHICAGO | Lux Search | MaxConv 2026,seasonal comfort,Campaign Negative Phrase,P0,Название конкурента: показывалось по вашим ключам (отчёт по запросам 21–28.09)
FL-JACKSONVILLE | Sub-Zero | tCPA 2026,seasonal comfort,Campaign Negative Phrase,P0,Название конкурента: показывалось по вашим ключам (отчёт по запросам 21–28.09)
FL-NORTH-CENTRAL | Sub-Zero | tCPA 2026,seasonal comfort,Campaign Negative Phrase,P0,Название конкурента: показывалось по вашим ключам (отчёт по запросам 21–28.09)
FL-BROWARD | Sub-Zero | tCPA 2026,c&w appliance,Campaign Negative Phrase,P0,Название конкурента: показывалось по вашим ключам (отчёт по запросам 21–28.09)
TAMPA | Lux Search | tCPA 2026,c&w appliance,Campaign Negative Phrase,P0,Название конкурента: показывалось по вашим ключам (отчёт по запросам 21–28.09)
CHI-CITY | Sub-Zero | tCPA 2026,c&w appliance,Campaign Negative Phrase,P0,Название конкурента: показывалось по вашим ключам (отчёт по запросам 21–28.09)
FL-PANHANDLE | Sub-Zero | tCPA 2026,c&w appliance,Campaign Negative Phrase,P0,Название конкурента: показывалось по вашим ключам (отчёт по запросам 21–28.09)
DESTIN | Lux Search | tCPA 2026,c&w appliance,Campaign Negative Phrase,P0,Название конкурента: показывалось по вашим ключам (отчёт по запросам 21–28.09)
FL-PALM-BEACH | Sub-Zero | tCPA 2026,c&w appliance,Campaign Negative Phrase,P0,Название конкурента: показывалось по вашим ключам (отчёт по запросам 21–28.09)
FL-ORLANDO | Sub-Zero | tCPA 2026,c&w appliance,Campaign Negative Phrase,P0,Название конкурента: показывалось по вашим ключам (отчёт по запросам 21–28.09)
CHI-WEST | Sub-Zero | tCPA 2026,c&w appliance,Campaign Negative Phrase,P0,Название конкурента: показывалось по вашим ключам (отчёт по запросам 21–28.09)
MIAMI | Lux Search | tCPA 2026,c&w appliance,Campaign Negative Phrase,P0,Название конкурента: показывалось по вашим ключам (отчёт по запросам 21–28.09)
FL-MIAMI-DADE | Sub-Zero | tCPA 2026,c&w appliance,Campaign Negative Phrase,P0,Название конкурента: показывалось по вашим ключам (отчёт по запросам 21–28.09)
CHI-NORTHWEST | Sub-Zero | tCPA 2026,c&w appliance,Campaign Negative Phrase,P0,Название конкурента: показывалось по вашим ключам (отчёт по запросам 21–28.09)
CHI-NORTH-SHORE | Sub-Zero | tCPA 2026,c&w appliance,Campaign Negative Phrase,P0,Название конкурента: показывалось по вашим ключам (отчёт по запросам 21–28.09)
CHI-WI-MI | Sub-Zero | tCPA 2026,c&w appliance,Campaign Negative Phrase,P0,Название конкурента: показывалось по вашим ключам (отчёт по запросам 21–28.09)
FL-SARASOTA | Sub-Zero | tCPA 2026,c&w appliance,Campaign Negative Phrase,P0,Название конкурента: показывалось по вашим ключам (отчёт по запросам 21–28.09)
CHI-INDIANA | Sub-Zero | tCPA 2026,c&w appliance,Campaign Negative Phrase,P0,Название конкурента: показывалось по вашим ключам (отчёт по запросам 21–28.09)
CHI-SOUTH | Sub-Zero | tCPA 2026,c&w appliance,Campaign Negative Phrase,P0,Название конкурента: показывалось по вашим ключам (отчёт по запросам 21–28.09)
FL-NAPLES-FORT-MYERS | Sub-Zero | tCPA 2026,c&w appliance,Campaign Negative Phrase,P0,Название конкурента: показывалось по вашим ключам (отчёт по запросам 21–28.09)
FL-PINELLAS | Sub-Zero | tCPA 2026,c&w appliance,Campaign Negative Phrase,P0,Название конкурента: показывалось по вашим ключам (отчёт по запросам 21–28.09)
FL-TAMPA | Sub-Zero | tCPA 2026,c&w appliance,Campaign Negative Phrase,P0,Название конкурента: показывалось по вашим ключам (отчёт по запросам 21–28.09)
CHICAGO | Lux Search | MaxConv 2026,c&w appliance,Campaign Negative Phrase,P0,Название конкурента: показывалось по вашим ключам (отчёт по запросам 21–28.09)
FL-JACKSONVILLE | Sub-Zero | tCPA 2026,c&w appliance,Campaign Negative Phrase,P0,Название конкурента: показывалось по вашим ключам (отчёт по запросам 21–28.09)
FL-NORTH-CENTRAL | Sub-Zero | tCPA 2026,c&w appliance,Campaign Negative Phrase,P0,Название конкурента: показывалось по вашим ключам (отчёт по запросам 21–28.09)
FL-BROWARD | Sub-Zero | tCPA 2026,c & w appliance,Campaign Negative Phrase,P0,Название конкурента: показывалось по вашим ключам (отчёт по запросам 21–28.09)
TAMPA | Lux Search | tCPA 2026,c & w appliance,Campaign Negative Phrase,P0,Название конкурента: показывалось по вашим ключам (отчёт по запросам 21–28.09)
CHI-CITY | Sub-Zero | tCPA 2026,c & w appliance,Campaign Negative Phrase,P0,Название конкурента: показывалось по вашим ключам (отчёт по запросам 21–28.09)
FL-PANHANDLE | Sub-Zero | tCPA 2026,c & w appliance,Campaign Negative Phrase,P0,Название конкурента: показывалось по вашим ключам (отчёт по запросам 21–28.09)
DESTIN | Lux Search | tCPA 2026,c & w appliance,Campaign Negative Phrase,P0,Название конкурента: показывалось по вашим ключам (отчёт по запросам 21–28.09)
FL-PALM-BEACH | Sub-Zero | tCPA 2026,c & w appliance,Campaign Negative Phrase,P0,Название конкурента: показывалось по вашим ключам (отчёт по запросам 21–28.09)
FL-ORLANDO | Sub-Zero | tCPA 2026,c & w appliance,Campaign Negative Phrase,P0,Название конкурента: показывалось по вашим ключам (отчёт по запросам 21–28.09)
CHI-WEST | Sub-Zero | tCPA 2026,c & w appliance,Campaign Negative Phrase,P0,Название конкурента: показывалось по вашим ключам (отчёт по запросам 21–28.09)
MIAMI | Lux Search | tCPA 2026,c & w appliance,Campaign Negative Phrase,P0,Название конкурента: показывалось по вашим ключам (отчёт по запросам 21–28.09)
FL-MIAMI-DADE | Sub-Zero | tCPA 2026,c & w appliance,Campaign Negative Phrase,P0,Название конкурента: показывалось по вашим ключам (отчёт по запросам 21–28.09)
CHI-NORTHWEST | Sub-Zero | tCPA 2026,c & w appliance,Campaign Negative Phrase,P0,Название конкурента: показывалось по вашим ключам (отчёт по запросам 21–28.09)
CHI-NORTH-SHORE | Sub-Zero | tCPA 2026,c & w appliance,Campaign Negative Phrase,P0,Название конкурента: показывалось по вашим ключам (отчёт по запросам 21–28.09)
CHI-WI-MI | Sub-Zero | tCPA 2026,c & w appliance,Campaign Negative Phrase,P0,Название конкурента: показывалось по вашим ключам (отчёт по запросам 21–28.09)
FL-SARASOTA | Sub-Zero | tCPA 2026,c & w appliance,Campaign Negative Phrase,P0,Название конкурента: показывалось по вашим ключам (отчёт по запросам 21–28.09)
CHI-INDIANA | Sub-Zero | tCPA 2026,c & w appliance,Campaign Negative Phrase,P0,Название конкурента: показывалось по вашим ключам (отчёт по запросам 21–28.09)
CHI-SOUTH | Sub-Zero | tCPA 2026,c & w appliance,Campaign Negative Phrase,P0,Название конкурента: показывалось по вашим ключам (отчёт по запросам 21–28.09)
FL-NAPLES-FORT-MYERS | Sub-Zero | tCPA 2026,c & w appliance,Campaign Negative Phrase,P0,Название конкурента: показывалось по вашим ключам (отчёт по запросам 21–28.09)
FL-PINELLAS | Sub-Zero | tCPA 2026,c & w appliance,Campaign Negative Phrase,P0,Название конкурента: показывалось по вашим ключам (отчёт по запросам 21–28.09)
FL-TAMPA | Sub-Zero | tCPA 2026,c & w appliance,Campaign Negative Phrase,P0,Название конкурента: показывалось по вашим ключам (отчёт по запросам 21–28.09)
CHICAGO | Lux Search | MaxConv 2026,c & w appliance,Campaign Negative Phrase,P0,Название конкурента: показывалось по вашим ключам (отчёт по запросам 21–28.09)
FL-JACKSONVILLE | Sub-Zero | tCPA 2026,c & w appliance,Campaign Negative Phrase,P0,Название конкурента: показывалось по вашим ключам (отчёт по запросам 21–28.09)
FL-NORTH-CENTRAL | Sub-Zero | tCPA 2026,c & w appliance,Campaign Negative Phrase,P0,Название конкурента: показывалось по вашим ключам (отчёт по запросам 21–28.09)
FL-BROWARD | Sub-Zero | tCPA 2026,dube appliance,Campaign Negative Phrase,P0,Название конкурента: показывалось по вашим ключам (отчёт по запросам 21–28.09)
TAMPA | Lux Search | tCPA 2026,dube appliance,Campaign Negative Phrase,P0,Название конкурента: показывалось по вашим ключам (отчёт по запросам 21–28.09)
CHI-CITY | Sub-Zero | tCPA 2026,dube appliance,Campaign Negative Phrase,P0,Название конкурента: показывалось по вашим ключам (отчёт по запросам 21–28.09)
FL-PANHANDLE | Sub-Zero | tCPA 2026,dube appliance,Campaign Negative Phrase,P0,Название конкурента: показывалось по вашим ключам (отчёт по запросам 21–28.09)
DESTIN | Lux Search | tCPA 2026,dube appliance,Campaign Negative Phrase,P0,Название конкурента: показывалось по вашим ключам (отчёт по запросам 21–28.09)
FL-PALM-BEACH | Sub-Zero | tCPA 2026,dube appliance,Campaign Negative Phrase,P0,Название конкурента: показывалось по вашим ключам (отчёт по запросам 21–28.09)
FL-ORLANDO | Sub-Zero | tCPA 2026,dube appliance,Campaign Negative Phrase,P0,Название конкурента: показывалось по вашим ключам (отчёт по запросам 21–28.09)
CHI-WEST | Sub-Zero | tCPA 2026,dube appliance,Campaign Negative Phrase,P0,Название конкурента: показывалось по вашим ключам (отчёт по запросам 21–28.09)
MIAMI | Lux Search | tCPA 2026,dube appliance,Campaign Negative Phrase,P0,Название конкурента: показывалось по вашим ключам (отчёт по запросам 21–28.09)
FL-MIAMI-DADE | Sub-Zero | tCPA 2026,dube appliance,Campaign Negative Phrase,P0,Название конкурента: показывалось по вашим ключам (отчёт по запросам 21–28.09)
CHI-NORTHWEST | Sub-Zero | tCPA 2026,dube appliance,Campaign Negative Phrase,P0,Название конкурента: показывалось по вашим ключам (отчёт по запросам 21–28.09)
CHI-NORTH-SHORE | Sub-Zero | tCPA 2026,dube appliance,Campaign Negative Phrase,P0,Название конкурента: показывалось по вашим ключам (отчёт по запросам 21–28.09)
CHI-WI-MI | Sub-Zero | tCPA 2026,dube appliance,Campaign Negative Phrase,P0,Название конкурента: показывалось по вашим ключам (отчёт по запросам 21–28.09)
FL-SARASOTA | Sub-Zero | tCPA 2026,dube appliance,Campaign Negative Phrase,P0,Название конкурента: показывалось по вашим ключам (отчёт по запросам 21–28.09)
CHI-INDIANA | Sub-Zero | tCPA 2026,dube appliance,Campaign Negative Phrase,P0,Название конкурента: показывалось по вашим ключам (отчёт по запросам 21–28.09)
CHI-SOUTH | Sub-Zero | tCPA 2026,dube appliance,Campaign Negative Phrase,P0,Название конкурента: показывалось по вашим ключам (отчёт по запросам 21–28.09)
FL-NAPLES-FORT-MYERS | Sub-Zero | tCPA 2026,dube appliance,Campaign Negative Phrase,P0,Название конкурента: показывалось по вашим ключам (отчёт по запросам 21–28.09)
FL-PINELLAS | Sub-Zero | tCPA 2026,dube appliance,Campaign Negative Phrase,P0,Название конкурента: показывалось по вашим ключам (отчёт по запросам 21–28.09)
FL-TAMPA | Sub-Zero | tCPA 2026,dube appliance,Campaign Negative Phrase,P0,Название конкурента: показывалось по вашим ключам (отчёт по запросам 21–28.09)
CHICAGO | Lux Search | MaxConv 2026,dube appliance,Campaign Negative Phrase,P0,Название конкурента: показывалось по вашим ключам (отчёт по запросам 21–28.09)
FL-JACKSONVILLE | Sub-Zero | tCPA 2026,dube appliance,Campaign Negative Phrase,P0,Название конкурента: показывалось по вашим ключам (отчёт по запросам 21–28.09)
FL-NORTH-CENTRAL | Sub-Zero | tCPA 2026,dube appliance,Campaign Negative Phrase,P0,Название конкурента: показывалось по вашим ключам (отчёт по запросам 21–28.09)
FL-BROWARD | Sub-Zero | tCPA 2026,gantt appliance,Campaign Negative Phrase,P0,Название конкурента: показывалось по вашим ключам (отчёт по запросам 21–28.09)
TAMPA | Lux Search | tCPA 2026,gantt appliance,Campaign Negative Phrase,P0,Название конкурента: показывалось по вашим ключам (отчёт по запросам 21–28.09)
CHI-CITY | Sub-Zero | tCPA 2026,gantt appliance,Campaign Negative Phrase,P0,Название конкурента: показывалось по вашим ключам (отчёт по запросам 21–28.09)
FL-PANHANDLE | Sub-Zero | tCPA 2026,gantt appliance,Campaign Negative Phrase,P0,Название конкурента: показывалось по вашим ключам (отчёт по запросам 21–28.09)
DESTIN | Lux Search | tCPA 2026,gantt appliance,Campaign Negative Phrase,P0,Название конкурента: показывалось по вашим ключам (отчёт по запросам 21–28.09)
FL-PALM-BEACH | Sub-Zero | tCPA 2026,gantt appliance,Campaign Negative Phrase,P0,Название конкурента: показывалось по вашим ключам (отчёт по запросам 21–28.09)
FL-ORLANDO | Sub-Zero | tCPA 2026,gantt appliance,Campaign Negative Phrase,P0,Название конкурента: показывалось по вашим ключам (отчёт по запросам 21–28.09)
CHI-WEST | Sub-Zero | tCPA 2026,gantt appliance,Campaign Negative Phrase,P0,Название конкурента: показывалось по вашим ключам (отчёт по запросам 21–28.09)
MIAMI | Lux Search | tCPA 2026,gantt appliance,Campaign Negative Phrase,P0,Название конкурента: показывалось по вашим ключам (отчёт по запросам 21–28.09)
FL-MIAMI-DADE | Sub-Zero | tCPA 2026,gantt appliance,Campaign Negative Phrase,P0,Название конкурента: показывалось по вашим ключам (отчёт по запросам 21–28.09)
CHI-NORTHWEST | Sub-Zero | tCPA 2026,gantt appliance,Campaign Negative Phrase,P0,Название конкурента: показывалось по вашим ключам (отчёт по запросам 21–28.09)
CHI-NORTH-SHORE | Sub-Zero | tCPA 2026,gantt appliance,Campaign Negative Phrase,P0,Название конкурента: показывалось по вашим ключам (отчёт по запросам 21–28.09)
CHI-WI-MI | Sub-Zero | tCPA 2026,gantt appliance,Campaign Negative Phrase,P0,Название конкурента: показывалось по вашим ключам (отчёт по запросам 21–28.09)
FL-SARASOTA | Sub-Zero | tCPA 2026,gantt appliance,Campaign Negative Phrase,P0,Название конкурента: показывалось по вашим ключам (отчёт по запросам 21–28.09)
CHI-INDIANA | Sub-Zero | tCPA 2026,gantt appliance,Campaign Negative Phrase,P0,Название конкурента: показывалось по вашим ключам (отчёт по запросам 21–28.09)
CHI-SOUTH | Sub-Zero | tCPA 2026,gantt appliance,Campaign Negative Phrase,P0,Название конкурента: показывалось по вашим ключам (отчёт по запросам 21–28.09)
FL-NAPLES-FORT-MYERS | Sub-Zero | tCPA 2026,gantt appliance,Campaign Negative Phrase,P0,Название конкурента: показывалось по вашим ключам (отчёт по запросам 21–28.09)
FL-PINELLAS | Sub-Zero | tCPA 2026,gantt appliance,Campaign Negative Phrase,P0,Название конкурента: показывалось по вашим ключам (отчёт по запросам 21–28.09)
FL-TAMPA | Sub-Zero | tCPA 2026,gantt appliance,Campaign Negative Phrase,P0,Название конкурента: показывалось по вашим ключам (отчёт по запросам 21–28.09)
CHICAGO | Lux Search | MaxConv 2026,gantt appliance,Campaign Negative Phrase,P0,Название конкурента: показывалось по вашим ключам (отчёт по запросам 21–28.09)
FL-JACKSONVILLE | Sub-Zero | tCPA 2026,gantt appliance,Campaign Negative Phrase,P0,Название конкурента: показывалось по вашим ключам (отчёт по запросам 21–28.09)
FL-NORTH-CENTRAL | Sub-Zero | tCPA 2026,gantt appliance,Campaign Negative Phrase,P0,Название конкурента: показывалось по вашим ключам (отчёт по запросам 21–28.09)
FL-BROWARD | Sub-Zero | tCPA 2026,box appliance,Campaign Negative Phrase,P0,Название конкурента: показывалось по вашим ключам (отчёт по запросам 21–28.09)
TAMPA | Lux Search | tCPA 2026,box appliance,Campaign Negative Phrase,P0,Название конкурента: показывалось по вашим ключам (отчёт по запросам 21–28.09)
CHI-CITY | Sub-Zero | tCPA 2026,box appliance,Campaign Negative Phrase,P0,Название конкурента: показывалось по вашим ключам (отчёт по запросам 21–28.09)
FL-PANHANDLE | Sub-Zero | tCPA 2026,box appliance,Campaign Negative Phrase,P0,Название конкурента: показывалось по вашим ключам (отчёт по запросам 21–28.09)
DESTIN | Lux Search | tCPA 2026,box appliance,Campaign Negative Phrase,P0,Название конкурента: показывалось по вашим ключам (отчёт по запросам 21–28.09)
FL-PALM-BEACH | Sub-Zero | tCPA 2026,box appliance,Campaign Negative Phrase,P0,Название конкурента: показывалось по вашим ключам (отчёт по запросам 21–28.09)
FL-ORLANDO | Sub-Zero | tCPA 2026,box appliance,Campaign Negative Phrase,P0,Название конкурента: показывалось по вашим ключам (отчёт по запросам 21–28.09)
CHI-WEST | Sub-Zero | tCPA 2026,box appliance,Campaign Negative Phrase,P0,Название конкурента: показывалось по вашим ключам (отчёт по запросам 21–28.09)
MIAMI | Lux Search | tCPA 2026,box appliance,Campaign Negative Phrase,P0,Название конкурента: показывалось по вашим ключам (отчёт по запросам 21–28.09)
FL-MIAMI-DADE | Sub-Zero | tCPA 2026,box appliance,Campaign Negative Phrase,P0,Название конкурента: показывалось по вашим ключам (отчёт по запросам 21–28.09)
CHI-NORTHWEST | Sub-Zero | tCPA 2026,box appliance,Campaign Negative Phrase,P0,Название конкурента: показывалось по вашим ключам (отчёт по запросам 21–28.09)
CHI-NORTH-SHORE | Sub-Zero | tCPA 2026,box appliance,Campaign Negative Phrase,P0,Название конкурента: показывалось по вашим ключам (отчёт по запросам 21–28.09)
CHI-WI-MI | Sub-Zero | tCPA 2026,box appliance,Campaign Negative Phrase,P0,Название конкурента: показывалось по вашим ключам (отчёт по запросам 21–28.09)
FL-SARASOTA | Sub-Zero | tCPA 2026,box appliance,Campaign Negative Phrase,P0,Название конкурента: показывалось по вашим ключам (отчёт по запросам 21–28.09)
CHI-INDIANA | Sub-Zero | tCPA 2026,box appliance,Campaign Negative Phrase,P0,Название конкурента: показывалось по вашим ключам (отчёт по запросам 21–28.09)
CHI-SOUTH | Sub-Zero | tCPA 2026,box appliance,Campaign Negative Phrase,P0,Название конкурента: показывалось по вашим ключам (отчёт по запросам 21–28.09)
FL-NAPLES-FORT-MYERS | Sub-Zero | tCPA 2026,box appliance,Campaign Negative Phrase,P0,Название конкурента: показывалось по вашим ключам (отчёт по запросам 21–28.09)
FL-PINELLAS | Sub-Zero | tCPA 2026,box appliance,Campaign Negative Phrase,P0,Название конкурента: показывалось по вашим ключам (отчёт по запросам 21–28.09)
FL-TAMPA | Sub-Zero | tCPA 2026,box appliance,Campaign Negative Phrase,P0,Название конкурента: показывалось по вашим ключам (отчёт по запросам 21–28.09)
CHICAGO | Lux Search | MaxConv 2026,box appliance,Campaign Negative Phrase,P0,Название конкурента: показывалось по вашим ключам (отчёт по запросам 21–28.09)
FL-JACKSONVILLE | Sub-Zero | tCPA 2026,box appliance,Campaign Negative Phrase,P0,Название конкурента: показывалось по вашим ключам (отчёт по запросам 21–28.09)
FL-NORTH-CENTRAL | Sub-Zero | tCPA 2026,box appliance,Campaign Negative Phrase,P0,Название конкурента: показывалось по вашим ключам (отчёт по запросам 21–28.09)
FL-BROWARD | Sub-Zero | tCPA 2026,boxappliance,Campaign Negative Phrase,P0,Название конкурента: показывалось по вашим ключам (отчёт по запросам 21–28.09)
TAMPA | Lux Search | tCPA 2026,boxappliance,Campaign Negative Phrase,P0,Название конкурента: показывалось по вашим ключам (отчёт по запросам 21–28.09)
CHI-CITY | Sub-Zero | tCPA 2026,boxappliance,Campaign Negative Phrase,P0,Название конкурента: показывалось по вашим ключам (отчёт по запросам 21–28.09)
FL-PANHANDLE | Sub-Zero | tCPA 2026,boxappliance,Campaign Negative Phrase,P0,Название конкурента: показывалось по вашим ключам (отчёт по запросам 21–28.09)
DESTIN | Lux Search | tCPA 2026,boxappliance,Campaign Negative Phrase,P0,Название конкурента: показывалось по вашим ключам (отчёт по запросам 21–28.09)
FL-PALM-BEACH | Sub-Zero | tCPA 2026,boxappliance,Campaign Negative Phrase,P0,Название конкурента: показывалось по вашим ключам (отчёт по запросам 21–28.09)
FL-ORLANDO | Sub-Zero | tCPA 2026,boxappliance,Campaign Negative Phrase,P0,Название конкурента: показывалось по вашим ключам (отчёт по запросам 21–28.09)
CHI-WEST | Sub-Zero | tCPA 2026,boxappliance,Campaign Negative Phrase,P0,Название конкурента: показывалось по вашим ключам (отчёт по запросам 21–28.09)
MIAMI | Lux Search | tCPA 2026,boxappliance,Campaign Negative Phrase,P0,Название конкурента: показывалось по вашим ключам (отчёт по запросам 21–28.09)
FL-MIAMI-DADE | Sub-Zero | tCPA 2026,boxappliance,Campaign Negative Phrase,P0,Название конкурента: показывалось по вашим ключам (отчёт по запросам 21–28.09)
CHI-NORTHWEST | Sub-Zero | tCPA 2026,boxappliance,Campaign Negative Phrase,P0,Название конкурента: показывалось по вашим ключам (отчёт по запросам 21–28.09)
CHI-NORTH-SHORE | Sub-Zero | tCPA 2026,boxappliance,Campaign Negative Phrase,P0,Название конкурента: показывалось по вашим ключам (отчёт по запросам 21–28.09)
CHI-WI-MI | Sub-Zero | tCPA 2026,boxappliance,Campaign Negative Phrase,P0,Название конкурента: показывалось по вашим ключам (отчёт по запросам 21–28.09)
FL-SARASOTA | Sub-Zero | tCPA 2026,boxappliance,Campaign Negative Phrase,P0,Название конкурента: показывалось по вашим ключам (отчёт по запросам 21–28.09)
CHI-INDIANA | Sub-Zero | tCPA 2026,boxappliance,Campaign Negative Phrase,P0,Название конкурента: показывалось по вашим ключам (отчёт по запросам 21–28.09)
CHI-SOUTH | Sub-Zero | tCPA 2026,boxappliance,Campaign Negative Phrase,P0,Название конкурента: показывалось по вашим ключам (отчёт по запросам 21–28.09)
FL-NAPLES-FORT-MYERS | Sub-Zero | tCPA 2026,boxappliance,Campaign Negative Phrase,P0,Название конкурента: показывалось по вашим ключам (отчёт по запросам 21–28.09)
FL-PINELLAS | Sub-Zero | tCPA 2026,boxappliance,Campaign Negative Phrase,P0,Название конкурента: показывалось по вашим ключам (отчёт по запросам 21–28.09)
FL-TAMPA | Sub-Zero | tCPA 2026,boxappliance,Campaign Negative Phrase,P0,Название конкурента: показывалось по вашим ключам (отчёт по запросам 21–28.09)
CHICAGO | Lux Search | MaxConv 2026,boxappliance,Campaign Negative Phrase,P0,Название конкурента: показывалось по вашим ключам (отчёт по запросам 21–28.09)
FL-JACKSONVILLE | Sub-Zero | tCPA 2026,boxappliance,Campaign Negative Phrase,P0,Название конкурента: показывалось по вашим ключам (отчёт по запросам 21–28.09)
FL-NORTH-CENTRAL | Sub-Zero | tCPA 2026,boxappliance,Campaign Negative Phrase,P0,Название конкурента: показывалось по вашим ключам (отчёт по запросам 21–28.09)
FL-BROWARD | Sub-Zero | tCPA 2026,mr appliance,Campaign Negative Phrase,P0,Название конкурента: показывалось по вашим ключам (отчёт по запросам 21–28.09)
TAMPA | Lux Search | tCPA 2026,mr appliance,Campaign Negative Phrase,P0,Название конкурента: показывалось по вашим ключам (отчёт по запросам 21–28.09)
CHI-CITY | Sub-Zero | tCPA 2026,mr appliance,Campaign Negative Phrase,P0,Название конкурента: показывалось по вашим ключам (отчёт по запросам 21–28.09)
FL-PANHANDLE | Sub-Zero | tCPA 2026,mr appliance,Campaign Negative Phrase,P0,Название конкурента: показывалось по вашим ключам (отчёт по запросам 21–28.09)
DESTIN | Lux Search | tCPA 2026,mr appliance,Campaign Negative Phrase,P0,Название конкурента: показывалось по вашим ключам (отчёт по запросам 21–28.09)
FL-PALM-BEACH | Sub-Zero | tCPA 2026,mr appliance,Campaign Negative Phrase,P0,Название конкурента: показывалось по вашим ключам (отчёт по запросам 21–28.09)
FL-ORLANDO | Sub-Zero | tCPA 2026,mr appliance,Campaign Negative Phrase,P0,Название конкурента: показывалось по вашим ключам (отчёт по запросам 21–28.09)
CHI-WEST | Sub-Zero | tCPA 2026,mr appliance,Campaign Negative Phrase,P0,Название конкурента: показывалось по вашим ключам (отчёт по запросам 21–28.09)
MIAMI | Lux Search | tCPA 2026,mr appliance,Campaign Negative Phrase,P0,Название конкурента: показывалось по вашим ключам (отчёт по запросам 21–28.09)
FL-MIAMI-DADE | Sub-Zero | tCPA 2026,mr appliance,Campaign Negative Phrase,P0,Название конкурента: показывалось по вашим ключам (отчёт по запросам 21–28.09)
CHI-NORTHWEST | Sub-Zero | tCPA 2026,mr appliance,Campaign Negative Phrase,P0,Название конкурента: показывалось по вашим ключам (отчёт по запросам 21–28.09)
CHI-NORTH-SHORE | Sub-Zero | tCPA 2026,mr appliance,Campaign Negative Phrase,P0,Название конкурента: показывалось по вашим ключам (отчёт по запросам 21–28.09)
CHI-WI-MI | Sub-Zero | tCPA 2026,mr appliance,Campaign Negative Phrase,P0,Название конкурента: показывалось по вашим ключам (отчёт по запросам 21–28.09)
FL-SARASOTA | Sub-Zero | tCPA 2026,mr appliance,Campaign Negative Phrase,P0,Название конкурента: показывалось по вашим ключам (отчёт по запросам 21–28.09)
CHI-INDIANA | Sub-Zero | tCPA 2026,mr appliance,Campaign Negative Phrase,P0,Название конкурента: показывалось по вашим ключам (отчёт по запросам 21–28.09)
CHI-SOUTH | Sub-Zero | tCPA 2026,mr appliance,Campaign Negative Phrase,P0,Название конкурента: показывалось по вашим ключам (отчёт по запросам 21–28.09)
FL-NAPLES-FORT-MYERS | Sub-Zero | tCPA 2026,mr appliance,Campaign Negative Phrase,P0,Название конкурента: показывалось по вашим ключам (отчёт по запросам 21–28.09)
FL-PINELLAS | Sub-Zero | tCPA 2026,mr appliance,Campaign Negative Phrase,P0,Название конкурента: показывалось по вашим ключам (отчёт по запросам 21–28.09)
FL-TAMPA | Sub-Zero | tCPA 2026,mr appliance,Campaign Negative Phrase,P0,Название конкурента: показывалось по вашим ключам (отчёт по запросам 21–28.09)
CHICAGO | Lux Search | MaxConv 2026,mr appliance,Campaign Negative Phrase,P0,Название конкурента: показывалось по вашим ключам (отчёт по запросам 21–28.09)
FL-JACKSONVILLE | Sub-Zero | tCPA 2026,mr appliance,Campaign Negative Phrase,P0,Название конкурента: показывалось по вашим ключам (отчёт по запросам 21–28.09)
FL-NORTH-CENTRAL | Sub-Zero | tCPA 2026,mr appliance,Campaign Negative Phrase,P0,Название конкурента: показывалось по вашим ключам (отчёт по запросам 21–28.09)
FL-BROWARD | Sub-Zero | tCPA 2026,appliance repair today,Campaign Negative Phrase,P0,Название конкурента: показывалось по вашим ключам (отчёт по запросам 21–28.09)
TAMPA | Lux Search | tCPA 2026,appliance repair today,Campaign Negative Phrase,P0,Название конкурента: показывалось по вашим ключам (отчёт по запросам 21–28.09)
CHI-CITY | Sub-Zero | tCPA 2026,appliance repair today,Campaign Negative Phrase,P0,Название конкурента: показывалось по вашим ключам (отчёт по запросам 21–28.09)
FL-PANHANDLE | Sub-Zero | tCPA 2026,appliance repair today,Campaign Negative Phrase,P0,Название конкурента: показывалось по вашим ключам (отчёт по запросам 21–28.09)
DESTIN | Lux Search | tCPA 2026,appliance repair today,Campaign Negative Phrase,P0,Название конкурента: показывалось по вашим ключам (отчёт по запросам 21–28.09)
FL-PALM-BEACH | Sub-Zero | tCPA 2026,appliance repair today,Campaign Negative Phrase,P0,Название конкурента: показывалось по вашим ключам (отчёт по запросам 21–28.09)
FL-ORLANDO | Sub-Zero | tCPA 2026,appliance repair today,Campaign Negative Phrase,P0,Название конкурента: показывалось по вашим ключам (отчёт по запросам 21–28.09)
CHI-WEST | Sub-Zero | tCPA 2026,appliance repair today,Campaign Negative Phrase,P0,Название конкурента: показывалось по вашим ключам (отчёт по запросам 21–28.09)
MIAMI | Lux Search | tCPA 2026,appliance repair today,Campaign Negative Phrase,P0,Название конкурента: показывалось по вашим ключам (отчёт по запросам 21–28.09)
FL-MIAMI-DADE | Sub-Zero | tCPA 2026,appliance repair today,Campaign Negative Phrase,P0,Название конкурента: показывалось по вашим ключам (отчёт по запросам 21–28.09)
CHI-NORTHWEST | Sub-Zero | tCPA 2026,appliance repair today,Campaign Negative Phrase,P0,Название конкурента: показывалось по вашим ключам (отчёт по запросам 21–28.09)
CHI-NORTH-SHORE | Sub-Zero | tCPA 2026,appliance repair today,Campaign Negative Phrase,P0,Название конкурента: показывалось по вашим ключам (отчёт по запросам 21–28.09)
CHI-WI-MI | Sub-Zero | tCPA 2026,appliance repair today,Campaign Negative Phrase,P0,Название конкурента: показывалось по вашим ключам (отчёт по запросам 21–28.09)
FL-SARASOTA | Sub-Zero | tCPA 2026,appliance repair today,Campaign Negative Phrase,P0,Название конкурента: показывалось по вашим ключам (отчёт по запросам 21–28.09)
CHI-INDIANA | Sub-Zero | tCPA 2026,appliance repair today,Campaign Negative Phrase,P0,Название конкурента: показывалось по вашим ключам (отчёт по запросам 21–28.09)
CHI-SOUTH | Sub-Zero | tCPA 2026,appliance repair today,Campaign Negative Phrase,P0,Название конкурента: показывалось по вашим ключам (отчёт по запросам 21–28.09)
FL-NAPLES-FORT-MYERS | Sub-Zero | tCPA 2026,appliance repair today,Campaign Negative Phrase,P0,Название конкурента: показывалось по вашим ключам (отчёт по запросам 21–28.09)
FL-PINELLAS | Sub-Zero | tCPA 2026,appliance repair today,Campaign Negative Phrase,P0,Название конкурента: показывалось по вашим ключам (отчёт по запросам 21–28.09)
FL-TAMPA | Sub-Zero | tCPA 2026,appliance repair today,Campaign Negative Phrase,P0,Название конкурента: показывалось по вашим ключам (отчёт по запросам 21–28.09)
CHICAGO | Lux Search | MaxConv 2026,appliance repair today,Campaign Negative Phrase,P0,Название конкурента: показывалось по вашим ключам (отчёт по запросам 21–28.09)
FL-JACKSONVILLE | Sub-Zero | tCPA 2026,appliance repair today,Campaign Negative Phrase,P0,Название конкурента: показывалось по вашим ключам (отчёт по запросам 21–28.09)
FL-NORTH-CENTRAL | Sub-Zero | tCPA 2026,appliance repair today,Campaign Negative Phrase,P0,Название конкурента: показывалось по вашим ключам (отчёт по запросам 21–28.09)
FL-BROWARD | Sub-Zero | tCPA 2026,appliancerepairtoday,Campaign Negative Phrase,P0,Название конкурента: показывалось по вашим ключам (отчёт по запросам 21–28.09)
TAMPA | Lux Search | tCPA 2026,appliancerepairtoday,Campaign Negative Phrase,P0,Название конкурента: показывалось по вашим ключам (отчёт по запросам 21–28.09)
CHI-CITY | Sub-Zero | tCPA 2026,appliancerepairtoday,Campaign Negative Phrase,P0,Название конкурента: показывалось по вашим ключам (отчёт по запросам 21–28.09)
FL-PANHANDLE | Sub-Zero | tCPA 2026,appliancerepairtoday,Campaign Negative Phrase,P0,Название конкурента: показывалось по вашим ключам (отчёт по запросам 21–28.09)
DESTIN | Lux Search | tCPA 2026,appliancerepairtoday,Campaign Negative Phrase,P0,Название конкурента: показывалось по вашим ключам (отчёт по запросам 21–28.09)
FL-PALM-BEACH | Sub-Zero | tCPA 2026,appliancerepairtoday,Campaign Negative Phrase,P0,Название конкурента: показывалось по вашим ключам (отчёт по запросам 21–28.09)
FL-ORLANDO | Sub-Zero | tCPA 2026,appliancerepairtoday,Campaign Negative Phrase,P0,Название конкурента: показывалось по вашим ключам (отчёт по запросам 21–28.09)
CHI-WEST | Sub-Zero | tCPA 2026,appliancerepairtoday,Campaign Negative Phrase,P0,Название конкурента: показывалось по вашим ключам (отчёт по запросам 21–28.09)
MIAMI | Lux Search | tCPA 2026,appliancerepairtoday,Campaign Negative Phrase,P0,Название конкурента: показывалось по вашим ключам (отчёт по запросам 21–28.09)
FL-MIAMI-DADE | Sub-Zero | tCPA 2026,appliancerepairtoday,Campaign Negative Phrase,P0,Название конкурента: показывалось по вашим ключам (отчёт по запросам 21–28.09)
CHI-NORTHWEST | Sub-Zero | tCPA 2026,appliancerepairtoday,Campaign Negative Phrase,P0,Название конкурента: показывалось по вашим ключам (отчёт по запросам 21–28.09)
CHI-NORTH-SHORE | Sub-Zero | tCPA 2026,appliancerepairtoday,Campaign Negative Phrase,P0,Название конкурента: показывалось по вашим ключам (отчёт по запросам 21–28.09)
CHI-WI-MI | Sub-Zero | tCPA 2026,appliancerepairtoday,Campaign Negative Phrase,P0,Название конкурента: показывалось по вашим ключам (отчёт по запросам 21–28.09)
FL-SARASOTA | Sub-Zero | tCPA 2026,appliancerepairtoday,Campaign Negative Phrase,P0,Название конкурента: показывалось по вашим ключам (отчёт по запросам 21–28.09)
CHI-INDIANA | Sub-Zero | tCPA 2026,appliancerepairtoday,Campaign Negative Phrase,P0,Название конкурента: показывалось по вашим ключам (отчёт по запросам 21–28.09)
CHI-SOUTH | Sub-Zero | tCPA 2026,appliancerepairtoday,Campaign Negative Phrase,P0,Название конкурента: показывалось по вашим ключам (отчёт по запросам 21–28.09)
FL-NAPLES-FORT-MYERS | Sub-Zero | tCPA 2026,appliancerepairtoday,Campaign Negative Phrase,P0,Название конкурента: показывалось по вашим ключам (отчёт по запросам 21–28.09)
FL-PINELLAS | Sub-Zero | tCPA 2026,appliancerepairtoday,Campaign Negative Phrase,P0,Название конкурента: показывалось по вашим ключам (отчёт по запросам 21–28.09)
FL-TAMPA | Sub-Zero | tCPA 2026,appliancerepairtoday,Campaign Negative Phrase,P0,Название конкурента: показывалось по вашим ключам (отчёт по запросам 21–28.09)
CHICAGO | Lux Search | MaxConv 2026,appliancerepairtoday,Campaign Negative Phrase,P0,Название конкурента: показывалось по вашим ключам (отчёт по запросам 21–28.09)
FL-JACKSONVILLE | Sub-Zero | tCPA 2026,appliancerepairtoday,Campaign Negative Phrase,P0,Название конкурента: показывалось по вашим ключам (отчёт по запросам 21–28.09)
FL-NORTH-CENTRAL | Sub-Zero | tCPA 2026,appliancerepairtoday,Campaign Negative Phrase,P0,Название конкурента: показывалось по вашим ключам (отчёт по запросам 21–28.09)
FL-BROWARD | Sub-Zero | tCPA 2026,appliance-pros,Campaign Negative Phrase,P0,Название конкурента: показывалось по вашим ключам (отчёт по запросам 21–28.09)
TAMPA | Lux Search | tCPA 2026,appliance-pros,Campaign Negative Phrase,P0,Название конкурента: показывалось по вашим ключам (отчёт по запросам 21–28.09)
CHI-CITY | Sub-Zero | tCPA 2026,appliance-pros,Campaign Negative Phrase,P0,Название конкурента: показывалось по вашим ключам (отчёт по запросам 21–28.09)
FL-PANHANDLE | Sub-Zero | tCPA 2026,appliance-pros,Campaign Negative Phrase,P0,Название конкурента: показывалось по вашим ключам (отчёт по запросам 21–28.09)
DESTIN | Lux Search | tCPA 2026,appliance-pros,Campaign Negative Phrase,P0,Название конкурента: показывалось по вашим ключам (отчёт по запросам 21–28.09)
FL-PALM-BEACH | Sub-Zero | tCPA 2026,appliance-pros,Campaign Negative Phrase,P0,Название конкурента: показывалось по вашим ключам (отчёт по запросам 21–28.09)
FL-ORLANDO | Sub-Zero | tCPA 2026,appliance-pros,Campaign Negative Phrase,P0,Название конкурента: показывалось по вашим ключам (отчёт по запросам 21–28.09)
CHI-WEST | Sub-Zero | tCPA 2026,appliance-pros,Campaign Negative Phrase,P0,Название конкурента: показывалось по вашим ключам (отчёт по запросам 21–28.09)
MIAMI | Lux Search | tCPA 2026,appliance-pros,Campaign Negative Phrase,P0,Название конкурента: показывалось по вашим ключам (отчёт по запросам 21–28.09)
FL-MIAMI-DADE | Sub-Zero | tCPA 2026,appliance-pros,Campaign Negative Phrase,P0,Название конкурента: показывалось по вашим ключам (отчёт по запросам 21–28.09)
CHI-NORTHWEST | Sub-Zero | tCPA 2026,appliance-pros,Campaign Negative Phrase,P0,Название конкурента: показывалось по вашим ключам (отчёт по запросам 21–28.09)
CHI-NORTH-SHORE | Sub-Zero | tCPA 2026,appliance-pros,Campaign Negative Phrase,P0,Название конкурента: показывалось по вашим ключам (отчёт по запросам 21–28.09)
CHI-WI-MI | Sub-Zero | tCPA 2026,appliance-pros,Campaign Negative Phrase,P0,Название конкурента: показывалось по вашим ключам (отчёт по запросам 21–28.09)
FL-SARASOTA | Sub-Zero | tCPA 2026,appliance-pros,Campaign Negative Phrase,P0,Название конкурента: показывалось по вашим ключам (отчёт по запросам 21–28.09)
CHI-INDIANA | Sub-Zero | tCPA 2026,appliance-pros,Campaign Negative Phrase,P0,Название конкурента: показывалось по вашим ключам (отчёт по запросам 21–28.09)
CHI-SOUTH | Sub-Zero | tCPA 2026,appliance-pros,Campaign Negative Phrase,P0,Название конкурента: показывалось по вашим ключам (отчёт по запросам 21–28.09)
FL-NAPLES-FORT-MYERS | Sub-Zero | tCPA 2026,appliance-pros,Campaign Negative Phrase,P0,Название конкурента: показывалось по вашим ключам (отчёт по запросам 21–28.09)
FL-PINELLAS | Sub-Zero | tCPA 2026,appliance-pros,Campaign Negative Phrase,P0,Название конкурента: показывалось по вашим ключам (отчёт по запросам 21–28.09)
FL-TAMPA | Sub-Zero | tCPA 2026,appliance-pros,Campaign Negative Phrase,P0,Название конкурента: показывалось по вашим ключам (отчёт по запросам 21–28.09)
CHICAGO | Lux Search | MaxConv 2026,appliance-pros,Campaign Negative Phrase,P0,Название конкурента: показывалось по вашим ключам (отчёт по запросам 21–28.09)
FL-JACKSONVILLE | Sub-Zero | tCPA 2026,appliance-pros,Campaign Negative Phrase,P0,Название конкурента: показывалось по вашим ключам (отчёт по запросам 21–28.09)
FL-NORTH-CENTRAL | Sub-Zero | tCPA 2026,appliance-pros,Campaign Negative Phrase,P0,Название конкурента: показывалось по вашим ключам (отчёт по запросам 21–28.09)
FL-BROWARD | Sub-Zero | tCPA 2026,sterling service group,Campaign Negative Phrase,P0,Название конкурента: показывалось по вашим ключам (отчёт по запросам 21–28.09)
TAMPA | Lux Search | tCPA 2026,sterling service group,Campaign Negative Phrase,P0,Название конкурента: показывалось по вашим ключам (отчёт по запросам 21–28.09)
CHI-CITY | Sub-Zero | tCPA 2026,sterling service group,Campaign Negative Phrase,P0,Название конкурента: показывалось по вашим ключам (отчёт по запросам 21–28.09)
FL-PANHANDLE | Sub-Zero | tCPA 2026,sterling service group,Campaign Negative Phrase,P0,Название конкурента: показывалось по вашим ключам (отчёт по запросам 21–28.09)
DESTIN | Lux Search | tCPA 2026,sterling service group,Campaign Negative Phrase,P0,Название конкурента: показывалось по вашим ключам (отчёт по запросам 21–28.09)
FL-PALM-BEACH | Sub-Zero | tCPA 2026,sterling service group,Campaign Negative Phrase,P0,Название конкурента: показывалось по вашим ключам (отчёт по запросам 21–28.09)
FL-ORLANDO | Sub-Zero | tCPA 2026,sterling service group,Campaign Negative Phrase,P0,Название конкурента: показывалось по вашим ключам (отчёт по запросам 21–28.09)
CHI-WEST | Sub-Zero | tCPA 2026,sterling service group,Campaign Negative Phrase,P0,Название конкурента: показывалось по вашим ключам (отчёт по запросам 21–28.09)
MIAMI | Lux Search | tCPA 2026,sterling service group,Campaign Negative Phrase,P0,Название конкурента: показывалось по вашим ключам (отчёт по запросам 21–28.09)
FL-MIAMI-DADE | Sub-Zero | tCPA 2026,sterling service group,Campaign Negative Phrase,P0,Название конкурента: показывалось по вашим ключам (отчёт по запросам 21–28.09)
CHI-NORTHWEST | Sub-Zero | tCPA 2026,sterling service group,Campaign Negative Phrase,P0,Название конкурента: показывалось по вашим ключам (отчёт по запросам 21–28.09)
CHI-NORTH-SHORE | Sub-Zero | tCPA 2026,sterling service group,Campaign Negative Phrase,P0,Название конкурента: показывалось по вашим ключам (отчёт по запросам 21–28.09)
CHI-WI-MI | Sub-Zero | tCPA 2026,sterling service group,Campaign Negative Phrase,P0,Название конкурента: показывалось по вашим ключам (отчёт по запросам 21–28.09)
FL-SARASOTA | Sub-Zero | tCPA 2026,sterling service group,Campaign Negative Phrase,P0,Название конкурента: показывалось по вашим ключам (отчёт по запросам 21–28.09)
CHI-INDIANA | Sub-Zero | tCPA 2026,sterling service group,Campaign Negative Phrase,P0,Название конкурента: показывалось по вашим ключам (отчёт по запросам 21–28.09)
CHI-SOUTH | Sub-Zero | tCPA 2026,sterling service group,Campaign Negative Phrase,P0,Название конкурента: показывалось по вашим ключам (отчёт по запросам 21–28.09)
FL-NAPLES-FORT-MYERS | Sub-Zero | tCPA 2026,sterling service group,Campaign Negative Phrase,P0,Название конкурента: показывалось по вашим ключам (отчёт по запросам 21–28.09)
FL-PINELLAS | Sub-Zero | tCPA 2026,sterling service group,Campaign Negative Phrase,P0,Название конкурента: показывалось по вашим ключам (отчёт по запросам 21–28.09)
FL-TAMPA | Sub-Zero | tCPA 2026,sterling service group,Campaign Negative Phrase,P0,Название конкурента: показывалось по вашим ключам (отчёт по запросам 21–28.09)
CHICAGO | Lux Search | MaxConv 2026,sterling service group,Campaign Negative Phrase,P0,Название конкурента: показывалось по вашим ключам (отчёт по запросам 21–28.09)
FL-JACKSONVILLE | Sub-Zero | tCPA 2026,sterling service group,Campaign Negative Phrase,P0,Название конкурента: показывалось по вашим ключам (отчёт по запросам 21–28.09)
FL-NORTH-CENTRAL | Sub-Zero | tCPA 2026,sterling service group,Campaign Negative Phrase,P0,Название конкурента: показывалось по вашим ключам (отчёт по запросам 21–28.09)
FL-BROWARD | Sub-Zero | tCPA 2026,jennair com,Campaign Negative Phrase,P0,"Ищут горячую линию/сайт производителя, а не мастера"
TAMPA | Lux Search | tCPA 2026,jennair com,Campaign Negative Phrase,P0,"Ищут горячую линию/сайт производителя, а не мастера"
CHI-CITY | Sub-Zero | tCPA 2026,jennair com,Campaign Negative Phrase,P0,"Ищут горячую линию/сайт производителя, а не мастера"
FL-PANHANDLE | Sub-Zero | tCPA 2026,jennair com,Campaign Negative Phrase,P0,"Ищут горячую линию/сайт производителя, а не мастера"
DESTIN | Lux Search | tCPA 2026,jennair com,Campaign Negative Phrase,P0,"Ищут горячую линию/сайт производителя, а не мастера"
FL-PALM-BEACH | Sub-Zero | tCPA 2026,jennair com,Campaign Negative Phrase,P0,"Ищут горячую линию/сайт производителя, а не мастера"
FL-ORLANDO | Sub-Zero | tCPA 2026,jennair com,Campaign Negative Phrase,P0,"Ищут горячую линию/сайт производителя, а не мастера"
CHI-WEST | Sub-Zero | tCPA 2026,jennair com,Campaign Negative Phrase,P0,"Ищут горячую линию/сайт производителя, а не мастера"
MIAMI | Lux Search | tCPA 2026,jennair com,Campaign Negative Phrase,P0,"Ищут горячую линию/сайт производителя, а не мастера"
FL-MIAMI-DADE | Sub-Zero | tCPA 2026,jennair com,Campaign Negative Phrase,P0,"Ищут горячую линию/сайт производителя, а не мастера"
CHI-NORTHWEST | Sub-Zero | tCPA 2026,jennair com,Campaign Negative Phrase,P0,"Ищут горячую линию/сайт производителя, а не мастера"
CHI-NORTH-SHORE | Sub-Zero | tCPA 2026,jennair com,Campaign Negative Phrase,P0,"Ищут горячую линию/сайт производителя, а не мастера"
CHI-WI-MI | Sub-Zero | tCPA 2026,jennair com,Campaign Negative Phrase,P0,"Ищут горячую линию/сайт производителя, а не мастера"
FL-SARASOTA | Sub-Zero | tCPA 2026,jennair com,Campaign Negative Phrase,P0,"Ищут горячую линию/сайт производителя, а не мастера"
CHI-INDIANA | Sub-Zero | tCPA 2026,jennair com,Campaign Negative Phrase,P0,"Ищут горячую линию/сайт производителя, а не мастера"
CHI-SOUTH | Sub-Zero | tCPA 2026,jennair com,Campaign Negative Phrase,P0,"Ищут горячую линию/сайт производителя, а не мастера"
FL-NAPLES-FORT-MYERS | Sub-Zero | tCPA 2026,jennair com,Campaign Negative Phrase,P0,"Ищут горячую линию/сайт производителя, а не мастера"
FL-PINELLAS | Sub-Zero | tCPA 2026,jennair com,Campaign Negative Phrase,P0,"Ищут горячую линию/сайт производителя, а не мастера"
FL-TAMPA | Sub-Zero | tCPA 2026,jennair com,Campaign Negative Phrase,P0,"Ищут горячую линию/сайт производителя, а не мастера"
CHICAGO | Lux Search | MaxConv 2026,jennair com,Campaign Negative Phrase,P0,"Ищут горячую линию/сайт производителя, а не мастера"
FL-JACKSONVILLE | Sub-Zero | tCPA 2026,jennair com,Campaign Negative Phrase,P0,"Ищут горячую линию/сайт производителя, а не мастера"
FL-NORTH-CENTRAL | Sub-Zero | tCPA 2026,jennair com,Campaign Negative Phrase,P0,"Ищут горячую линию/сайт производителя, а не мастера"
FL-BROWARD | Sub-Zero | tCPA 2026,jennair.com,Campaign Negative Phrase,P0,"Ищут горячую линию/сайт производителя, а не мастера"
TAMPA | Lux Search | tCPA 2026,jennair.com,Campaign Negative Phrase,P0,"Ищут горячую линию/сайт производителя, а не мастера"
CHI-CITY | Sub-Zero | tCPA 2026,jennair.com,Campaign Negative Phrase,P0,"Ищут горячую линию/сайт производителя, а не мастера"
FL-PANHANDLE | Sub-Zero | tCPA 2026,jennair.com,Campaign Negative Phrase,P0,"Ищут горячую линию/сайт производителя, а не мастера"
DESTIN | Lux Search | tCPA 2026,jennair.com,Campaign Negative Phrase,P0,"Ищут горячую линию/сайт производителя, а не мастера"
FL-PALM-BEACH | Sub-Zero | tCPA 2026,jennair.com,Campaign Negative Phrase,P0,"Ищут горячую линию/сайт производителя, а не мастера"
FL-ORLANDO | Sub-Zero | tCPA 2026,jennair.com,Campaign Negative Phrase,P0,"Ищут горячую линию/сайт производителя, а не мастера"
CHI-WEST | Sub-Zero | tCPA 2026,jennair.com,Campaign Negative Phrase,P0,"Ищут горячую линию/сайт производителя, а не мастера"
MIAMI | Lux Search | tCPA 2026,jennair.com,Campaign Negative Phrase,P0,"Ищут горячую линию/сайт производителя, а не мастера"
FL-MIAMI-DADE | Sub-Zero | tCPA 2026,jennair.com,Campaign Negative Phrase,P0,"Ищут горячую линию/сайт производителя, а не мастера"
CHI-NORTHWEST | Sub-Zero | tCPA 2026,jennair.com,Campaign Negative Phrase,P0,"Ищут горячую линию/сайт производителя, а не мастера"
CHI-NORTH-SHORE | Sub-Zero | tCPA 2026,jennair.com,Campaign Negative Phrase,P0,"Ищут горячую линию/сайт производителя, а не мастера"
CHI-WI-MI | Sub-Zero | tCPA 2026,jennair.com,Campaign Negative Phrase,P0,"Ищут горячую линию/сайт производителя, а не мастера"
FL-SARASOTA | Sub-Zero | tCPA 2026,jennair.com,Campaign Negative Phrase,P0,"Ищут горячую линию/сайт производителя, а не мастера"
CHI-INDIANA | Sub-Zero | tCPA 2026,jennair.com,Campaign Negative Phrase,P0,"Ищут горячую линию/сайт производителя, а не мастера"
CHI-SOUTH | Sub-Zero | tCPA 2026,jennair.com,Campaign Negative Phrase,P0,"Ищут горячую линию/сайт производителя, а не мастера"
FL-NAPLES-FORT-MYERS | Sub-Zero | tCPA 2026,jennair.com,Campaign Negative Phrase,P0,"Ищут горячую линию/сайт производителя, а не мастера"
FL-PINELLAS | Sub-Zero | tCPA 2026,jennair.com,Campaign Negative Phrase,P0,"Ищут горячую линию/сайт производителя, а не мастера"
FL-TAMPA | Sub-Zero | tCPA 2026,jennair.com,Campaign Negative Phrase,P0,"Ищут горячую линию/сайт производителя, а не мастера"
CHICAGO | Lux Search | MaxConv 2026,jennair.com,Campaign Negative Phrase,P0,"Ищут горячую линию/сайт производителя, а не мастера"
FL-JACKSONVILLE | Sub-Zero | tCPA 2026,jennair.com,Campaign Negative Phrase,P0,"Ищут горячую линию/сайт производителя, а не мастера"
FL-NORTH-CENTRAL | Sub-Zero | tCPA 2026,jennair.com,Campaign Negative Phrase,P0,"Ищут горячую линию/сайт производителя, а не мастера"
FL-BROWARD | Sub-Zero | tCPA 2026,thermador com,Campaign Negative Phrase,P0,"Ищут горячую линию/сайт производителя, а не мастера"
TAMPA | Lux Search | tCPA 2026,thermador com,Campaign Negative Phrase,P0,"Ищут горячую линию/сайт производителя, а не мастера"
CHI-CITY | Sub-Zero | tCPA 2026,thermador com,Campaign Negative Phrase,P0,"Ищут горячую линию/сайт производителя, а не мастера"
FL-PANHANDLE | Sub-Zero | tCPA 2026,thermador com,Campaign Negative Phrase,P0,"Ищут горячую линию/сайт производителя, а не мастера"
DESTIN | Lux Search | tCPA 2026,thermador com,Campaign Negative Phrase,P0,"Ищут горячую линию/сайт производителя, а не мастера"
FL-PALM-BEACH | Sub-Zero | tCPA 2026,thermador com,Campaign Negative Phrase,P0,"Ищут горячую линию/сайт производителя, а не мастера"
FL-ORLANDO | Sub-Zero | tCPA 2026,thermador com,Campaign Negative Phrase,P0,"Ищут горячую линию/сайт производителя, а не мастера"
CHI-WEST | Sub-Zero | tCPA 2026,thermador com,Campaign Negative Phrase,P0,"Ищут горячую линию/сайт производителя, а не мастера"
MIAMI | Lux Search | tCPA 2026,thermador com,Campaign Negative Phrase,P0,"Ищут горячую линию/сайт производителя, а не мастера"
FL-MIAMI-DADE | Sub-Zero | tCPA 2026,thermador com,Campaign Negative Phrase,P0,"Ищут горячую линию/сайт производителя, а не мастера"
CHI-NORTHWEST | Sub-Zero | tCPA 2026,thermador com,Campaign Negative Phrase,P0,"Ищут горячую линию/сайт производителя, а не мастера"
CHI-NORTH-SHORE | Sub-Zero | tCPA 2026,thermador com,Campaign Negative Phrase,P0,"Ищут горячую линию/сайт производителя, а не мастера"
CHI-WI-MI | Sub-Zero | tCPA 2026,thermador com,Campaign Negative Phrase,P0,"Ищут горячую линию/сайт производителя, а не мастера"
FL-SARASOTA | Sub-Zero | tCPA 2026,thermador com,Campaign Negative Phrase,P0,"Ищут горячую линию/сайт производителя, а не мастера"
CHI-INDIANA | Sub-Zero | tCPA 2026,thermador com,Campaign Negative Phrase,P0,"Ищут горячую линию/сайт производителя, а не мастера"
CHI-SOUTH | Sub-Zero | tCPA 2026,thermador com,Campaign Negative Phrase,P0,"Ищут горячую линию/сайт производителя, а не мастера"
FL-NAPLES-FORT-MYERS | Sub-Zero | tCPA 2026,thermador com,Campaign Negative Phrase,P0,"Ищут горячую линию/сайт производителя, а не мастера"
FL-PINELLAS | Sub-Zero | tCPA 2026,thermador com,Campaign Negative Phrase,P0,"Ищут горячую линию/сайт производителя, а не мастера"
FL-TAMPA | Sub-Zero | tCPA 2026,thermador com,Campaign Negative Phrase,P0,"Ищут горячую линию/сайт производителя, а не мастера"
CHICAGO | Lux Search | MaxConv 2026,thermador com,Campaign Negative Phrase,P0,"Ищут горячую линию/сайт производителя, а не мастера"
FL-JACKSONVILLE | Sub-Zero | tCPA 2026,thermador com,Campaign Negative Phrase,P0,"Ищут горячую линию/сайт производителя, а не мастера"
FL-NORTH-CENTRAL | Sub-Zero | tCPA 2026,thermador com,Campaign Negative Phrase,P0,"Ищут горячую линию/сайт производителя, а не мастера"
FL-BROWARD | Sub-Zero | tCPA 2026,thermador.com,Campaign Negative Phrase,P0,"Ищут горячую линию/сайт производителя, а не мастера"
TAMPA | Lux Search | tCPA 2026,thermador.com,Campaign Negative Phrase,P0,"Ищут горячую линию/сайт производителя, а не мастера"
CHI-CITY | Sub-Zero | tCPA 2026,thermador.com,Campaign Negative Phrase,P0,"Ищут горячую линию/сайт производителя, а не мастера"
FL-PANHANDLE | Sub-Zero | tCPA 2026,thermador.com,Campaign Negative Phrase,P0,"Ищут горячую линию/сайт производителя, а не мастера"
DESTIN | Lux Search | tCPA 2026,thermador.com,Campaign Negative Phrase,P0,"Ищут горячую линию/сайт производителя, а не мастера"
FL-PALM-BEACH | Sub-Zero | tCPA 2026,thermador.com,Campaign Negative Phrase,P0,"Ищут горячую линию/сайт производителя, а не мастера"
FL-ORLANDO | Sub-Zero | tCPA 2026,thermador.com,Campaign Negative Phrase,P0,"Ищут горячую линию/сайт производителя, а не мастера"
CHI-WEST | Sub-Zero | tCPA 2026,thermador.com,Campaign Negative Phrase,P0,"Ищут горячую линию/сайт производителя, а не мастера"
MIAMI | Lux Search | tCPA 2026,thermador.com,Campaign Negative Phrase,P0,"Ищут горячую линию/сайт производителя, а не мастера"
FL-MIAMI-DADE | Sub-Zero | tCPA 2026,thermador.com,Campaign Negative Phrase,P0,"Ищут горячую линию/сайт производителя, а не мастера"
CHI-NORTHWEST | Sub-Zero | tCPA 2026,thermador.com,Campaign Negative Phrase,P0,"Ищут горячую линию/сайт производителя, а не мастера"
CHI-NORTH-SHORE | Sub-Zero | tCPA 2026,thermador.com,Campaign Negative Phrase,P0,"Ищут горячую линию/сайт производителя, а не мастера"
CHI-WI-MI | Sub-Zero | tCPA 2026,thermador.com,Campaign Negative Phrase,P0,"Ищут горячую линию/сайт производителя, а не мастера"
FL-SARASOTA | Sub-Zero | tCPA 2026,thermador.com,Campaign Negative Phrase,P0,"Ищут горячую линию/сайт производителя, а не мастера"
CHI-INDIANA | Sub-Zero | tCPA 2026,thermador.com,Campaign Negative Phrase,P0,"Ищут горячую линию/сайт производителя, а не мастера"
CHI-SOUTH | Sub-Zero | tCPA 2026,thermador.com,Campaign Negative Phrase,P0,"Ищут горячую линию/сайт производителя, а не мастера"
FL-NAPLES-FORT-MYERS | Sub-Zero | tCPA 2026,thermador.com,Campaign Negative Phrase,P0,"Ищут горячую линию/сайт производителя, а не мастера"
FL-PINELLAS | Sub-Zero | tCPA 2026,thermador.com,Campaign Negative Phrase,P0,"Ищут горячую линию/сайт производителя, а не мастера"
FL-TAMPA | Sub-Zero | tCPA 2026,thermador.com,Campaign Negative Phrase,P0,"Ищут горячую линию/сайт производителя, а не мастера"
CHICAGO | Lux Search | MaxConv 2026,thermador.com,Campaign Negative Phrase,P0,"Ищут горячую линию/сайт производителя, а не мастера"
FL-JACKSONVILLE | Sub-Zero | tCPA 2026,thermador.com,Campaign Negative Phrase,P0,"Ищут горячую линию/сайт производителя, а не мастера"
FL-NORTH-CENTRAL | Sub-Zero | tCPA 2026,thermador.com,Campaign Negative Phrase,P0,"Ищут горячую линию/сайт производителя, а не мастера"
FL-BROWARD | Sub-Zero | tCPA 2026,miele com,Campaign Negative Phrase,P0,"Ищут горячую линию/сайт производителя, а не мастера"
TAMPA | Lux Search | tCPA 2026,miele com,Campaign Negative Phrase,P0,"Ищут горячую линию/сайт производителя, а не мастера"
CHI-CITY | Sub-Zero | tCPA 2026,miele com,Campaign Negative Phrase,P0,"Ищут горячую линию/сайт производителя, а не мастера"
FL-PANHANDLE | Sub-Zero | tCPA 2026,miele com,Campaign Negative Phrase,P0,"Ищут горячую линию/сайт производителя, а не мастера"
DESTIN | Lux Search | tCPA 2026,miele com,Campaign Negative Phrase,P0,"Ищут горячую линию/сайт производителя, а не мастера"
FL-PALM-BEACH | Sub-Zero | tCPA 2026,miele com,Campaign Negative Phrase,P0,"Ищут горячую линию/сайт производителя, а не мастера"
FL-ORLANDO | Sub-Zero | tCPA 2026,miele com,Campaign Negative Phrase,P0,"Ищут горячую линию/сайт производителя, а не мастера"
CHI-WEST | Sub-Zero | tCPA 2026,miele com,Campaign Negative Phrase,P0,"Ищут горячую линию/сайт производителя, а не мастера"
MIAMI | Lux Search | tCPA 2026,miele com,Campaign Negative Phrase,P0,"Ищут горячую линию/сайт производителя, а не мастера"
FL-MIAMI-DADE | Sub-Zero | tCPA 2026,miele com,Campaign Negative Phrase,P0,"Ищут горячую линию/сайт производителя, а не мастера"
CHI-NORTHWEST | Sub-Zero | tCPA 2026,miele com,Campaign Negative Phrase,P0,"Ищут горячую линию/сайт производителя, а не мастера"
CHI-NORTH-SHORE | Sub-Zero | tCPA 2026,miele com,Campaign Negative Phrase,P0,"Ищут горячую линию/сайт производителя, а не мастера"
CHI-WI-MI | Sub-Zero | tCPA 2026,miele com,Campaign Negative Phrase,P0,"Ищут горячую линию/сайт производителя, а не мастера"
FL-SARASOTA | Sub-Zero | tCPA 2026,miele com,Campaign Negative Phrase,P0,"Ищут горячую линию/сайт производителя, а не мастера"
CHI-INDIANA | Sub-Zero | tCPA 2026,miele com,Campaign Negative Phrase,P0,"Ищут горячую линию/сайт производителя, а не мастера"
CHI-SOUTH | Sub-Zero | tCPA 2026,miele com,Campaign Negative Phrase,P0,"Ищут горячую линию/сайт производителя, а не мастера"
FL-NAPLES-FORT-MYERS | Sub-Zero | tCPA 2026,miele com,Campaign Negative Phrase,P0,"Ищут горячую линию/сайт производителя, а не мастера"
FL-PINELLAS | Sub-Zero | tCPA 2026,miele com,Campaign Negative Phrase,P0,"Ищут горячую линию/сайт производителя, а не мастера"
FL-TAMPA | Sub-Zero | tCPA 2026,miele com,Campaign Negative Phrase,P0,"Ищут горячую линию/сайт производителя, а не мастера"
CHICAGO | Lux Search | MaxConv 2026,miele com,Campaign Negative Phrase,P0,"Ищут горячую линию/сайт производителя, а не мастера"
FL-JACKSONVILLE | Sub-Zero | tCPA 2026,miele com,Campaign Negative Phrase,P0,"Ищут горячую линию/сайт производителя, а не мастера"
FL-NORTH-CENTRAL | Sub-Zero | tCPA 2026,miele com,Campaign Negative Phrase,P0,"Ищут горячую линию/сайт производителя, а не мастера"
FL-BROWARD | Sub-Zero | tCPA 2026,miele.com,Campaign Negative Phrase,P0,"Ищут горячую линию/сайт производителя, а не мастера"
TAMPA | Lux Search | tCPA 2026,miele.com,Campaign Negative Phrase,P0,"Ищут горячую линию/сайт производителя, а не мастера"
CHI-CITY | Sub-Zero | tCPA 2026,miele.com,Campaign Negative Phrase,P0,"Ищут горячую линию/сайт производителя, а не мастера"
FL-PANHANDLE | Sub-Zero | tCPA 2026,miele.com,Campaign Negative Phrase,P0,"Ищут горячую линию/сайт производителя, а не мастера"
DESTIN | Lux Search | tCPA 2026,miele.com,Campaign Negative Phrase,P0,"Ищут горячую линию/сайт производителя, а не мастера"
FL-PALM-BEACH | Sub-Zero | tCPA 2026,miele.com,Campaign Negative Phrase,P0,"Ищут горячую линию/сайт производителя, а не мастера"
FL-ORLANDO | Sub-Zero | tCPA 2026,miele.com,Campaign Negative Phrase,P0,"Ищут горячую линию/сайт производителя, а не мастера"
CHI-WEST | Sub-Zero | tCPA 2026,miele.com,Campaign Negative Phrase,P0,"Ищут горячую линию/сайт производителя, а не мастера"
MIAMI | Lux Search | tCPA 2026,miele.com,Campaign Negative Phrase,P0,"Ищут горячую линию/сайт производителя, а не мастера"
FL-MIAMI-DADE | Sub-Zero | tCPA 2026,miele.com,Campaign Negative Phrase,P0,"Ищут горячую линию/сайт производителя, а не мастера"
CHI-NORTHWEST | Sub-Zero | tCPA 2026,miele.com,Campaign Negative Phrase,P0,"Ищут горячую линию/сайт производителя, а не мастера"
CHI-NORTH-SHORE | Sub-Zero | tCPA 2026,miele.com,Campaign Negative Phrase,P0,"Ищут горячую линию/сайт производителя, а не мастера"
CHI-WI-MI | Sub-Zero | tCPA 2026,miele.com,Campaign Negative Phrase,P0,"Ищут горячую линию/сайт производителя, а не мастера"
FL-SARASOTA | Sub-Zero | tCPA 2026,miele.com,Campaign Negative Phrase,P0,"Ищут горячую линию/сайт производителя, а не мастера"
CHI-INDIANA | Sub-Zero | tCPA 2026,miele.com,Campaign Negative Phrase,P0,"Ищут горячую линию/сайт производителя, а не мастера"
CHI-SOUTH | Sub-Zero | tCPA 2026,miele.com,Campaign Negative Phrase,P0,"Ищут горячую линию/сайт производителя, а не мастера"
FL-NAPLES-FORT-MYERS | Sub-Zero | tCPA 2026,miele.com,Campaign Negative Phrase,P0,"Ищут горячую линию/сайт производителя, а не мастера"
FL-PINELLAS | Sub-Zero | tCPA 2026,miele.com,Campaign Negative Phrase,P0,"Ищут горячую линию/сайт производителя, а не мастера"
FL-TAMPA | Sub-Zero | tCPA 2026,miele.com,Campaign Negative Phrase,P0,"Ищут горячую линию/сайт производителя, а не мастера"
CHICAGO | Lux Search | MaxConv 2026,miele.com,Campaign Negative Phrase,P0,"Ищут горячую линию/сайт производителя, а не мастера"
FL-JACKSONVILLE | Sub-Zero | tCPA 2026,miele.com,Campaign Negative Phrase,P0,"Ищут горячую линию/сайт производителя, а не мастера"
FL-NORTH-CENTRAL | Sub-Zero | tCPA 2026,miele.com,Campaign Negative Phrase,P0,"Ищут горячую линию/сайт производителя, а не мастера"
FL-BROWARD | Sub-Zero | tCPA 2026,wolf com,Campaign Negative Phrase,P0,"Ищут горячую линию/сайт производителя, а не мастера"
TAMPA | Lux Search | tCPA 2026,wolf com,Campaign Negative Phrase,P0,"Ищут горячую линию/сайт производителя, а не мастера"
CHI-CITY | Sub-Zero | tCPA 2026,wolf com,Campaign Negative Phrase,P0,"Ищут горячую линию/сайт производителя, а не мастера"
FL-PANHANDLE | Sub-Zero | tCPA 2026,wolf com,Campaign Negative Phrase,P0,"Ищут горячую линию/сайт производителя, а не мастера"
DESTIN | Lux Search | tCPA 2026,wolf com,Campaign Negative Phrase,P0,"Ищут горячую линию/сайт производителя, а не мастера"
FL-PALM-BEACH | Sub-Zero | tCPA 2026,wolf com,Campaign Negative Phrase,P0,"Ищут горячую линию/сайт производителя, а не мастера"
FL-ORLANDO | Sub-Zero | tCPA 2026,wolf com,Campaign Negative Phrase,P0,"Ищут горячую линию/сайт производителя, а не мастера"
CHI-WEST | Sub-Zero | tCPA 2026,wolf com,Campaign Negative Phrase,P0,"Ищут горячую линию/сайт производителя, а не мастера"
MIAMI | Lux Search | tCPA 2026,wolf com,Campaign Negative Phrase,P0,"Ищут горячую линию/сайт производителя, а не мастера"
FL-MIAMI-DADE | Sub-Zero | tCPA 2026,wolf com,Campaign Negative Phrase,P0,"Ищут горячую линию/сайт производителя, а не мастера"
CHI-NORTHWEST | Sub-Zero | tCPA 2026,wolf com,Campaign Negative Phrase,P0,"Ищут горячую линию/сайт производителя, а не мастера"
CHI-NORTH-SHORE | Sub-Zero | tCPA 2026,wolf com,Campaign Negative Phrase,P0,"Ищут горячую линию/сайт производителя, а не мастера"
CHI-WI-MI | Sub-Zero | tCPA 2026,wolf com,Campaign Negative Phrase,P0,"Ищут горячую линию/сайт производителя, а не мастера"
FL-SARASOTA | Sub-Zero | tCPA 2026,wolf com,Campaign Negative Phrase,P0,"Ищут горячую линию/сайт производителя, а не мастера"
CHI-INDIANA | Sub-Zero | tCPA 2026,wolf com,Campaign Negative Phrase,P0,"Ищут горячую линию/сайт производителя, а не мастера"
CHI-SOUTH | Sub-Zero | tCPA 2026,wolf com,Campaign Negative Phrase,P0,"Ищут горячую линию/сайт производителя, а не мастера"
FL-NAPLES-FORT-MYERS | Sub-Zero | tCPA 2026,wolf com,Campaign Negative Phrase,P0,"Ищут горячую линию/сайт производителя, а не мастера"
FL-PINELLAS | Sub-Zero | tCPA 2026,wolf com,Campaign Negative Phrase,P0,"Ищут горячую линию/сайт производителя, а не мастера"
FL-TAMPA | Sub-Zero | tCPA 2026,wolf com,Campaign Negative Phrase,P0,"Ищут горячую линию/сайт производителя, а не мастера"
CHICAGO | Lux Search | MaxConv 2026,wolf com,Campaign Negative Phrase,P0,"Ищут горячую линию/сайт производителя, а не мастера"
FL-JACKSONVILLE | Sub-Zero | tCPA 2026,wolf com,Campaign Negative Phrase,P0,"Ищут горячую линию/сайт производителя, а не мастера"
FL-NORTH-CENTRAL | Sub-Zero | tCPA 2026,wolf com,Campaign Negative Phrase,P0,"Ищут горячую линию/сайт производителя, а не мастера"
FL-BROWARD | Sub-Zero | tCPA 2026,subzero-wolf.com,Campaign Negative Phrase,P0,"Ищут горячую линию/сайт производителя, а не мастера"
TAMPA | Lux Search | tCPA 2026,subzero-wolf.com,Campaign Negative Phrase,P0,"Ищут горячую линию/сайт производителя, а не мастера"
CHI-CITY | Sub-Zero | tCPA 2026,subzero-wolf.com,Campaign Negative Phrase,P0,"Ищут горячую линию/сайт производителя, а не мастера"
FL-PANHANDLE | Sub-Zero | tCPA 2026,subzero-wolf.com,Campaign Negative Phrase,P0,"Ищут горячую линию/сайт производителя, а не мастера"
DESTIN | Lux Search | tCPA 2026,subzero-wolf.com,Campaign Negative Phrase,P0,"Ищут горячую линию/сайт производителя, а не мастера"
FL-PALM-BEACH | Sub-Zero | tCPA 2026,subzero-wolf.com,Campaign Negative Phrase,P0,"Ищут горячую линию/сайт производителя, а не мастера"
FL-ORLANDO | Sub-Zero | tCPA 2026,subzero-wolf.com,Campaign Negative Phrase,P0,"Ищут горячую линию/сайт производителя, а не мастера"
CHI-WEST | Sub-Zero | tCPA 2026,subzero-wolf.com,Campaign Negative Phrase,P0,"Ищут горячую линию/сайт производителя, а не мастера"
MIAMI | Lux Search | tCPA 2026,subzero-wolf.com,Campaign Negative Phrase,P0,"Ищут горячую линию/сайт производителя, а не мастера"
FL-MIAMI-DADE | Sub-Zero | tCPA 2026,subzero-wolf.com,Campaign Negative Phrase,P0,"Ищут горячую линию/сайт производителя, а не мастера"
CHI-NORTHWEST | Sub-Zero | tCPA 2026,subzero-wolf.com,Campaign Negative Phrase,P0,"Ищут горячую линию/сайт производителя, а не мастера"
CHI-NORTH-SHORE | Sub-Zero | tCPA 2026,subzero-wolf.com,Campaign Negative Phrase,P0,"Ищут горячую линию/сайт производителя, а не мастера"
CHI-WI-MI | Sub-Zero | tCPA 2026,subzero-wolf.com,Campaign Negative Phrase,P0,"Ищут горячую линию/сайт производителя, а не мастера"
FL-SARASOTA | Sub-Zero | tCPA 2026,subzero-wolf.com,Campaign Negative Phrase,P0,"Ищут горячую линию/сайт производителя, а не мастера"
CHI-INDIANA | Sub-Zero | tCPA 2026,subzero-wolf.com,Campaign Negative Phrase,P0,"Ищут горячую линию/сайт производителя, а не мастера"
CHI-SOUTH | Sub-Zero | tCPA 2026,subzero-wolf.com,Campaign Negative Phrase,P0,"Ищут горячую линию/сайт производителя, а не мастера"
FL-NAPLES-FORT-MYERS | Sub-Zero | tCPA 2026,subzero-wolf.com,Campaign Negative Phrase,P0,"Ищут горячую линию/сайт производителя, а не мастера"
FL-PINELLAS | Sub-Zero | tCPA 2026,subzero-wolf.com,Campaign Negative Phrase,P0,"Ищут горячую линию/сайт производителя, а не мастера"
FL-TAMPA | Sub-Zero | tCPA 2026,subzero-wolf.com,Campaign Negative Phrase,P0,"Ищут горячую линию/сайт производителя, а не мастера"
CHICAGO | Lux Search | MaxConv 2026,subzero-wolf.com,Campaign Negative Phrase,P0,"Ищут горячую линию/сайт производителя, а не мастера"
FL-JACKSONVILLE | Sub-Zero | tCPA 2026,subzero-wolf.com,Campaign Negative Phrase,P0,"Ищут горячую линию/сайт производителя, а не мастера"
FL-NORTH-CENTRAL | Sub-Zero | tCPA 2026,subzero-wolf.com,Campaign Negative Phrase,P0,"Ищут горячую линию/сайт производителя, а не мастера"
FL-BROWARD | Sub-Zero | tCPA 2026,service number,Campaign Negative Phrase,P0,"Ищут горячую линию/сайт производителя, а не мастера"
TAMPA | Lux Search | tCPA 2026,service number,Campaign Negative Phrase,P0,"Ищут горячую линию/сайт производителя, а не мастера"
CHI-CITY | Sub-Zero | tCPA 2026,service number,Campaign Negative Phrase,P0,"Ищут горячую линию/сайт производителя, а не мастера"
FL-PANHANDLE | Sub-Zero | tCPA 2026,service number,Campaign Negative Phrase,P0,"Ищут горячую линию/сайт производителя, а не мастера"
DESTIN | Lux Search | tCPA 2026,service number,Campaign Negative Phrase,P0,"Ищут горячую линию/сайт производителя, а не мастера"
FL-PALM-BEACH | Sub-Zero | tCPA 2026,service number,Campaign Negative Phrase,P0,"Ищут горячую линию/сайт производителя, а не мастера"
FL-ORLANDO | Sub-Zero | tCPA 2026,service number,Campaign Negative Phrase,P0,"Ищут горячую линию/сайт производителя, а не мастера"
CHI-WEST | Sub-Zero | tCPA 2026,service number,Campaign Negative Phrase,P0,"Ищут горячую линию/сайт производителя, а не мастера"
MIAMI | Lux Search | tCPA 2026,service number,Campaign Negative Phrase,P0,"Ищут горячую линию/сайт производителя, а не мастера"
FL-MIAMI-DADE | Sub-Zero | tCPA 2026,service number,Campaign Negative Phrase,P0,"Ищут горячую линию/сайт производителя, а не мастера"
CHI-NORTHWEST | Sub-Zero | tCPA 2026,service number,Campaign Negative Phrase,P0,"Ищут горячую линию/сайт производителя, а не мастера"
CHI-NORTH-SHORE | Sub-Zero | tCPA 2026,service number,Campaign Negative Phrase,P0,"Ищут горячую линию/сайт производителя, а не мастера"
CHI-WI-MI | Sub-Zero | tCPA 2026,service number,Campaign Negative Phrase,P0,"Ищут горячую линию/сайт производителя, а не мастера"
FL-SARASOTA | Sub-Zero | tCPA 2026,service number,Campaign Negative Phrase,P0,"Ищут горячую линию/сайт производителя, а не мастера"
CHI-INDIANA | Sub-Zero | tCPA 2026,service number,Campaign Negative Phrase,P0,"Ищут горячую линию/сайт производителя, а не мастера"
CHI-SOUTH | Sub-Zero | tCPA 2026,service number,Campaign Negative Phrase,P0,"Ищут горячую линию/сайт производителя, а не мастера"
FL-NAPLES-FORT-MYERS | Sub-Zero | tCPA 2026,service number,Campaign Negative Phrase,P0,"Ищут горячую линию/сайт производителя, а не мастера"
FL-PINELLAS | Sub-Zero | tCPA 2026,service number,Campaign Negative Phrase,P0,"Ищут горячую линию/сайт производителя, а не мастера"
FL-TAMPA | Sub-Zero | tCPA 2026,service number,Campaign Negative Phrase,P0,"Ищут горячую линию/сайт производителя, а не мастера"
CHICAGO | Lux Search | MaxConv 2026,service number,Campaign Negative Phrase,P0,"Ищут горячую линию/сайт производителя, а не мастера"
FL-JACKSONVILLE | Sub-Zero | tCPA 2026,service number,Campaign Negative Phrase,P0,"Ищут горячую линию/сайт производителя, а не мастера"
FL-NORTH-CENTRAL | Sub-Zero | tCPA 2026,service number,Campaign Negative Phrase,P0,"Ищут горячую линию/сайт производителя, а не мастера"
FL-BROWARD | Sub-Zero | tCPA 2026,customer service number,Campaign Negative Phrase,P0,"Ищут горячую линию/сайт производителя, а не мастера"
TAMPA | Lux Search | tCPA 2026,customer service number,Campaign Negative Phrase,P0,"Ищут горячую линию/сайт производителя, а не мастера"
CHI-CITY | Sub-Zero | tCPA 2026,customer service number,Campaign Negative Phrase,P0,"Ищут горячую линию/сайт производителя, а не мастера"
FL-PANHANDLE | Sub-Zero | tCPA 2026,customer service number,Campaign Negative Phrase,P0,"Ищут горячую линию/сайт производителя, а не мастера"
DESTIN | Lux Search | tCPA 2026,customer service number,Campaign Negative Phrase,P0,"Ищут горячую линию/сайт производителя, а не мастера"
FL-PALM-BEACH | Sub-Zero | tCPA 2026,customer service number,Campaign Negative Phrase,P0,"Ищут горячую линию/сайт производителя, а не мастера"
FL-ORLANDO | Sub-Zero | tCPA 2026,customer service number,Campaign Negative Phrase,P0,"Ищут горячую линию/сайт производителя, а не мастера"
CHI-WEST | Sub-Zero | tCPA 2026,customer service number,Campaign Negative Phrase,P0,"Ищут горячую линию/сайт производителя, а не мастера"
MIAMI | Lux Search | tCPA 2026,customer service number,Campaign Negative Phrase,P0,"Ищут горячую линию/сайт производителя, а не мастера"
FL-MIAMI-DADE | Sub-Zero | tCPA 2026,customer service number,Campaign Negative Phrase,P0,"Ищут горячую линию/сайт производителя, а не мастера"
CHI-NORTHWEST | Sub-Zero | tCPA 2026,customer service number,Campaign Negative Phrase,P0,"Ищут горячую линию/сайт производителя, а не мастера"
CHI-NORTH-SHORE | Sub-Zero | tCPA 2026,customer service number,Campaign Negative Phrase,P0,"Ищут горячую линию/сайт производителя, а не мастера"
CHI-WI-MI | Sub-Zero | tCPA 2026,customer service number,Campaign Negative Phrase,P0,"Ищут горячую линию/сайт производителя, а не мастера"
FL-SARASOTA | Sub-Zero | tCPA 2026,customer service number,Campaign Negative Phrase,P0,"Ищут горячую линию/сайт производителя, а не мастера"
CHI-INDIANA | Sub-Zero | tCPA 2026,customer service number,Campaign Negative Phrase,P0,"Ищут горячую линию/сайт производителя, а не мастера"
CHI-SOUTH | Sub-Zero | tCPA 2026,customer service number,Campaign Negative Phrase,P0,"Ищут горячую линию/сайт производителя, а не мастера"
FL-NAPLES-FORT-MYERS | Sub-Zero | tCPA 2026,customer service number,Campaign Negative Phrase,P0,"Ищут горячую линию/сайт производителя, а не мастера"
FL-PINELLAS | Sub-Zero | tCPA 2026,customer service number,Campaign Negative Phrase,P0,"Ищут горячую линию/сайт производителя, а не мастера"
FL-TAMPA | Sub-Zero | tCPA 2026,customer service number,Campaign Negative Phrase,P0,"Ищут горячую линию/сайт производителя, а не мастера"
CHICAGO | Lux Search | MaxConv 2026,customer service number,Campaign Negative Phrase,P0,"Ищут горячую линию/сайт производителя, а не мастера"
FL-JACKSONVILLE | Sub-Zero | tCPA 2026,customer service number,Campaign Negative Phrase,P0,"Ищут горячую линию/сайт производителя, а не мастера"
FL-NORTH-CENTRAL | Sub-Zero | tCPA 2026,customer service number,Campaign Negative Phrase,P0,"Ищут горячую линию/сайт производителя, а не мастера"
FL-BROWARD | Sub-Zero | tCPA 2026,1 800,Campaign Negative Phrase,P0,"Ищут горячую линию/сайт производителя, а не мастера"
TAMPA | Lux Search | tCPA 2026,1 800,Campaign Negative Phrase,P0,"Ищут горячую линию/сайт производителя, а не мастера"
CHI-CITY | Sub-Zero | tCPA 2026,1 800,Campaign Negative Phrase,P0,"Ищут горячую линию/сайт производителя, а не мастера"
FL-PANHANDLE | Sub-Zero | tCPA 2026,1 800,Campaign Negative Phrase,P0,"Ищут горячую линию/сайт производителя, а не мастера"
DESTIN | Lux Search | tCPA 2026,1 800,Campaign Negative Phrase,P0,"Ищут горячую линию/сайт производителя, а не мастера"
FL-PALM-BEACH | Sub-Zero | tCPA 2026,1 800,Campaign Negative Phrase,P0,"Ищут горячую линию/сайт производителя, а не мастера"
FL-ORLANDO | Sub-Zero | tCPA 2026,1 800,Campaign Negative Phrase,P0,"Ищут горячую линию/сайт производителя, а не мастера"
CHI-WEST | Sub-Zero | tCPA 2026,1 800,Campaign Negative Phrase,P0,"Ищут горячую линию/сайт производителя, а не мастера"
MIAMI | Lux Search | tCPA 2026,1 800,Campaign Negative Phrase,P0,"Ищут горячую линию/сайт производителя, а не мастера"
FL-MIAMI-DADE | Sub-Zero | tCPA 2026,1 800,Campaign Negative Phrase,P0,"Ищут горячую линию/сайт производителя, а не мастера"
CHI-NORTHWEST | Sub-Zero | tCPA 2026,1 800,Campaign Negative Phrase,P0,"Ищут горячую линию/сайт производителя, а не мастера"
CHI-NORTH-SHORE | Sub-Zero | tCPA 2026,1 800,Campaign Negative Phrase,P0,"Ищут горячую линию/сайт производителя, а не мастера"
CHI-WI-MI | Sub-Zero | tCPA 2026,1 800,Campaign Negative Phrase,P0,"Ищут горячую линию/сайт производителя, а не мастера"
FL-SARASOTA | Sub-Zero | tCPA 2026,1 800,Campaign Negative Phrase,P0,"Ищут горячую линию/сайт производителя, а не мастера"
CHI-INDIANA | Sub-Zero | tCPA 2026,1 800,Campaign Negative Phrase,P0,"Ищут горячую линию/сайт производителя, а не мастера"
CHI-SOUTH | Sub-Zero | tCPA 2026,1 800,Campaign Negative Phrase,P0,"Ищут горячую линию/сайт производителя, а не мастера"
FL-NAPLES-FORT-MYERS | Sub-Zero | tCPA 2026,1 800,Campaign Negative Phrase,P0,"Ищут горячую линию/сайт производителя, а не мастера"
FL-PINELLAS | Sub-Zero | tCPA 2026,1 800,Campaign Negative Phrase,P0,"Ищут горячую линию/сайт производителя, а не мастера"
FL-TAMPA | Sub-Zero | tCPA 2026,1 800,Campaign Negative Phrase,P0,"Ищут горячую линию/сайт производителя, а не мастера"
CHICAGO | Lux Search | MaxConv 2026,1 800,Campaign Negative Phrase,P0,"Ищут горячую линию/сайт производителя, а не мастера"
FL-JACKSONVILLE | Sub-Zero | tCPA 2026,1 800,Campaign Negative Phrase,P0,"Ищут горячую линию/сайт производителя, а не мастера"
FL-NORTH-CENTRAL | Sub-Zero | tCPA 2026,1 800,Campaign Negative Phrase,P0,"Ищут горячую линию/сайт производителя, а не мастера"
FL-BROWARD | Sub-Zero | tCPA 2026,1-800,Campaign Negative Phrase,P0,"Ищут горячую линию/сайт производителя, а не мастера"
TAMPA | Lux Search | tCPA 2026,1-800,Campaign Negative Phrase,P0,"Ищут горячую линию/сайт производителя, а не мастера"
CHI-CITY | Sub-Zero | tCPA 2026,1-800,Campaign Negative Phrase,P0,"Ищут горячую линию/сайт производителя, а не мастера"
FL-PANHANDLE | Sub-Zero | tCPA 2026,1-800,Campaign Negative Phrase,P0,"Ищут горячую линию/сайт производителя, а не мастера"
DESTIN | Lux Search | tCPA 2026,1-800,Campaign Negative Phrase,P0,"Ищут горячую линию/сайт производителя, а не мастера"
FL-PALM-BEACH | Sub-Zero | tCPA 2026,1-800,Campaign Negative Phrase,P0,"Ищут горячую линию/сайт производителя, а не мастера"
FL-ORLANDO | Sub-Zero | tCPA 2026,1-800,Campaign Negative Phrase,P0,"Ищут горячую линию/сайт производителя, а не мастера"
CHI-WEST | Sub-Zero | tCPA 2026,1-800,Campaign Negative Phrase,P0,"Ищут горячую линию/сайт производителя, а не мастера"
MIAMI | Lux Search | tCPA 2026,1-800,Campaign Negative Phrase,P0,"Ищут горячую линию/сайт производителя, а не мастера"
FL-MIAMI-DADE | Sub-Zero | tCPA 2026,1-800,Campaign Negative Phrase,P0,"Ищут горячую линию/сайт производителя, а не мастера"
CHI-NORTHWEST | Sub-Zero | tCPA 2026,1-800,Campaign Negative Phrase,P0,"Ищут горячую линию/сайт производителя, а не мастера"
CHI-NORTH-SHORE | Sub-Zero | tCPA 2026,1-800,Campaign Negative Phrase,P0,"Ищут горячую линию/сайт производителя, а не мастера"
CHI-WI-MI | Sub-Zero | tCPA 2026,1-800,Campaign Negative Phrase,P0,"Ищут горячую линию/сайт производителя, а не мастера"
FL-SARASOTA | Sub-Zero | tCPA 2026,1-800,Campaign Negative Phrase,P0,"Ищут горячую линию/сайт производителя, а не мастера"
CHI-INDIANA | Sub-Zero | tCPA 2026,1-800,Campaign Negative Phrase,P0,"Ищут горячую линию/сайт производителя, а не мастера"
CHI-SOUTH | Sub-Zero | tCPA 2026,1-800,Campaign Negative Phrase,P0,"Ищут горячую линию/сайт производителя, а не мастера"
FL-NAPLES-FORT-MYERS | Sub-Zero | tCPA 2026,1-800,Campaign Negative Phrase,P0,"Ищут горячую линию/сайт производителя, а не мастера"
FL-PINELLAS | Sub-Zero | tCPA 2026,1-800,Campaign Negative Phrase,P0,"Ищут горячую линию/сайт производителя, а не мастера"
FL-TAMPA | Sub-Zero | tCPA 2026,1-800,Campaign Negative Phrase,P0,"Ищут горячую линию/сайт производителя, а не мастера"
CHICAGO | Lux Search | MaxConv 2026,1-800,Campaign Negative Phrase,P0,"Ищут горячую линию/сайт производителя, а не мастера"
FL-JACKSONVILLE | Sub-Zero | tCPA 2026,1-800,Campaign Negative Phrase,P0,"Ищут горячую линию/сайт производителя, а не мастера"
FL-NORTH-CENTRAL | Sub-Zero | tCPA 2026,1-800,Campaign Negative Phrase,P0,"Ищут горячую линию/сайт производителя, а не мастера"
FL-BROWARD | Sub-Zero | tCPA 2026,warranty phone,Campaign Negative Phrase,P0,"Ищут горячую линию/сайт производителя, а не мастера"
TAMPA | Lux Search | tCPA 2026,warranty phone,Campaign Negative Phrase,P0,"Ищут горячую линию/сайт производителя, а не мастера"
CHI-CITY | Sub-Zero | tCPA 2026,warranty phone,Campaign Negative Phrase,P0,"Ищут горячую линию/сайт производителя, а не мастера"
FL-PANHANDLE | Sub-Zero | tCPA 2026,warranty phone,Campaign Negative Phrase,P0,"Ищут горячую линию/сайт производителя, а не мастера"
DESTIN | Lux Search | tCPA 2026,warranty phone,Campaign Negative Phrase,P0,"Ищут горячую линию/сайт производителя, а не мастера"
FL-PALM-BEACH | Sub-Zero | tCPA 2026,warranty phone,Campaign Negative Phrase,P0,"Ищут горячую линию/сайт производителя, а не мастера"
FL-ORLANDO | Sub-Zero | tCPA 2026,warranty phone,Campaign Negative Phrase,P0,"Ищут горячую линию/сайт производителя, а не мастера"
CHI-WEST | Sub-Zero | tCPA 2026,warranty phone,Campaign Negative Phrase,P0,"Ищут горячую линию/сайт производителя, а не мастера"
MIAMI | Lux Search | tCPA 2026,warranty phone,Campaign Negative Phrase,P0,"Ищут горячую линию/сайт производителя, а не мастера"
FL-MIAMI-DADE | Sub-Zero | tCPA 2026,warranty phone,Campaign Negative Phrase,P0,"Ищут горячую линию/сайт производителя, а не мастера"
CHI-NORTHWEST | Sub-Zero | tCPA 2026,warranty phone,Campaign Negative Phrase,P0,"Ищут горячую линию/сайт производителя, а не мастера"
CHI-NORTH-SHORE | Sub-Zero | tCPA 2026,warranty phone,Campaign Negative Phrase,P0,"Ищут горячую линию/сайт производителя, а не мастера"
CHI-WI-MI | Sub-Zero | tCPA 2026,warranty phone,Campaign Negative Phrase,P0,"Ищут горячую линию/сайт производителя, а не мастера"
FL-SARASOTA | Sub-Zero | tCPA 2026,warranty phone,Campaign Negative Phrase,P0,"Ищут горячую линию/сайт производителя, а не мастера"
CHI-INDIANA | Sub-Zero | tCPA 2026,warranty phone,Campaign Negative Phrase,P0,"Ищут горячую линию/сайт производителя, а не мастера"
CHI-SOUTH | Sub-Zero | tCPA 2026,warranty phone,Campaign Negative Phrase,P0,"Ищут горячую линию/сайт производителя, а не мастера"
FL-NAPLES-FORT-MYERS | Sub-Zero | tCPA 2026,warranty phone,Campaign Negative Phrase,P0,"Ищут горячую линию/сайт производителя, а не мастера"
FL-PINELLAS | Sub-Zero | tCPA 2026,warranty phone,Campaign Negative Phrase,P0,"Ищут горячую линию/сайт производителя, а не мастера"
FL-TAMPA | Sub-Zero | tCPA 2026,warranty phone,Campaign Negative Phrase,P0,"Ищут горячую линию/сайт производителя, а не мастера"
CHICAGO | Lux Search | MaxConv 2026,warranty phone,Campaign Negative Phrase,P0,"Ищут горячую линию/сайт производителя, а не мастера"
FL-JACKSONVILLE | Sub-Zero | tCPA 2026,warranty phone,Campaign Negative Phrase,P0,"Ищут горячую линию/сайт производителя, а не мастера"
FL-NORTH-CENTRAL | Sub-Zero | tCPA 2026,warranty phone,Campaign Negative Phrase,P0,"Ищут горячую линию/сайт производителя, а не мастера"
FL-BROWARD | Sub-Zero | tCPA 2026,call center,Campaign Negative Phrase,P0,"Ищут горячую линию/сайт производителя, а не мастера"
TAMPA | Lux Search | tCPA 2026,call center,Campaign Negative Phrase,P0,"Ищут горячую линию/сайт производителя, а не мастера"
CHI-CITY | Sub-Zero | tCPA 2026,call center,Campaign Negative Phrase,P0,"Ищут горячую линию/сайт производителя, а не мастера"
FL-PANHANDLE | Sub-Zero | tCPA 2026,call center,Campaign Negative Phrase,P0,"Ищут горячую линию/сайт производителя, а не мастера"
DESTIN | Lux Search | tCPA 2026,call center,Campaign Negative Phrase,P0,"Ищут горячую линию/сайт производителя, а не мастера"
FL-PALM-BEACH | Sub-Zero | tCPA 2026,call center,Campaign Negative Phrase,P0,"Ищут горячую линию/сайт производителя, а не мастера"
FL-ORLANDO | Sub-Zero | tCPA 2026,call center,Campaign Negative Phrase,P0,"Ищут горячую линию/сайт производителя, а не мастера"
CHI-WEST | Sub-Zero | tCPA 2026,call center,Campaign Negative Phrase,P0,"Ищут горячую линию/сайт производителя, а не мастера"
MIAMI | Lux Search | tCPA 2026,call center,Campaign Negative Phrase,P0,"Ищут горячую линию/сайт производителя, а не мастера"
FL-MIAMI-DADE | Sub-Zero | tCPA 2026,call center,Campaign Negative Phrase,P0,"Ищут горячую линию/сайт производителя, а не мастера"
CHI-NORTHWEST | Sub-Zero | tCPA 2026,call center,Campaign Negative Phrase,P0,"Ищут горячую линию/сайт производителя, а не мастера"
CHI-NORTH-SHORE | Sub-Zero | tCPA 2026,call center,Campaign Negative Phrase,P0,"Ищут горячую линию/сайт производителя, а не мастера"
CHI-WI-MI | Sub-Zero | tCPA 2026,call center,Campaign Negative Phrase,P0,"Ищут горячую линию/сайт производителя, а не мастера"
FL-SARASOTA | Sub-Zero | tCPA 2026,call center,Campaign Negative Phrase,P0,"Ищут горячую линию/сайт производителя, а не мастера"
CHI-INDIANA | Sub-Zero | tCPA 2026,call center,Campaign Negative Phrase,P0,"Ищут горячую линию/сайт производителя, а не мастера"
CHI-SOUTH | Sub-Zero | tCPA 2026,call center,Campaign Negative Phrase,P0,"Ищут горячую линию/сайт производителя, а не мастера"
FL-NAPLES-FORT-MYERS | Sub-Zero | tCPA 2026,call center,Campaign Negative Phrase,P0,"Ищут горячую линию/сайт производителя, а не мастера"
FL-PINELLAS | Sub-Zero | tCPA 2026,call center,Campaign Negative Phrase,P0,"Ищут горячую линию/сайт производителя, а не мастера"
FL-TAMPA | Sub-Zero | tCPA 2026,call center,Campaign Negative Phrase,P0,"Ищут горячую линию/сайт производителя, а не мастера"
CHICAGO | Lux Search | MaxConv 2026,call center,Campaign Negative Phrase,P0,"Ищут горячую линию/сайт производителя, а не мастера"
FL-JACKSONVILLE | Sub-Zero | tCPA 2026,call center,Campaign Negative Phrase,P0,"Ищут горячую линию/сайт производителя, а не мастера"
FL-NORTH-CENTRAL | Sub-Zero | tCPA 2026,call center,Campaign Negative Phrase,P0,"Ищут горячую линию/сайт производителя, а не мастера"
FL-BROWARD | Sub-Zero | tCPA 2026,replacement cost,Campaign Negative Broad,P0,"DIY, запчасти, цена товара, панели — не заявка на ремонт"
TAMPA | Lux Search | tCPA 2026,replacement cost,Campaign Negative Broad,P0,"DIY, запчасти, цена товара, панели — не заявка на ремонт"
CHI-CITY | Sub-Zero | tCPA 2026,replacement cost,Campaign Negative Broad,P0,"DIY, запчасти, цена товара, панели — не заявка на ремонт"
FL-PANHANDLE | Sub-Zero | tCPA 2026,replacement cost,Campaign Negative Broad,P0,"DIY, запчасти, цена товара, панели — не заявка на ремонт"
DESTIN | Lux Search | tCPA 2026,replacement cost,Campaign Negative Broad,P0,"DIY, запчасти, цена товара, панели — не заявка на ремонт"
FL-PALM-BEACH | Sub-Zero | tCPA 2026,replacement cost,Campaign Negative Broad,P0,"DIY, запчасти, цена товара, панели — не заявка на ремонт"
FL-ORLANDO | Sub-Zero | tCPA 2026,replacement cost,Campaign Negative Broad,P0,"DIY, запчасти, цена товара, панели — не заявка на ремонт"
CHI-WEST | Sub-Zero | tCPA 2026,replacement cost,Campaign Negative Broad,P0,"DIY, запчасти, цена товара, панели — не заявка на ремонт"
MIAMI | Lux Search | tCPA 2026,replacement cost,Campaign Negative Broad,P0,"DIY, запчасти, цена товара, панели — не заявка на ремонт"
FL-MIAMI-DADE | Sub-Zero | tCPA 2026,replacement cost,Campaign Negative Broad,P0,"DIY, запчасти, цена товара, панели — не заявка на ремонт"
CHI-NORTHWEST | Sub-Zero | tCPA 2026,replacement cost,Campaign Negative Broad,P0,"DIY, запчасти, цена товара, панели — не заявка на ремонт"
CHI-NORTH-SHORE | Sub-Zero | tCPA 2026,replacement cost,Campaign Negative Broad,P0,"DIY, запчасти, цена товара, панели — не заявка на ремонт"
CHI-WI-MI | Sub-Zero | tCPA 2026,replacement cost,Campaign Negative Broad,P0,"DIY, запчасти, цена товара, панели — не заявка на ремонт"
FL-SARASOTA | Sub-Zero | tCPA 2026,replacement cost,Campaign Negative Broad,P0,"DIY, запчасти, цена товара, панели — не заявка на ремонт"
CHI-INDIANA | Sub-Zero | tCPA 2026,replacement cost,Campaign Negative Broad,P0,"DIY, запчасти, цена товара, панели — не заявка на ремонт"
CHI-SOUTH | Sub-Zero | tCPA 2026,replacement cost,Campaign Negative Broad,P0,"DIY, запчасти, цена товара, панели — не заявка на ремонт"
FL-NAPLES-FORT-MYERS | Sub-Zero | tCPA 2026,replacement cost,Campaign Negative Broad,P0,"DIY, запчасти, цена товара, панели — не заявка на ремонт"
FL-PINELLAS | Sub-Zero | tCPA 2026,replacement cost,Campaign Negative Broad,P0,"DIY, запчасти, цена товара, панели — не заявка на ремонт"
FL-TAMPA | Sub-Zero | tCPA 2026,replacement cost,Campaign Negative Broad,P0,"DIY, запчасти, цена товара, панели — не заявка на ремонт"
CHICAGO | Lux Search | MaxConv 2026,replacement cost,Campaign Negative Broad,P0,"DIY, запчасти, цена товара, панели — не заявка на ремонт"
FL-JACKSONVILLE | Sub-Zero | tCPA 2026,replacement cost,Campaign Negative Broad,P0,"DIY, запчасти, цена товара, панели — не заявка на ремонт"
FL-NORTH-CENTRAL | Sub-Zero | tCPA 2026,replacement cost,Campaign Negative Broad,P0,"DIY, запчасти, цена товара, панели — не заявка на ремонт"
FL-BROWARD | Sub-Zero | tCPA 2026,repair cost,Campaign Negative Broad,P0,"DIY, запчасти, цена товара, панели — не заявка на ремонт"
TAMPA | Lux Search | tCPA 2026,repair cost,Campaign Negative Broad,P0,"DIY, запчасти, цена товара, панели — не заявка на ремонт"
CHI-CITY | Sub-Zero | tCPA 2026,repair cost,Campaign Negative Broad,P0,"DIY, запчасти, цена товара, панели — не заявка на ремонт"
FL-PANHANDLE | Sub-Zero | tCPA 2026,repair cost,Campaign Negative Broad,P0,"DIY, запчасти, цена товара, панели — не заявка на ремонт"
DESTIN | Lux Search | tCPA 2026,repair cost,Campaign Negative Broad,P0,"DIY, запчасти, цена товара, панели — не заявка на ремонт"
FL-PALM-BEACH | Sub-Zero | tCPA 2026,repair cost,Campaign Negative Broad,P0,"DIY, запчасти, цена товара, панели — не заявка на ремонт"
FL-ORLANDO | Sub-Zero | tCPA 2026,repair cost,Campaign Negative Broad,P0,"DIY, запчасти, цена товара, панели — не заявка на ремонт"
CHI-WEST | Sub-Zero | tCPA 2026,repair cost,Campaign Negative Broad,P0,"DIY, запчасти, цена товара, панели — не заявка на ремонт"
MIAMI | Lux Search | tCPA 2026,repair cost,Campaign Negative Broad,P0,"DIY, запчасти, цена товара, панели — не заявка на ремонт"
FL-MIAMI-DADE | Sub-Zero | tCPA 2026,repair cost,Campaign Negative Broad,P0,"DIY, запчасти, цена товара, панели — не заявка на ремонт"
CHI-NORTHWEST | Sub-Zero | tCPA 2026,repair cost,Campaign Negative Broad,P0,"DIY, запчасти, цена товара, панели — не заявка на ремонт"
CHI-NORTH-SHORE | Sub-Zero | tCPA 2026,repair cost,Campaign Negative Broad,P0,"DIY, запчасти, цена товара, панели — не заявка на ремонт"
CHI-WI-MI | Sub-Zero | tCPA 2026,repair cost,Campaign Negative Broad,P0,"DIY, запчасти, цена товара, панели — не заявка на ремонт"
FL-SARASOTA | Sub-Zero | tCPA 2026,repair cost,Campaign Negative Broad,P0,"DIY, запчасти, цена товара, панели — не заявка на ремонт"
CHI-INDIANA | Sub-Zero | tCPA 2026,repair cost,Campaign Negative Broad,P0,"DIY, запчасти, цена товара, панели — не заявка на ремонт"
CHI-SOUTH | Sub-Zero | tCPA 2026,repair cost,Campaign Negative Broad,P0,"DIY, запчасти, цена товара, панели — не заявка на ремонт"
FL-NAPLES-FORT-MYERS | Sub-Zero | tCPA 2026,repair cost,Campaign Negative Broad,P0,"DIY, запчасти, цена товара, панели — не заявка на ремонт"
FL-PINELLAS | Sub-Zero | tCPA 2026,repair cost,Campaign Negative Broad,P0,"DIY, запчасти, цена товара, панели — не заявка на ремонт"
FL-TAMPA | Sub-Zero | tCPA 2026,repair cost,Campaign Negative Broad,P0,"DIY, запчасти, цена товара, панели — не заявка на ремонт"
CHICAGO | Lux Search | MaxConv 2026,repair cost,Campaign Negative Broad,P0,"DIY, запчасти, цена товара, панели — не заявка на ремонт"
FL-JACKSONVILLE | Sub-Zero | tCPA 2026,repair cost,Campaign Negative Broad,P0,"DIY, запчасти, цена товара, панели — не заявка на ремонт"
FL-NORTH-CENTRAL | Sub-Zero | tCPA 2026,repair cost,Campaign Negative Broad,P0,"DIY, запчасти, цена товара, панели — не заявка на ремонт"
FL-BROWARD | Sub-Zero | tCPA 2026,cost,Campaign Negative Broad,P0,"DIY, запчасти, цена товара, панели — не заявка на ремонт"
TAMPA | Lux Search | tCPA 2026,cost,Campaign Negative Broad,P0,"DIY, запчасти, цена товара, панели — не заявка на ремонт"
CHI-CITY | Sub-Zero | tCPA 2026,cost,Campaign Negative Broad,P0,"DIY, запчасти, цена товара, панели — не заявка на ремонт"
FL-PANHANDLE | Sub-Zero | tCPA 2026,cost,Campaign Negative Broad,P0,"DIY, запчасти, цена товара, панели — не заявка на ремонт"
DESTIN | Lux Search | tCPA 2026,cost,Campaign Negative Broad,P0,"DIY, запчасти, цена товара, панели — не заявка на ремонт"
FL-PALM-BEACH | Sub-Zero | tCPA 2026,cost,Campaign Negative Broad,P0,"DIY, запчасти, цена товара, панели — не заявка на ремонт"
FL-ORLANDO | Sub-Zero | tCPA 2026,cost,Campaign Negative Broad,P0,"DIY, запчасти, цена товара, панели — не заявка на ремонт"
CHI-WEST | Sub-Zero | tCPA 2026,cost,Campaign Negative Broad,P0,"DIY, запчасти, цена товара, панели — не заявка на ремонт"
MIAMI | Lux Search | tCPA 2026,cost,Campaign Negative Broad,P0,"DIY, запчасти, цена товара, панели — не заявка на ремонт"
FL-MIAMI-DADE | Sub-Zero | tCPA 2026,cost,Campaign Negative Broad,P0,"DIY, запчасти, цена товара, панели — не заявка на ремонт"
CHI-NORTHWEST | Sub-Zero | tCPA 2026,cost,Campaign Negative Broad,P0,"DIY, запчасти, цена товара, панели — не заявка на ремонт"
CHI-NORTH-SHORE | Sub-Zero | tCPA 2026,cost,Campaign Negative Broad,P0,"DIY, запчасти, цена товара, панели — не заявка на ремонт"
CHI-WI-MI | Sub-Zero | tCPA 2026,cost,Campaign Negative Broad,P0,"DIY, запчасти, цена товара, панели — не заявка на ремонт"
FL-SARASOTA | Sub-Zero | tCPA 2026,cost,Campaign Negative Broad,P0,"DIY, запчасти, цена товара, панели — не заявка на ремонт"
CHI-INDIANA | Sub-Zero | tCPA 2026,cost,Campaign Negative Broad,P0,"DIY, запчасти, цена товара, панели — не заявка на ремонт"
CHI-SOUTH | Sub-Zero | tCPA 2026,cost,Campaign Negative Broad,P0,"DIY, запчасти, цена товара, панели — не заявка на ремонт"
FL-NAPLES-FORT-MYERS | Sub-Zero | tCPA 2026,cost,Campaign Negative Broad,P0,"DIY, запчасти, цена товара, панели — не заявка на ремонт"
FL-PINELLAS | Sub-Zero | tCPA 2026,cost,Campaign Negative Broad,P0,"DIY, запчасти, цена товара, панели — не заявка на ремонт"
FL-TAMPA | Sub-Zero | tCPA 2026,cost,Campaign Negative Broad,P0,"DIY, запчасти, цена товара, панели — не заявка на ремонт"
CHICAGO | Lux Search | MaxConv 2026,cost,Campaign Negative Broad,P0,"DIY, запчасти, цена товара, панели — не заявка на ремонт"
FL-JACKSONVILLE | Sub-Zero | tCPA 2026,cost,Campaign Negative Broad,P0,"DIY, запчасти, цена товара, панели — не заявка на ремонт"
FL-NORTH-CENTRAL | Sub-Zero | tCPA 2026,cost,Campaign Negative Broad,P0,"DIY, запчасти, цена товара, панели — не заявка на ремонт"
FL-BROWARD | Sub-Zero | tCPA 2026,price,Campaign Negative Broad,P0,"DIY, запчасти, цена товара, панели — не заявка на ремонт"
TAMPA | Lux Search | tCPA 2026,price,Campaign Negative Broad,P0,"DIY, запчасти, цена товара, панели — не заявка на ремонт"
CHI-CITY | Sub-Zero | tCPA 2026,price,Campaign Negative Broad,P0,"DIY, запчасти, цена товара, панели — не заявка на ремонт"
FL-PANHANDLE | Sub-Zero | tCPA 2026,price,Campaign Negative Broad,P0,"DIY, запчасти, цена товара, панели — не заявка на ремонт"
DESTIN | Lux Search | tCPA 2026,price,Campaign Negative Broad,P0,"DIY, запчасти, цена товара, панели — не заявка на ремонт"
FL-PALM-BEACH | Sub-Zero | tCPA 2026,price,Campaign Negative Broad,P0,"DIY, запчасти, цена товара, панели — не заявка на ремонт"
FL-ORLANDO | Sub-Zero | tCPA 2026,price,Campaign Negative Broad,P0,"DIY, запчасти, цена товара, панели — не заявка на ремонт"
CHI-WEST | Sub-Zero | tCPA 2026,price,Campaign Negative Broad,P0,"DIY, запчасти, цена товара, панели — не заявка на ремонт"
MIAMI | Lux Search | tCPA 2026,price,Campaign Negative Broad,P0,"DIY, запчасти, цена товара, панели — не заявка на ремонт"
FL-MIAMI-DADE | Sub-Zero | tCPA 2026,price,Campaign Negative Broad,P0,"DIY, запчасти, цена товара, панели — не заявка на ремонт"
CHI-NORTHWEST | Sub-Zero | tCPA 2026,price,Campaign Negative Broad,P0,"DIY, запчасти, цена товара, панели — не заявка на ремонт"
CHI-NORTH-SHORE | Sub-Zero | tCPA 2026,price,Campaign Negative Broad,P0,"DIY, запчасти, цена товара, панели — не заявка на ремонт"
CHI-WI-MI | Sub-Zero | tCPA 2026,price,Campaign Negative Broad,P0,"DIY, запчасти, цена товара, панели — не заявка на ремонт"
FL-SARASOTA | Sub-Zero | tCPA 2026,price,Campaign Negative Broad,P0,"DIY, запчасти, цена товара, панели — не заявка на ремонт"
CHI-INDIANA | Sub-Zero | tCPA 2026,price,Campaign Negative Broad,P0,"DIY, запчасти, цена товара, панели — не заявка на ремонт"
CHI-SOUTH | Sub-Zero | tCPA 2026,price,Campaign Negative Broad,P0,"DIY, запчасти, цена товара, панели — не заявка на ремонт"
FL-NAPLES-FORT-MYERS | Sub-Zero | tCPA 2026,price,Campaign Negative Broad,P0,"DIY, запчасти, цена товара, панели — не заявка на ремонт"
FL-PINELLAS | Sub-Zero | tCPA 2026,price,Campaign Negative Broad,P0,"DIY, запчасти, цена товара, панели — не заявка на ремонт"
FL-TAMPA | Sub-Zero | tCPA 2026,price,Campaign Negative Broad,P0,"DIY, запчасти, цена товара, панели — не заявка на ремонт"
CHICAGO | Lux Search | MaxConv 2026,price,Campaign Negative Broad,P0,"DIY, запчасти, цена товара, панели — не заявка на ремонт"
FL-JACKSONVILLE | Sub-Zero | tCPA 2026,price,Campaign Negative Broad,P0,"DIY, запчасти, цена товара, панели — не заявка на ремонт"
FL-NORTH-CENTRAL | Sub-Zero | tCPA 2026,price,Campaign Negative Broad,P0,"DIY, запчасти, цена товара, панели — не заявка на ремонт"
FL-BROWARD | Sub-Zero | tCPA 2026,prices,Campaign Negative Broad,P0,"DIY, запчасти, цена товара, панели — не заявка на ремонт"
TAMPA | Lux Search | tCPA 2026,prices,Campaign Negative Broad,P0,"DIY, запчасти, цена товара, панели — не заявка на ремонт"
CHI-CITY | Sub-Zero | tCPA 2026,prices,Campaign Negative Broad,P0,"DIY, запчасти, цена товара, панели — не заявка на ремонт"
FL-PANHANDLE | Sub-Zero | tCPA 2026,prices,Campaign Negative Broad,P0,"DIY, запчасти, цена товара, панели — не заявка на ремонт"
DESTIN | Lux Search | tCPA 2026,prices,Campaign Negative Broad,P0,"DIY, запчасти, цена товара, панели — не заявка на ремонт"
FL-PALM-BEACH | Sub-Zero | tCPA 2026,prices,Campaign Negative Broad,P0,"DIY, запчасти, цена товара, панели — не заявка на ремонт"
FL-ORLANDO | Sub-Zero | tCPA 2026,prices,Campaign Negative Broad,P0,"DIY, запчасти, цена товара, панели — не заявка на ремонт"
CHI-WEST | Sub-Zero | tCPA 2026,prices,Campaign Negative Broad,P0,"DIY, запчасти, цена товара, панели — не заявка на ремонт"
MIAMI | Lux Search | tCPA 2026,prices,Campaign Negative Broad,P0,"DIY, запчасти, цена товара, панели — не заявка на ремонт"
FL-MIAMI-DADE | Sub-Zero | tCPA 2026,prices,Campaign Negative Broad,P0,"DIY, запчасти, цена товара, панели — не заявка на ремонт"
CHI-NORTHWEST | Sub-Zero | tCPA 2026,prices,Campaign Negative Broad,P0,"DIY, запчасти, цена товара, панели — не заявка на ремонт"
CHI-NORTH-SHORE | Sub-Zero | tCPA 2026,prices,Campaign Negative Broad,P0,"DIY, запчасти, цена товара, панели — не заявка на ремонт"
CHI-WI-MI | Sub-Zero | tCPA 2026,prices,Campaign Negative Broad,P0,"DIY, запчасти, цена товара, панели — не заявка на ремонт"
FL-SARASOTA | Sub-Zero | tCPA 2026,prices,Campaign Negative Broad,P0,"DIY, запчасти, цена товара, панели — не заявка на ремонт"
CHI-INDIANA | Sub-Zero | tCPA 2026,prices,Campaign Negative Broad,P0,"DIY, запчасти, цена товара, панели — не заявка на ремонт"
CHI-SOUTH | Sub-Zero | tCPA 2026,prices,Campaign Negative Broad,P0,"DIY, запчасти, цена товара, панели — не заявка на ремонт"
FL-NAPLES-FORT-MYERS | Sub-Zero | tCPA 2026,prices,Campaign Negative Broad,P0,"DIY, запчасти, цена товара, панели — не заявка на ремонт"
FL-PINELLAS | Sub-Zero | tCPA 2026,prices,Campaign Negative Broad,P0,"DIY, запчасти, цена товара, панели — не заявка на ремонт"
FL-TAMPA | Sub-Zero | tCPA 2026,prices,Campaign Negative Broad,P0,"DIY, запчасти, цена товара, панели — не заявка на ремонт"
CHICAGO | Lux Search | MaxConv 2026,prices,Campaign Negative Broad,P0,"DIY, запчасти, цена товара, панели — не заявка на ремонт"
FL-JACKSONVILLE | Sub-Zero | tCPA 2026,prices,Campaign Negative Broad,P0,"DIY, запчасти, цена товара, панели — не заявка на ремонт"
FL-NORTH-CENTRAL | Sub-Zero | tCPA 2026,prices,Campaign Negative Broad,P0,"DIY, запчасти, цена товара, панели — не заявка на ремонт"
FL-BROWARD | Sub-Zero | tCPA 2026,how much,Campaign Negative Broad,P0,"DIY, запчасти, цена товара, панели — не заявка на ремонт"
TAMPA | Lux Search | tCPA 2026,how much,Campaign Negative Broad,P0,"DIY, запчасти, цена товара, панели — не заявка на ремонт"
CHI-CITY | Sub-Zero | tCPA 2026,how much,Campaign Negative Broad,P0,"DIY, запчасти, цена товара, панели — не заявка на ремонт"
FL-PANHANDLE | Sub-Zero | tCPA 2026,how much,Campaign Negative Broad,P0,"DIY, запчасти, цена товара, панели — не заявка на ремонт"
DESTIN | Lux Search | tCPA 2026,how much,Campaign Negative Broad,P0,"DIY, запчасти, цена товара, панели — не заявка на ремонт"
FL-PALM-BEACH | Sub-Zero | tCPA 2026,how much,Campaign Negative Broad,P0,"DIY, запчасти, цена товара, панели — не заявка на ремонт"
FL-ORLANDO | Sub-Zero | tCPA 2026,how much,Campaign Negative Broad,P0,"DIY, запчасти, цена товара, панели — не заявка на ремонт"
CHI-WEST | Sub-Zero | tCPA 2026,how much,Campaign Negative Broad,P0,"DIY, запчасти, цена товара, панели — не заявка на ремонт"
MIAMI | Lux Search | tCPA 2026,how much,Campaign Negative Broad,P0,"DIY, запчасти, цена товара, панели — не заявка на ремонт"
FL-MIAMI-DADE | Sub-Zero | tCPA 2026,how much,Campaign Negative Broad,P0,"DIY, запчасти, цена товара, панели — не заявка на ремонт"
CHI-NORTHWEST | Sub-Zero | tCPA 2026,how much,Campaign Negative Broad,P0,"DIY, запчасти, цена товара, панели — не заявка на ремонт"
CHI-NORTH-SHORE | Sub-Zero | tCPA 2026,how much,Campaign Negative Broad,P0,"DIY, запчасти, цена товара, панели — не заявка на ремонт"
CHI-WI-MI | Sub-Zero | tCPA 2026,how much,Campaign Negative Broad,P0,"DIY, запчасти, цена товара, панели — не заявка на ремонт"
FL-SARASOTA | Sub-Zero | tCPA 2026,how much,Campaign Negative Broad,P0,"DIY, запчасти, цена товара, панели — не заявка на ремонт"
CHI-INDIANA | Sub-Zero | tCPA 2026,how much,Campaign Negative Broad,P0,"DIY, запчасти, цена товара, панели — не заявка на ремонт"
CHI-SOUTH | Sub-Zero | tCPA 2026,how much,Campaign Negative Broad,P0,"DIY, запчасти, цена товара, панели — не заявка на ремонт"
FL-NAPLES-FORT-MYERS | Sub-Zero | tCPA 2026,how much,Campaign Negative Broad,P0,"DIY, запчасти, цена товара, панели — не заявка на ремонт"
FL-PINELLAS | Sub-Zero | tCPA 2026,how much,Campaign Negative Broad,P0,"DIY, запчасти, цена товара, панели — не заявка на ремонт"
FL-TAMPA | Sub-Zero | tCPA 2026,how much,Campaign Negative Broad,P0,"DIY, запчасти, цена товара, панели — не заявка на ремонт"
CHICAGO | Lux Search | MaxConv 2026,how much,Campaign Negative Broad,P0,"DIY, запчасти, цена товара, панели — не заявка на ремонт"
FL-JACKSONVILLE | Sub-Zero | tCPA 2026,how much,Campaign Negative Broad,P0,"DIY, запчасти, цена товара, панели — не заявка на ремонт"
FL-NORTH-CENTRAL | Sub-Zero | tCPA 2026,how much,Campaign Negative Broad,P0,"DIY, запчасти, цена товара, панели — не заявка на ремонт"
FL-BROWARD | Sub-Zero | tCPA 2026,diagram,Campaign Negative Broad,P0,"DIY, запчасти, цена товара, панели — не заявка на ремонт"
TAMPA | Lux Search | tCPA 2026,diagram,Campaign Negative Broad,P0,"DIY, запчасти, цена товара, панели — не заявка на ремонт"
CHI-CITY | Sub-Zero | tCPA 2026,diagram,Campaign Negative Broad,P0,"DIY, запчасти, цена товара, панели — не заявка на ремонт"
FL-PANHANDLE | Sub-Zero | tCPA 2026,diagram,Campaign Negative Broad,P0,"DIY, запчасти, цена товара, панели — не заявка на ремонт"
DESTIN | Lux Search | tCPA 2026,diagram,Campaign Negative Broad,P0,"DIY, запчасти, цена товара, панели — не заявка на ремонт"
FL-PALM-BEACH | Sub-Zero | tCPA 2026,diagram,Campaign Negative Broad,P0,"DIY, запчасти, цена товара, панели — не заявка на ремонт"
FL-ORLANDO | Sub-Zero | tCPA 2026,diagram,Campaign Negative Broad,P0,"DIY, запчасти, цена товара, панели — не заявка на ремонт"
CHI-WEST | Sub-Zero | tCPA 2026,diagram,Campaign Negative Broad,P0,"DIY, запчасти, цена товара, панели — не заявка на ремонт"
MIAMI | Lux Search | tCPA 2026,diagram,Campaign Negative Broad,P0,"DIY, запчасти, цена товара, панели — не заявка на ремонт"
FL-MIAMI-DADE | Sub-Zero | tCPA 2026,diagram,Campaign Negative Broad,P0,"DIY, запчасти, цена товара, панели — не заявка на ремонт"
CHI-NORTHWEST | Sub-Zero | tCPA 2026,diagram,Campaign Negative Broad,P0,"DIY, запчасти, цена товара, панели — не заявка на ремонт"
CHI-NORTH-SHORE | Sub-Zero | tCPA 2026,diagram,Campaign Negative Broad,P0,"DIY, запчасти, цена товара, панели — не заявка на ремонт"
CHI-WI-MI | Sub-Zero | tCPA 2026,diagram,Campaign Negative Broad,P0,"DIY, запчасти, цена товара, панели — не заявка на ремонт"
FL-SARASOTA | Sub-Zero | tCPA 2026,diagram,Campaign Negative Broad,P0,"DIY, запчасти, цена товара, панели — не заявка на ремонт"
CHI-INDIANA | Sub-Zero | tCPA 2026,diagram,Campaign Negative Broad,P0,"DIY, запчасти, цена товара, панели — не заявка на ремонт"
CHI-SOUTH | Sub-Zero | tCPA 2026,diagram,Campaign Negative Broad,P0,"DIY, запчасти, цена товара, панели — не заявка на ремонт"
FL-NAPLES-FORT-MYERS | Sub-Zero | tCPA 2026,diagram,Campaign Negative Broad,P0,"DIY, запчасти, цена товара, панели — не заявка на ремонт"
FL-PINELLAS | Sub-Zero | tCPA 2026,diagram,Campaign Negative Broad,P0,"DIY, запчасти, цена товара, панели — не заявка на ремонт"
FL-TAMPA | Sub-Zero | tCPA 2026,diagram,Campaign Negative Broad,P0,"DIY, запчасти, цена товара, панели — не заявка на ремонт"
CHICAGO | Lux Search | MaxConv 2026,diagram,Campaign Negative Broad,P0,"DIY, запчасти, цена товара, панели — не заявка на ремонт"
FL-JACKSONVILLE | Sub-Zero | tCPA 2026,diagram,Campaign Negative Broad,P0,"DIY, запчасти, цена товара, панели — не заявка на ремонт"
FL-NORTH-CENTRAL | Sub-Zero | tCPA 2026,diagram,Campaign Negative Broad,P0,"DIY, запчасти, цена товара, панели — не заявка на ремонт"
FL-BROWARD | Sub-Zero | tCPA 2026,schematic,Campaign Negative Broad,P0,"DIY, запчасти, цена товара, панели — не заявка на ремонт"
TAMPA | Lux Search | tCPA 2026,schematic,Campaign Negative Broad,P0,"DIY, запчасти, цена товара, панели — не заявка на ремонт"
CHI-CITY | Sub-Zero | tCPA 2026,schematic,Campaign Negative Broad,P0,"DIY, запчасти, цена товара, панели — не заявка на ремонт"
FL-PANHANDLE | Sub-Zero | tCPA 2026,schematic,Campaign Negative Broad,P0,"DIY, запчасти, цена товара, панели — не заявка на ремонт"
DESTIN | Lux Search | tCPA 2026,schematic,Campaign Negative Broad,P0,"DIY, запчасти, цена товара, панели — не заявка на ремонт"
FL-PALM-BEACH | Sub-Zero | tCPA 2026,schematic,Campaign Negative Broad,P0,"DIY, запчасти, цена товара, панели — не заявка на ремонт"
FL-ORLANDO | Sub-Zero | tCPA 2026,schematic,Campaign Negative Broad,P0,"DIY, запчасти, цена товара, панели — не заявка на ремонт"
CHI-WEST | Sub-Zero | tCPA 2026,schematic,Campaign Negative Broad,P0,"DIY, запчасти, цена товара, панели — не заявка на ремонт"
MIAMI | Lux Search | tCPA 2026,schematic,Campaign Negative Broad,P0,"DIY, запчасти, цена товара, панели — не заявка на ремонт"
FL-MIAMI-DADE | Sub-Zero | tCPA 2026,schematic,Campaign Negative Broad,P0,"DIY, запчасти, цена товара, панели — не заявка на ремонт"
CHI-NORTHWEST | Sub-Zero | tCPA 2026,schematic,Campaign Negative Broad,P0,"DIY, запчасти, цена товара, панели — не заявка на ремонт"
CHI-NORTH-SHORE | Sub-Zero | tCPA 2026,schematic,Campaign Negative Broad,P0,"DIY, запчасти, цена товара, панели — не заявка на ремонт"
CHI-WI-MI | Sub-Zero | tCPA 2026,schematic,Campaign Negative Broad,P0,"DIY, запчасти, цена товара, панели — не заявка на ремонт"
FL-SARASOTA | Sub-Zero | tCPA 2026,schematic,Campaign Negative Broad,P0,"DIY, запчасти, цена товара, панели — не заявка на ремонт"
CHI-INDIANA | Sub-Zero | tCPA 2026,schematic,Campaign Negative Broad,P0,"DIY, запчасти, цена товара, панели — не заявка на ремонт"
CHI-SOUTH | Sub-Zero | tCPA 2026,schematic,Campaign Negative Broad,P0,"DIY, запчасти, цена товара, панели — не заявка на ремонт"
FL-NAPLES-FORT-MYERS | Sub-Zero | tCPA 2026,schematic,Campaign Negative Broad,P0,"DIY, запчасти, цена товара, панели — не заявка на ремонт"
FL-PINELLAS | Sub-Zero | tCPA 2026,schematic,Campaign Negative Broad,P0,"DIY, запчасти, цена товара, панели — не заявка на ремонт"
FL-TAMPA | Sub-Zero | tCPA 2026,schematic,Campaign Negative Broad,P0,"DIY, запчасти, цена товара, панели — не заявка на ремонт"
CHICAGO | Lux Search | MaxConv 2026,schematic,Campaign Negative Broad,P0,"DIY, запчасти, цена товара, панели — не заявка на ремонт"
FL-JACKSONVILLE | Sub-Zero | tCPA 2026,schematic,Campaign Negative Broad,P0,"DIY, запчасти, цена товара, панели — не заявка на ремонт"
FL-NORTH-CENTRAL | Sub-Zero | tCPA 2026,schematic,Campaign Negative Broad,P0,"DIY, запчасти, цена товара, панели — не заявка на ремонт"
FL-BROWARD | Sub-Zero | tCPA 2026,wiring,Campaign Negative Broad,P0,"DIY, запчасти, цена товара, панели — не заявка на ремонт"
TAMPA | Lux Search | tCPA 2026,wiring,Campaign Negative Broad,P0,"DIY, запчасти, цена товара, панели — не заявка на ремонт"
CHI-CITY | Sub-Zero | tCPA 2026,wiring,Campaign Negative Broad,P0,"DIY, запчасти, цена товара, панели — не заявка на ремонт"
FL-PANHANDLE | Sub-Zero | tCPA 2026,wiring,Campaign Negative Broad,P0,"DIY, запчасти, цена товара, панели — не заявка на ремонт"
DESTIN | Lux Search | tCPA 2026,wiring,Campaign Negative Broad,P0,"DIY, запчасти, цена товара, панели — не заявка на ремонт"
FL-PALM-BEACH | Sub-Zero | tCPA 2026,wiring,Campaign Negative Broad,P0,"DIY, запчасти, цена товара, панели — не заявка на ремонт"
FL-ORLANDO | Sub-Zero | tCPA 2026,wiring,Campaign Negative Broad,P0,"DIY, запчасти, цена товара, панели — не заявка на ремонт"
CHI-WEST | Sub-Zero | tCPA 2026,wiring,Campaign Negative Broad,P0,"DIY, запчасти, цена товара, панели — не заявка на ремонт"
MIAMI | Lux Search | tCPA 2026,wiring,Campaign Negative Broad,P0,"DIY, запчасти, цена товара, панели — не заявка на ремонт"
FL-MIAMI-DADE | Sub-Zero | tCPA 2026,wiring,Campaign Negative Broad,P0,"DIY, запчасти, цена товара, панели — не заявка на ремонт"
CHI-NORTHWEST | Sub-Zero | tCPA 2026,wiring,Campaign Negative Broad,P0,"DIY, запчасти, цена товара, панели — не заявка на ремонт"
CHI-NORTH-SHORE | Sub-Zero | tCPA 2026,wiring,Campaign Negative Broad,P0,"DIY, запчасти, цена товара, панели — не заявка на ремонт"
CHI-WI-MI | Sub-Zero | tCPA 2026,wiring,Campaign Negative Broad,P0,"DIY, запчасти, цена товара, панели — не заявка на ремонт"
FL-SARASOTA | Sub-Zero | tCPA 2026,wiring,Campaign Negative Broad,P0,"DIY, запчасти, цена товара, панели — не заявка на ремонт"
CHI-INDIANA | Sub-Zero | tCPA 2026,wiring,Campaign Negative Broad,P0,"DIY, запчасти, цена товара, панели — не заявка на ремонт"
CHI-SOUTH | Sub-Zero | tCPA 2026,wiring,Campaign Negative Broad,P0,"DIY, запчасти, цена товара, панели — не заявка на ремонт"
FL-NAPLES-FORT-MYERS | Sub-Zero | tCPA 2026,wiring,Campaign Negative Broad,P0,"DIY, запчасти, цена товара, панели — не заявка на ремонт"
FL-PINELLAS | Sub-Zero | tCPA 2026,wiring,Campaign Negative Broad,P0,"DIY, запчасти, цена товара, панели — не заявка на ремонт"
FL-TAMPA | Sub-Zero | tCPA 2026,wiring,Campaign Negative Broad,P0,"DIY, запчасти, цена товара, панели — не заявка на ремонт"
CHICAGO | Lux Search | MaxConv 2026,wiring,Campaign Negative Broad,P0,"DIY, запчасти, цена товара, панели — не заявка на ремонт"
FL-JACKSONVILLE | Sub-Zero | tCPA 2026,wiring,Campaign Negative Broad,P0,"DIY, запчасти, цена товара, панели — не заявка на ремонт"
FL-NORTH-CENTRAL | Sub-Zero | tCPA 2026,wiring,Campaign Negative Broad,P0,"DIY, запчасти, цена товара, панели — не заявка на ремонт"
FL-BROWARD | Sub-Zero | tCPA 2026,part number,Campaign Negative Broad,P0,"DIY, запчасти, цена товара, панели — не заявка на ремонт"
TAMPA | Lux Search | tCPA 2026,part number,Campaign Negative Broad,P0,"DIY, запчасти, цена товара, панели — не заявка на ремонт"
CHI-CITY | Sub-Zero | tCPA 2026,part number,Campaign Negative Broad,P0,"DIY, запчасти, цена товара, панели — не заявка на ремонт"
FL-PANHANDLE | Sub-Zero | tCPA 2026,part number,Campaign Negative Broad,P0,"DIY, запчасти, цена товара, панели — не заявка на ремонт"
DESTIN | Lux Search | tCPA 2026,part number,Campaign Negative Broad,P0,"DIY, запчасти, цена товара, панели — не заявка на ремонт"
FL-PALM-BEACH | Sub-Zero | tCPA 2026,part number,Campaign Negative Broad,P0,"DIY, запчасти, цена товара, панели — не заявка на ремонт"
FL-ORLANDO | Sub-Zero | tCPA 2026,part number,Campaign Negative Broad,P0,"DIY, запчасти, цена товара, панели — не заявка на ремонт"
CHI-WEST | Sub-Zero | tCPA 2026,part number,Campaign Negative Broad,P0,"DIY, запчасти, цена товара, панели — не заявка на ремонт"
MIAMI | Lux Search | tCPA 2026,part number,Campaign Negative Broad,P0,"DIY, запчасти, цена товара, панели — не заявка на ремонт"
FL-MIAMI-DADE | Sub-Zero | tCPA 2026,part number,Campaign Negative Broad,P0,"DIY, запчасти, цена товара, панели — не заявка на ремонт"
CHI-NORTHWEST | Sub-Zero | tCPA 2026,part number,Campaign Negative Broad,P0,"DIY, запчасти, цена товара, панели — не заявка на ремонт"
CHI-NORTH-SHORE | Sub-Zero | tCPA 2026,part number,Campaign Negative Broad,P0,"DIY, запчасти, цена товара, панели — не заявка на ремонт"
CHI-WI-MI | Sub-Zero | tCPA 2026,part number,Campaign Negative Broad,P0,"DIY, запчасти, цена товара, панели — не заявка на ремонт"
FL-SARASOTA | Sub-Zero | tCPA 2026,part number,Campaign Negative Broad,P0,"DIY, запчасти, цена товара, панели — не заявка на ремонт"
CHI-INDIANA | Sub-Zero | tCPA 2026,part number,Campaign Negative Broad,P0,"DIY, запчасти, цена товара, панели — не заявка на ремонт"
CHI-SOUTH | Sub-Zero | tCPA 2026,part number,Campaign Negative Broad,P0,"DIY, запчасти, цена товара, панели — не заявка на ремонт"
FL-NAPLES-FORT-MYERS | Sub-Zero | tCPA 2026,part number,Campaign Negative Broad,P0,"DIY, запчасти, цена товара, панели — не заявка на ремонт"
FL-PINELLAS | Sub-Zero | tCPA 2026,part number,Campaign Negative Broad,P0,"DIY, запчасти, цена товара, панели — не заявка на ремонт"
FL-TAMPA | Sub-Zero | tCPA 2026,part number,Campaign Negative Broad,P0,"DIY, запчасти, цена товара, панели — не заявка на ремонт"
CHICAGO | Lux Search | MaxConv 2026,part number,Campaign Negative Broad,P0,"DIY, запчасти, цена товара, панели — не заявка на ремонт"
FL-JACKSONVILLE | Sub-Zero | tCPA 2026,part number,Campaign Negative Broad,P0,"DIY, запчасти, цена товара, панели — не заявка на ремонт"
FL-NORTH-CENTRAL | Sub-Zero | tCPA 2026,part number,Campaign Negative Broad,P0,"DIY, запчасти, цена товара, панели — не заявка на ремонт"
FL-BROWARD | Sub-Zero | tCPA 2026,parts diagram,Campaign Negative Broad,P0,"DIY, запчасти, цена товара, панели — не заявка на ремонт"
TAMPA | Lux Search | tCPA 2026,parts diagram,Campaign Negative Broad,P0,"DIY, запчасти, цена товара, панели — не заявка на ремонт"
CHI-CITY | Sub-Zero | tCPA 2026,parts diagram,Campaign Negative Broad,P0,"DIY, запчасти, цена товара, панели — не заявка на ремонт"
FL-PANHANDLE | Sub-Zero | tCPA 2026,parts diagram,Campaign Negative Broad,P0,"DIY, запчасти, цена товара, панели — не заявка на ремонт"
DESTIN | Lux Search | tCPA 2026,parts diagram,Campaign Negative Broad,P0,"DIY, запчасти, цена товара, панели — не заявка на ремонт"
FL-PALM-BEACH | Sub-Zero | tCPA 2026,parts diagram,Campaign Negative Broad,P0,"DIY, запчасти, цена товара, панели — не заявка на ремонт"
FL-ORLANDO | Sub-Zero | tCPA 2026,parts diagram,Campaign Negative Broad,P0,"DIY, запчасти, цена товара, панели — не заявка на ремонт"
CHI-WEST | Sub-Zero | tCPA 2026,parts diagram,Campaign Negative Broad,P0,"DIY, запчасти, цена товара, панели — не заявка на ремонт"
MIAMI | Lux Search | tCPA 2026,parts diagram,Campaign Negative Broad,P0,"DIY, запчасти, цена товара, панели — не заявка на ремонт"
FL-MIAMI-DADE | Sub-Zero | tCPA 2026,parts diagram,Campaign Negative Broad,P0,"DIY, запчасти, цена товара, панели — не заявка на ремонт"
CHI-NORTHWEST | Sub-Zero | tCPA 2026,parts diagram,Campaign Negative Broad,P0,"DIY, запчасти, цена товара, панели — не заявка на ремонт"
CHI-NORTH-SHORE | Sub-Zero | tCPA 2026,parts diagram,Campaign Negative Broad,P0,"DIY, запчасти, цена товара, панели — не заявка на ремонт"
CHI-WI-MI | Sub-Zero | tCPA 2026,parts diagram,Campaign Negative Broad,P0,"DIY, запчасти, цена товара, панели — не заявка на ремонт"
FL-SARASOTA | Sub-Zero | tCPA 2026,parts diagram,Campaign Negative Broad,P0,"DIY, запчасти, цена товара, панели — не заявка на ремонт"
CHI-INDIANA | Sub-Zero | tCPA 2026,parts diagram,Campaign Negative Broad,P0,"DIY, запчасти, цена товара, панели — не заявка на ремонт"
CHI-SOUTH | Sub-Zero | tCPA 2026,parts diagram,Campaign Negative Broad,P0,"DIY, запчасти, цена товара, панели — не заявка на ремонт"
FL-NAPLES-FORT-MYERS | Sub-Zero | tCPA 2026,parts diagram,Campaign Negative Broad,P0,"DIY, запчасти, цена товара, панели — не заявка на ремонт"
FL-PINELLAS | Sub-Zero | tCPA 2026,parts diagram,Campaign Negative Broad,P0,"DIY, запчасти, цена товара, панели — не заявка на ремонт"
FL-TAMPA | Sub-Zero | tCPA 2026,parts diagram,Campaign Negative Broad,P0,"DIY, запчасти, цена товара, панели — не заявка на ремонт"
CHICAGO | Lux Search | MaxConv 2026,parts diagram,Campaign Negative Broad,P0,"DIY, запчасти, цена товара, панели — не заявка на ремонт"
FL-JACKSONVILLE | Sub-Zero | tCPA 2026,parts diagram,Campaign Negative Broad,P0,"DIY, запчасти, цена товара, панели — не заявка на ремонт"
FL-NORTH-CENTRAL | Sub-Zero | tCPA 2026,parts diagram,Campaign Negative Broad,P0,"DIY, запчасти, цена товара, панели — не заявка на ремонт"
FL-BROWARD | Sub-Zero | tCPA 2026,custom panels,Campaign Negative Broad,P0,"DIY, запчасти, цена товара, панели — не заявка на ремонт"
TAMPA | Lux Search | tCPA 2026,custom panels,Campaign Negative Broad,P0,"DIY, запчасти, цена товара, панели — не заявка на ремонт"
CHI-CITY | Sub-Zero | tCPA 2026,custom panels,Campaign Negative Broad,P0,"DIY, запчасти, цена товара, панели — не заявка на ремонт"
FL-PANHANDLE | Sub-Zero | tCPA 2026,custom panels,Campaign Negative Broad,P0,"DIY, запчасти, цена товара, панели — не заявка на ремонт"
DESTIN | Lux Search | tCPA 2026,custom panels,Campaign Negative Broad,P0,"DIY, запчасти, цена товара, панели — не заявка на ремонт"
FL-PALM-BEACH | Sub-Zero | tCPA 2026,custom panels,Campaign Negative Broad,P0,"DIY, запчасти, цена товара, панели — не заявка на ремонт"
FL-ORLANDO | Sub-Zero | tCPA 2026,custom panels,Campaign Negative Broad,P0,"DIY, запчасти, цена товара, панели — не заявка на ремонт"
CHI-WEST | Sub-Zero | tCPA 2026,custom panels,Campaign Negative Broad,P0,"DIY, запчасти, цена товара, панели — не заявка на ремонт"
MIAMI | Lux Search | tCPA 2026,custom panels,Campaign Negative Broad,P0,"DIY, запчасти, цена товара, панели — не заявка на ремонт"
FL-MIAMI-DADE | Sub-Zero | tCPA 2026,custom panels,Campaign Negative Broad,P0,"DIY, запчасти, цена товара, панели — не заявка на ремонт"
CHI-NORTHWEST | Sub-Zero | tCPA 2026,custom panels,Campaign Negative Broad,P0,"DIY, запчасти, цена товара, панели — не заявка на ремонт"
CHI-NORTH-SHORE | Sub-Zero | tCPA 2026,custom panels,Campaign Negative Broad,P0,"DIY, запчасти, цена товара, панели — не заявка на ремонт"
CHI-WI-MI | Sub-Zero | tCPA 2026,custom panels,Campaign Negative Broad,P0,"DIY, запчасти, цена товара, панели — не заявка на ремонт"
FL-SARASOTA | Sub-Zero | tCPA 2026,custom panels,Campaign Negative Broad,P0,"DIY, запчасти, цена товара, панели — не заявка на ремонт"
CHI-INDIANA | Sub-Zero | tCPA 2026,custom panels,Campaign Negative Broad,P0,"DIY, запчасти, цена товара, панели — не заявка на ремонт"
CHI-SOUTH | Sub-Zero | tCPA 2026,custom panels,Campaign Negative Broad,P0,"DIY, запчасти, цена товара, панели — не заявка на ремонт"
FL-NAPLES-FORT-MYERS | Sub-Zero | tCPA 2026,custom panels,Campaign Negative Broad,P0,"DIY, запчасти, цена товара, панели — не заявка на ремонт"
FL-PINELLAS | Sub-Zero | tCPA 2026,custom panels,Campaign Negative Broad,P0,"DIY, запчасти, цена товара, панели — не заявка на ремонт"
FL-TAMPA | Sub-Zero | tCPA 2026,custom panels,Campaign Negative Broad,P0,"DIY, запчасти, цена товара, панели — не заявка на ремонт"
CHICAGO | Lux Search | MaxConv 2026,custom panels,Campaign Negative Broad,P0,"DIY, запчасти, цена товара, панели — не заявка на ремонт"
FL-JACKSONVILLE | Sub-Zero | tCPA 2026,custom panels,Campaign Negative Broad,P0,"DIY, запчасти, цена товара, панели — не заявка на ремонт"
FL-NORTH-CENTRAL | Sub-Zero | tCPA 2026,custom panels,Campaign Negative Broad,P0,"DIY, запчасти, цена товара, панели — не заявка на ремонт"
FL-BROWARD | Sub-Zero | tCPA 2026,panels,Campaign Negative Broad,P0,"DIY, запчасти, цена товара, панели — не заявка на ремонт"
TAMPA | Lux Search | tCPA 2026,panels,Campaign Negative Broad,P0,"DIY, запчасти, цена товара, панели — не заявка на ремонт"
CHI-CITY | Sub-Zero | tCPA 2026,panels,Campaign Negative Broad,P0,"DIY, запчасти, цена товара, панели — не заявка на ремонт"
FL-PANHANDLE | Sub-Zero | tCPA 2026,panels,Campaign Negative Broad,P0,"DIY, запчасти, цена товара, панели — не заявка на ремонт"
DESTIN | Lux Search | tCPA 2026,panels,Campaign Negative Broad,P0,"DIY, запчасти, цена товара, панели — не заявка на ремонт"
FL-PALM-BEACH | Sub-Zero | tCPA 2026,panels,Campaign Negative Broad,P0,"DIY, запчасти, цена товара, панели — не заявка на ремонт"
FL-ORLANDO | Sub-Zero | tCPA 2026,panels,Campaign Negative Broad,P0,"DIY, запчасти, цена товара, панели — не заявка на ремонт"
CHI-WEST | Sub-Zero | tCPA 2026,panels,Campaign Negative Broad,P0,"DIY, запчасти, цена товара, панели — не заявка на ремонт"
MIAMI | Lux Search | tCPA 2026,panels,Campaign Negative Broad,P0,"DIY, запчасти, цена товара, панели — не заявка на ремонт"
FL-MIAMI-DADE | Sub-Zero | tCPA 2026,panels,Campaign Negative Broad,P0,"DIY, запчасти, цена товара, панели — не заявка на ремонт"
CHI-NORTHWEST | Sub-Zero | tCPA 2026,panels,Campaign Negative Broad,P0,"DIY, запчасти, цена товара, панели — не заявка на ремонт"
CHI-NORTH-SHORE | Sub-Zero | tCPA 2026,panels,Campaign Negative Broad,P0,"DIY, запчасти, цена товара, панели — не заявка на ремонт"
CHI-WI-MI | Sub-Zero | tCPA 2026,panels,Campaign Negative Broad,P0,"DIY, запчасти, цена товара, панели — не заявка на ремонт"
FL-SARASOTA | Sub-Zero | tCPA 2026,panels,Campaign Negative Broad,P0,"DIY, запчасти, цена товара, панели — не заявка на ремонт"
CHI-INDIANA | Sub-Zero | tCPA 2026,panels,Campaign Negative Broad,P0,"DIY, запчасти, цена товара, панели — не заявка на ремонт"
CHI-SOUTH | Sub-Zero | tCPA 2026,panels,Campaign Negative Broad,P0,"DIY, запчасти, цена товара, панели — не заявка на ремонт"
FL-NAPLES-FORT-MYERS | Sub-Zero | tCPA 2026,panels,Campaign Negative Broad,P0,"DIY, запчасти, цена товара, панели — не заявка на ремонт"
FL-PINELLAS | Sub-Zero | tCPA 2026,panels,Campaign Negative Broad,P0,"DIY, запчасти, цена товара, панели — не заявка на ремонт"
FL-TAMPA | Sub-Zero | tCPA 2026,panels,Campaign Negative Broad,P0,"DIY, запчасти, цена товара, панели — не заявка на ремонт"
CHICAGO | Lux Search | MaxConv 2026,panels,Campaign Negative Broad,P0,"DIY, запчасти, цена товара, панели — не заявка на ремонт"
FL-JACKSONVILLE | Sub-Zero | tCPA 2026,panels,Campaign Negative Broad,P0,"DIY, запчасти, цена товара, панели — не заявка на ремонт"
FL-NORTH-CENTRAL | Sub-Zero | tCPA 2026,panels,Campaign Negative Broad,P0,"DIY, запчасти, цена товара, панели — не заявка на ремонт"
FL-BROWARD | Sub-Zero | tCPA 2026,panel ready,Campaign Negative Broad,P0,"DIY, запчасти, цена товара, панели — не заявка на ремонт"
TAMPA | Lux Search | tCPA 2026,panel ready,Campaign Negative Broad,P0,"DIY, запчасти, цена товара, панели — не заявка на ремонт"
CHI-CITY | Sub-Zero | tCPA 2026,panel ready,Campaign Negative Broad,P0,"DIY, запчасти, цена товара, панели — не заявка на ремонт"
FL-PANHANDLE | Sub-Zero | tCPA 2026,panel ready,Campaign Negative Broad,P0,"DIY, запчасти, цена товара, панели — не заявка на ремонт"
DESTIN | Lux Search | tCPA 2026,panel ready,Campaign Negative Broad,P0,"DIY, запчасти, цена товара, панели — не заявка на ремонт"
FL-PALM-BEACH | Sub-Zero | tCPA 2026,panel ready,Campaign Negative Broad,P0,"DIY, запчасти, цена товара, панели — не заявка на ремонт"
FL-ORLANDO | Sub-Zero | tCPA 2026,panel ready,Campaign Negative Broad,P0,"DIY, запчасти, цена товара, панели — не заявка на ремонт"
CHI-WEST | Sub-Zero | tCPA 2026,panel ready,Campaign Negative Broad,P0,"DIY, запчасти, цена товара, панели — не заявка на ремонт"
MIAMI | Lux Search | tCPA 2026,panel ready,Campaign Negative Broad,P0,"DIY, запчасти, цена товара, панели — не заявка на ремонт"
FL-MIAMI-DADE | Sub-Zero | tCPA 2026,panel ready,Campaign Negative Broad,P0,"DIY, запчасти, цена товара, панели — не заявка на ремонт"
CHI-NORTHWEST | Sub-Zero | tCPA 2026,panel ready,Campaign Negative Broad,P0,"DIY, запчасти, цена товара, панели — не заявка на ремонт"
CHI-NORTH-SHORE | Sub-Zero | tCPA 2026,panel ready,Campaign Negative Broad,P0,"DIY, запчасти, цена товара, панели — не заявка на ремонт"
CHI-WI-MI | Sub-Zero | tCPA 2026,panel ready,Campaign Negative Broad,P0,"DIY, запчасти, цена товара, панели — не заявка на ремонт"
FL-SARASOTA | Sub-Zero | tCPA 2026,panel ready,Campaign Negative Broad,P0,"DIY, запчасти, цена товара, панели — не заявка на ремонт"
CHI-INDIANA | Sub-Zero | tCPA 2026,panel ready,Campaign Negative Broad,P0,"DIY, запчасти, цена товара, панели — не заявка на ремонт"
CHI-SOUTH | Sub-Zero | tCPA 2026,panel ready,Campaign Negative Broad,P0,"DIY, запчасти, цена товара, панели — не заявка на ремонт"
FL-NAPLES-FORT-MYERS | Sub-Zero | tCPA 2026,panel ready,Campaign Negative Broad,P0,"DIY, запчасти, цена товара, панели — не заявка на ремонт"
FL-PINELLAS | Sub-Zero | tCPA 2026,panel ready,Campaign Negative Broad,P0,"DIY, запчасти, цена товара, панели — не заявка на ремонт"
FL-TAMPA | Sub-Zero | tCPA 2026,panel ready,Campaign Negative Broad,P0,"DIY, запчасти, цена товара, панели — не заявка на ремонт"
CHICAGO | Lux Search | MaxConv 2026,panel ready,Campaign Negative Broad,P0,"DIY, запчасти, цена товара, панели — не заявка на ремонт"
FL-JACKSONVILLE | Sub-Zero | tCPA 2026,panel ready,Campaign Negative Broad,P0,"DIY, запчасти, цена товара, панели — не заявка на ремонт"
FL-NORTH-CENTRAL | Sub-Zero | tCPA 2026,panel ready,Campaign Negative Broad,P0,"DIY, запчасти, цена товара, панели — не заявка на ремонт"
FL-BROWARD | Sub-Zero | tCPA 2026,cabinet panel,Campaign Negative Broad,P0,"DIY, запчасти, цена товара, панели — не заявка на ремонт"
TAMPA | Lux Search | tCPA 2026,cabinet panel,Campaign Negative Broad,P0,"DIY, запчасти, цена товара, панели — не заявка на ремонт"
CHI-CITY | Sub-Zero | tCPA 2026,cabinet panel,Campaign Negative Broad,P0,"DIY, запчасти, цена товара, панели — не заявка на ремонт"
FL-PANHANDLE | Sub-Zero | tCPA 2026,cabinet panel,Campaign Negative Broad,P0,"DIY, запчасти, цена товара, панели — не заявка на ремонт"
DESTIN | Lux Search | tCPA 2026,cabinet panel,Campaign Negative Broad,P0,"DIY, запчасти, цена товара, панели — не заявка на ремонт"
FL-PALM-BEACH | Sub-Zero | tCPA 2026,cabinet panel,Campaign Negative Broad,P0,"DIY, запчасти, цена товара, панели — не заявка на ремонт"
FL-ORLANDO | Sub-Zero | tCPA 2026,cabinet panel,Campaign Negative Broad,P0,"DIY, запчасти, цена товара, панели — не заявка на ремонт"
CHI-WEST | Sub-Zero | tCPA 2026,cabinet panel,Campaign Negative Broad,P0,"DIY, запчасти, цена товара, панели — не заявка на ремонт"
MIAMI | Lux Search | tCPA 2026,cabinet panel,Campaign Negative Broad,P0,"DIY, запчасти, цена товара, панели — не заявка на ремонт"
FL-MIAMI-DADE | Sub-Zero | tCPA 2026,cabinet panel,Campaign Negative Broad,P0,"DIY, запчасти, цена товара, панели — не заявка на ремонт"
CHI-NORTHWEST | Sub-Zero | tCPA 2026,cabinet panel,Campaign Negative Broad,P0,"DIY, запчасти, цена товара, панели — не заявка на ремонт"
CHI-NORTH-SHORE | Sub-Zero | tCPA 2026,cabinet panel,Campaign Negative Broad,P0,"DIY, запчасти, цена товара, панели — не заявка на ремонт"
CHI-WI-MI | Sub-Zero | tCPA 2026,cabinet panel,Campaign Negative Broad,P0,"DIY, запчасти, цена товара, панели — не заявка на ремонт"
FL-SARASOTA | Sub-Zero | tCPA 2026,cabinet panel,Campaign Negative Broad,P0,"DIY, запчасти, цена товара, панели — не заявка на ремонт"
CHI-INDIANA | Sub-Zero | tCPA 2026,cabinet panel,Campaign Negative Broad,P0,"DIY, запчасти, цена товара, панели — не заявка на ремонт"
CHI-SOUTH | Sub-Zero | tCPA 2026,cabinet panel,Campaign Negative Broad,P0,"DIY, запчасти, цена товара, панели — не заявка на ремонт"
FL-NAPLES-FORT-MYERS | Sub-Zero | tCPA 2026,cabinet panel,Campaign Negative Broad,P0,"DIY, запчасти, цена товара, панели — не заявка на ремонт"
FL-PINELLAS | Sub-Zero | tCPA 2026,cabinet panel,Campaign Negative Broad,P0,"DIY, запчасти, цена товара, панели — не заявка на ремонт"
FL-TAMPA | Sub-Zero | tCPA 2026,cabinet panel,Campaign Negative Broad,P0,"DIY, запчасти, цена товара, панели — не заявка на ремонт"
CHICAGO | Lux Search | MaxConv 2026,cabinet panel,Campaign Negative Broad,P0,"DIY, запчасти, цена товара, панели — не заявка на ремонт"
FL-JACKSONVILLE | Sub-Zero | tCPA 2026,cabinet panel,Campaign Negative Broad,P0,"DIY, запчасти, цена товара, панели — не заявка на ремонт"
FL-NORTH-CENTRAL | Sub-Zero | tCPA 2026,cabinet panel,Campaign Negative Broad,P0,"DIY, запчасти, цена товара, панели — не заявка на ремонт"
TAMPA | Lux Search | tCPA 2026,error code,Campaign Negative Broad,P1,"Коды ошибок: клик «miele dishwasher error» стоил $123,19 без конверсии; проверьте, что нет конфликта с оставшимися ключами про коды (CSV 08)"
DESTIN | Lux Search | tCPA 2026,error code,Campaign Negative Broad,P1,"Коды ошибок: клик «miele dishwasher error» стоил $123,19 без конверсии; проверьте, что нет конфликта с оставшимися ключами про коды (CSV 08)"
MIAMI | Lux Search | tCPA 2026,error code,Campaign Negative Broad,P1,"Коды ошибок: клик «miele dishwasher error» стоил $123,19 без конверсии; проверьте, что нет конфликта с оставшимися ключами про коды (CSV 08)"
CHICAGO | Lux Search | MaxConv 2026,error code,Campaign Negative Broad,P1,"Коды ошибок: клик «miele dishwasher error» стоил $123,19 без конверсии; проверьте, что нет конфликта с оставшимися ключами про коды (CSV 08)"
TAMPA | Lux Search | tCPA 2026,error codes,Campaign Negative Broad,P1,"Коды ошибок: клик «miele dishwasher error» стоил $123,19 без конверсии; проверьте, что нет конфликта с оставшимися ключами про коды (CSV 08)"
DESTIN | Lux Search | tCPA 2026,error codes,Campaign Negative Broad,P1,"Коды ошибок: клик «miele dishwasher error» стоил $123,19 без конверсии; проверьте, что нет конфликта с оставшимися ключами про коды (CSV 08)"
MIAMI | Lux Search | tCPA 2026,error codes,Campaign Negative Broad,P1,"Коды ошибок: клик «miele dishwasher error» стоил $123,19 без конверсии; проверьте, что нет конфликта с оставшимися ключами про коды (CSV 08)"
CHICAGO | Lux Search | MaxConv 2026,error codes,Campaign Negative Broad,P1,"Коды ошибок: клик «miele dishwasher error» стоил $123,19 без конверсии; проверьте, что нет конфликта с оставшимися ключами про коды (CSV 08)"
TAMPA | Lux Search | tCPA 2026,fault code,Campaign Negative Broad,P1,"Коды ошибок: клик «miele dishwasher error» стоил $123,19 без конверсии; проверьте, что нет конфликта с оставшимися ключами про коды (CSV 08)"
DESTIN | Lux Search | tCPA 2026,fault code,Campaign Negative Broad,P1,"Коды ошибок: клик «miele dishwasher error» стоил $123,19 без конверсии; проверьте, что нет конфликта с оставшимися ключами про коды (CSV 08)"
MIAMI | Lux Search | tCPA 2026,fault code,Campaign Negative Broad,P1,"Коды ошибок: клик «miele dishwasher error» стоил $123,19 без конверсии; проверьте, что нет конфликта с оставшимися ключами про коды (CSV 08)"
CHICAGO | Lux Search | MaxConv 2026,fault code,Campaign Negative Broad,P1,"Коды ошибок: клик «miele dishwasher error» стоил $123,19 без конверсии; проверьте, что нет конфликта с оставшимися ключами про коды (CSV 08)"
TAMPA | Lux Search | tCPA 2026,fault codes,Campaign Negative Broad,P1,"Коды ошибок: клик «miele dishwasher error» стоил $123,19 без конверсии; проверьте, что нет конфликта с оставшимися ключами про коды (CSV 08)"
DESTIN | Lux Search | tCPA 2026,fault codes,Campaign Negative Broad,P1,"Коды ошибок: клик «miele dishwasher error» стоил $123,19 без конверсии; проверьте, что нет конфликта с оставшимися ключами про коды (CSV 08)"
MIAMI | Lux Search | tCPA 2026,fault codes,Campaign Negative Broad,P1,"Коды ошибок: клик «miele dishwasher error» стоил $123,19 без конверсии; проверьте, что нет конфликта с оставшимися ключами про коды (CSV 08)"
CHICAGO | Lux Search | MaxConv 2026,fault codes,Campaign Negative Broad,P1,"Коды ошибок: клик «miele dishwasher error» стоил $123,19 без конверсии; проверьте, что нет конфликта с оставшимися ключами про коды (CSV 08)"
TAMPA | Lux Search | tCPA 2026,f11,Campaign Negative Broad,P1,"Коды ошибок: клик «miele dishwasher error» стоил $123,19 без конверсии; проверьте, что нет конфликта с оставшимися ключами про коды (CSV 08)"
DESTIN | Lux Search | tCPA 2026,f11,Campaign Negative Broad,P1,"Коды ошибок: клик «miele dishwasher error» стоил $123,19 без конверсии; проверьте, что нет конфликта с оставшимися ключами про коды (CSV 08)"
MIAMI | Lux Search | tCPA 2026,f11,Campaign Negative Broad,P1,"Коды ошибок: клик «miele dishwasher error» стоил $123,19 без конверсии; проверьте, что нет конфликта с оставшимися ключами про коды (CSV 08)"
CHICAGO | Lux Search | MaxConv 2026,f11,Campaign Negative Broad,P1,"Коды ошибок: клик «miele dishwasher error» стоил $123,19 без конверсии; проверьте, что нет конфликта с оставшимися ключами про коды (CSV 08)"
TAMPA | Lux Search | tCPA 2026,f14,Campaign Negative Broad,P1,"Коды ошибок: клик «miele dishwasher error» стоил $123,19 без конверсии; проверьте, что нет конфликта с оставшимися ключами про коды (CSV 08)"
DESTIN | Lux Search | tCPA 2026,f14,Campaign Negative Broad,P1,"Коды ошибок: клик «miele dishwasher error» стоил $123,19 без конверсии; проверьте, что нет конфликта с оставшимися ключами про коды (CSV 08)"
MIAMI | Lux Search | tCPA 2026,f14,Campaign Negative Broad,P1,"Коды ошибок: клик «miele dishwasher error» стоил $123,19 без конверсии; проверьте, что нет конфликта с оставшимися ключами про коды (CSV 08)"
CHICAGO | Lux Search | MaxConv 2026,f14,Campaign Negative Broad,P1,"Коды ошибок: клик «miele dishwasher error» стоил $123,19 без конверсии; проверьте, что нет конфликта с оставшимися ключами про коды (CSV 08)"
TAMPA | Lux Search | tCPA 2026,f24,Campaign Negative Broad,P1,"Коды ошибок: клик «miele dishwasher error» стоил $123,19 без конверсии; проверьте, что нет конфликта с оставшимися ключами про коды (CSV 08)"
DESTIN | Lux Search | tCPA 2026,f24,Campaign Negative Broad,P1,"Коды ошибок: клик «miele dishwasher error» стоил $123,19 без конверсии; проверьте, что нет конфликта с оставшимися ключами про коды (CSV 08)"
MIAMI | Lux Search | tCPA 2026,f24,Campaign Negative Broad,P1,"Коды ошибок: клик «miele dishwasher error» стоил $123,19 без конверсии; проверьте, что нет конфликта с оставшимися ключами про коды (CSV 08)"
CHICAGO | Lux Search | MaxConv 2026,f24,Campaign Negative Broad,P1,"Коды ошибок: клик «miele dishwasher error» стоил $123,19 без конверсии; проверьте, что нет конфликта с оставшимися ключами про коды (CSV 08)"
TAMPA | Lux Search | tCPA 2026,f70,Campaign Negative Broad,P1,"Коды ошибок: клик «miele dishwasher error» стоил $123,19 без конверсии; проверьте, что нет конфликта с оставшимися ключами про коды (CSV 08)"
DESTIN | Lux Search | tCPA 2026,f70,Campaign Negative Broad,P1,"Коды ошибок: клик «miele dishwasher error» стоил $123,19 без конверсии; проверьте, что нет конфликта с оставшимися ключами про коды (CSV 08)"
MIAMI | Lux Search | tCPA 2026,f70,Campaign Negative Broad,P1,"Коды ошибок: клик «miele dishwasher error» стоил $123,19 без конверсии; проверьте, что нет конфликта с оставшимися ключами про коды (CSV 08)"
CHICAGO | Lux Search | MaxConv 2026,f70,Campaign Negative Broad,P1,"Коды ошибок: клик «miele dishwasher error» стоил $123,19 без конверсии; проверьте, что нет конфликта с оставшимися ключами про коды (CSV 08)"
TAMPA | Lux Search | tCPA 2026,f78,Campaign Negative Broad,P1,"Коды ошибок: клик «miele dishwasher error» стоил $123,19 без конверсии; проверьте, что нет конфликта с оставшимися ключами про коды (CSV 08)"
DESTIN | Lux Search | tCPA 2026,f78,Campaign Negative Broad,P1,"Коды ошибок: клик «miele dishwasher error» стоил $123,19 без конверсии; проверьте, что нет конфликта с оставшимися ключами про коды (CSV 08)"
MIAMI | Lux Search | tCPA 2026,f78,Campaign Negative Broad,P1,"Коды ошибок: клик «miele dishwasher error» стоил $123,19 без конверсии; проверьте, что нет конфликта с оставшимися ключами про коды (CSV 08)"
CHICAGO | Lux Search | MaxConv 2026,f78,Campaign Negative Broad,P1,"Коды ошибок: клик «miele dishwasher error» стоил $123,19 без конверсии; проверьте, что нет конфликта с оставшимися ключами про коды (CSV 08)"
TAMPA | Lux Search | tCPA 2026,f84,Campaign Negative Broad,P1,"Коды ошибок: клик «miele dishwasher error» стоил $123,19 без конверсии; проверьте, что нет конфликта с оставшимися ключами про коды (CSV 08)"
DESTIN | Lux Search | tCPA 2026,f84,Campaign Negative Broad,P1,"Коды ошибок: клик «miele dishwasher error» стоил $123,19 без конверсии; проверьте, что нет конфликта с оставшимися ключами про коды (CSV 08)"
MIAMI | Lux Search | tCPA 2026,f84,Campaign Negative Broad,P1,"Коды ошибок: клик «miele dishwasher error» стоил $123,19 без конверсии; проверьте, что нет конфликта с оставшимися ключами про коды (CSV 08)"
CHICAGO | Lux Search | MaxConv 2026,f84,Campaign Negative Broad,P1,"Коды ошибок: клик «miele dishwasher error» стоил $123,19 без конверсии; проверьте, что нет конфликта с оставшимися ключами про коды (CSV 08)"
TAMPA | Lux Search | tCPA 2026,f86,Campaign Negative Broad,P1,"Коды ошибок: клик «miele dishwasher error» стоил $123,19 без конверсии; проверьте, что нет конфликта с оставшимися ключами про коды (CSV 08)"
DESTIN | Lux Search | tCPA 2026,f86,Campaign Negative Broad,P1,"Коды ошибок: клик «miele dishwasher error» стоил $123,19 без конверсии; проверьте, что нет конфликта с оставшимися ключами про коды (CSV 08)"
MIAMI | Lux Search | tCPA 2026,f86,Campaign Negative Broad,P1,"Коды ошибок: клик «miele dishwasher error» стоил $123,19 без конверсии; проверьте, что нет конфликта с оставшимися ключами про коды (CSV 08)"
CHICAGO | Lux Search | MaxConv 2026,f86,Campaign Negative Broad,P1,"Коды ошибок: клик «miele dishwasher error» стоил $123,19 без конверсии; проверьте, что нет конфликта с оставшимися ключами про коды (CSV 08)"
TAMPA | Lux Search | tCPA 2026,e15,Campaign Negative Broad,P1,"Коды ошибок: клик «miele dishwasher error» стоил $123,19 без конверсии; проверьте, что нет конфликта с оставшимися ключами про коды (CSV 08)"
DESTIN | Lux Search | tCPA 2026,e15,Campaign Negative Broad,P1,"Коды ошибок: клик «miele dishwasher error» стоил $123,19 без конверсии; проверьте, что нет конфликта с оставшимися ключами про коды (CSV 08)"
MIAMI | Lux Search | tCPA 2026,e15,Campaign Negative Broad,P1,"Коды ошибок: клик «miele dishwasher error» стоил $123,19 без конверсии; проверьте, что нет конфликта с оставшимися ключами про коды (CSV 08)"
CHICAGO | Lux Search | MaxConv 2026,e15,Campaign Negative Broad,P1,"Коды ошибок: клик «miele dishwasher error» стоил $123,19 без конверсии; проверьте, что нет конфликта с оставшимися ключами про коды (CSV 08)"
TAMPA | Lux Search | tCPA 2026,e22,Campaign Negative Broad,P1,"Коды ошибок: клик «miele dishwasher error» стоил $123,19 без конверсии; проверьте, что нет конфликта с оставшимися ключами про коды (CSV 08)"
DESTIN | Lux Search | tCPA 2026,e22,Campaign Negative Broad,P1,"Коды ошибок: клик «miele dishwasher error» стоил $123,19 без конверсии; проверьте, что нет конфликта с оставшимися ключами про коды (CSV 08)"
MIAMI | Lux Search | tCPA 2026,e22,Campaign Negative Broad,P1,"Коды ошибок: клик «miele dishwasher error» стоил $123,19 без конверсии; проверьте, что нет конфликта с оставшимися ключами про коды (CSV 08)"
CHICAGO | Lux Search | MaxConv 2026,e22,Campaign Negative Broad,P1,"Коды ошибок: клик «miele dishwasher error» стоил $123,19 без конверсии; проверьте, что нет конфликта с оставшимися ключами про коды (CSV 08)"
TAMPA | Lux Search | tCPA 2026,e24,Campaign Negative Broad,P1,"Коды ошибок: клик «miele dishwasher error» стоил $123,19 без конверсии; проверьте, что нет конфликта с оставшимися ключами про коды (CSV 08)"
DESTIN | Lux Search | tCPA 2026,e24,Campaign Negative Broad,P1,"Коды ошибок: клик «miele dishwasher error» стоил $123,19 без конверсии; проверьте, что нет конфликта с оставшимися ключами про коды (CSV 08)"
MIAMI | Lux Search | tCPA 2026,e24,Campaign Negative Broad,P1,"Коды ошибок: клик «miele dishwasher error» стоил $123,19 без конверсии; проверьте, что нет конфликта с оставшимися ключами про коды (CSV 08)"
CHICAGO | Lux Search | MaxConv 2026,e24,Campaign Negative Broad,P1,"Коды ошибок: клик «miele dishwasher error» стоил $123,19 без конверсии; проверьте, что нет конфликта с оставшимися ключами про коды (CSV 08)"
TAMPA | Lux Search | tCPA 2026,e25,Campaign Negative Broad,P1,"Коды ошибок: клик «miele dishwasher error» стоил $123,19 без конверсии; проверьте, что нет конфликта с оставшимися ключами про коды (CSV 08)"
DESTIN | Lux Search | tCPA 2026,e25,Campaign Negative Broad,P1,"Коды ошибок: клик «miele dishwasher error» стоил $123,19 без конверсии; проверьте, что нет конфликта с оставшимися ключами про коды (CSV 08)"
MIAMI | Lux Search | tCPA 2026,e25,Campaign Negative Broad,P1,"Коды ошибок: клик «miele dishwasher error» стоил $123,19 без конверсии; проверьте, что нет конфликта с оставшимися ключами про коды (CSV 08)"
CHICAGO | Lux Search | MaxConv 2026,e25,Campaign Negative Broad,P1,"Коды ошибок: клик «miele dishwasher error» стоил $123,19 без конверсии; проверьте, что нет конфликта с оставшимися ключами про коды (CSV 08)"
TAMPA | Lux Search | tCPA 2026,f 34,Campaign Negative Broad,P1,"Коды ошибок: клик «miele dishwasher error» стоил $123,19 без конверсии; проверьте, что нет конфликта с оставшимися ключами про коды (CSV 08)"
DESTIN | Lux Search | tCPA 2026,f 34,Campaign Negative Broad,P1,"Коды ошибок: клик «miele dishwasher error» стоил $123,19 без конверсии; проверьте, что нет конфликта с оставшимися ключами про коды (CSV 08)"
MIAMI | Lux Search | tCPA 2026,f 34,Campaign Negative Broad,P1,"Коды ошибок: клик «miele dishwasher error» стоил $123,19 без конверсии; проверьте, что нет конфликта с оставшимися ключами про коды (CSV 08)"
CHICAGO | Lux Search | MaxConv 2026,f 34,Campaign Negative Broad,P1,"Коды ошибок: клик «miele dishwasher error» стоил $123,19 без конверсии; проверьте, что нет конфликта с оставшимися ключами про коды (CSV 08)"
TAMPA | Lux Search | tCPA 2026,code e,Campaign Negative Broad,P1,"Коды ошибок: клик «miele dishwasher error» стоил $123,19 без конверсии; проверьте, что нет конфликта с оставшимися ключами про коды (CSV 08)"
DESTIN | Lux Search | tCPA 2026,code e,Campaign Negative Broad,P1,"Коды ошибок: клик «miele dishwasher error» стоил $123,19 без конверсии; проверьте, что нет конфликта с оставшимися ключами про коды (CSV 08)"
MIAMI | Lux Search | tCPA 2026,code e,Campaign Negative Broad,P1,"Коды ошибок: клик «miele dishwasher error» стоил $123,19 без конверсии; проверьте, что нет конфликта с оставшимися ключами про коды (CSV 08)"
CHICAGO | Lux Search | MaxConv 2026,code e,Campaign Negative Broad,P1,"Коды ошибок: клик «miele dishwasher error» стоил $123,19 без конверсии; проверьте, что нет конфликта с оставшимися ключами про коды (CSV 08)"
TAMPA | Lux Search | tCPA 2026,code f,Campaign Negative Broad,P1,"Коды ошибок: клик «miele dishwasher error» стоил $123,19 без конверсии; проверьте, что нет конфликта с оставшимися ключами про коды (CSV 08)"
DESTIN | Lux Search | tCPA 2026,code f,Campaign Negative Broad,P1,"Коды ошибок: клик «miele dishwasher error» стоил $123,19 без конверсии; проверьте, что нет конфликта с оставшимися ключами про коды (CSV 08)"
MIAMI | Lux Search | tCPA 2026,code f,Campaign Negative Broad,P1,"Коды ошибок: клик «miele dishwasher error» стоил $123,19 без конверсии; проверьте, что нет конфликта с оставшимися ключами про коды (CSV 08)"
CHICAGO | Lux Search | MaxConv 2026,code f,Campaign Negative Broad,P1,"Коды ошибок: клик «miele dishwasher error» стоил $123,19 без конверсии; проверьте, что нет конфликта с оставшимися ключами про коды (CSV 08)"
TAMPA | Lux Search | tCPA 2026,flashing,Campaign Negative Broad,P1,"Коды ошибок: клик «miele dishwasher error» стоил $123,19 без конверсии; проверьте, что нет конфликта с оставшимися ключами про коды (CSV 08)"
DESTIN | Lux Search | tCPA 2026,flashing,Campaign Negative Broad,P1,"Коды ошибок: клик «miele dishwasher error» стоил $123,19 без конверсии; проверьте, что нет конфликта с оставшимися ключами про коды (CSV 08)"
MIAMI | Lux Search | tCPA 2026,flashing,Campaign Negative Broad,P1,"Коды ошибок: клик «miele dishwasher error» стоил $123,19 без конверсии; проверьте, что нет конфликта с оставшимися ключами про коды (CSV 08)"
CHICAGO | Lux Search | MaxConv 2026,flashing,Campaign Negative Broad,P1,"Коды ошибок: клик «miele dishwasher error» стоил $123,19 без конверсии; проверьте, что нет конфликта с оставшимися ключами про коды (CSV 08)"
TAMPA | Lux Search | tCPA 2026,blinking,Campaign Negative Broad,P1,"Коды ошибок: клик «miele dishwasher error» стоил $123,19 без конверсии; проверьте, что нет конфликта с оставшимися ключами про коды (CSV 08)"
DESTIN | Lux Search | tCPA 2026,blinking,Campaign Negative Broad,P1,"Коды ошибок: клик «miele dishwasher error» стоил $123,19 без конверсии; проверьте, что нет конфликта с оставшимися ключами про коды (CSV 08)"
MIAMI | Lux Search | tCPA 2026,blinking,Campaign Negative Broad,P1,"Коды ошибок: клик «miele dishwasher error» стоил $123,19 без конверсии; проверьте, что нет конфликта с оставшимися ключами про коды (CSV 08)"
CHICAGO | Lux Search | MaxConv 2026,blinking,Campaign Negative Broad,P1,"Коды ошибок: клик «miele dishwasher error» стоил $123,19 без конверсии; проверьте, что нет конфликта с оставшимися ключами про коды (CSV 08)"
TAMPA | Lux Search | tCPA 2026,beeping,Campaign Negative Broad,P1,"Коды ошибок: клик «miele dishwasher error» стоил $123,19 без конверсии; проверьте, что нет конфликта с оставшимися ключами про коды (CSV 08)"
DESTIN | Lux Search | tCPA 2026,beeping,Campaign Negative Broad,P1,"Коды ошибок: клик «miele dishwasher error» стоил $123,19 без конверсии; проверьте, что нет конфликта с оставшимися ключами про коды (CSV 08)"
MIAMI | Lux Search | tCPA 2026,beeping,Campaign Negative Broad,P1,"Коды ошибок: клик «miele dishwasher error» стоил $123,19 без конверсии; проверьте, что нет конфликта с оставшимися ключами про коды (CSV 08)"
CHICAGO | Lux Search | MaxConv 2026,beeping,Campaign Negative Broad,P1,"Коды ошибок: клик «miele dishwasher error» стоил $123,19 без конверсии; проверьте, что нет конфликта с оставшимися ключами про коды (CSV 08)"
TAMPA | Lux Search | tCPA 2026,reset,Campaign Negative Broad,P1,"Коды ошибок: клик «miele dishwasher error» стоил $123,19 без конверсии; проверьте, что нет конфликта с оставшимися ключами про коды (CSV 08)"
DESTIN | Lux Search | tCPA 2026,reset,Campaign Negative Broad,P1,"Коды ошибок: клик «miele dishwasher error» стоил $123,19 без конверсии; проверьте, что нет конфликта с оставшимися ключами про коды (CSV 08)"
MIAMI | Lux Search | tCPA 2026,reset,Campaign Negative Broad,P1,"Коды ошибок: клик «miele dishwasher error» стоил $123,19 без конверсии; проверьте, что нет конфликта с оставшимися ключами про коды (CSV 08)"
CHICAGO | Lux Search | MaxConv 2026,reset,Campaign Negative Broad,P1,"Коды ошибок: клик «miele dishwasher error» стоил $123,19 без конверсии; проверьте, что нет конфликта с оставшимися ключами про коды (CSV 08)"
FL-BROWARD | Sub-Zero | tCPA 2026,houston,Campaign Negative Broad,P1,"Запросы из других штатов (пример: «gantt appliance charlotte nc», «seasonal comfort houston»)"
TAMPA | Lux Search | tCPA 2026,houston,Campaign Negative Broad,P1,"Запросы из других штатов (пример: «gantt appliance charlotte nc», «seasonal comfort houston»)"
CHI-CITY | Sub-Zero | tCPA 2026,houston,Campaign Negative Broad,P1,"Запросы из других штатов (пример: «gantt appliance charlotte nc», «seasonal comfort houston»)"
FL-PANHANDLE | Sub-Zero | tCPA 2026,houston,Campaign Negative Broad,P1,"Запросы из других штатов (пример: «gantt appliance charlotte nc», «seasonal comfort houston»)"
DESTIN | Lux Search | tCPA 2026,houston,Campaign Negative Broad,P1,"Запросы из других штатов (пример: «gantt appliance charlotte nc», «seasonal comfort houston»)"
FL-PALM-BEACH | Sub-Zero | tCPA 2026,houston,Campaign Negative Broad,P1,"Запросы из других штатов (пример: «gantt appliance charlotte nc», «seasonal comfort houston»)"
FL-ORLANDO | Sub-Zero | tCPA 2026,houston,Campaign Negative Broad,P1,"Запросы из других штатов (пример: «gantt appliance charlotte nc», «seasonal comfort houston»)"
CHI-WEST | Sub-Zero | tCPA 2026,houston,Campaign Negative Broad,P1,"Запросы из других штатов (пример: «gantt appliance charlotte nc», «seasonal comfort houston»)"
MIAMI | Lux Search | tCPA 2026,houston,Campaign Negative Broad,P1,"Запросы из других штатов (пример: «gantt appliance charlotte nc», «seasonal comfort houston»)"
FL-MIAMI-DADE | Sub-Zero | tCPA 2026,houston,Campaign Negative Broad,P1,"Запросы из других штатов (пример: «gantt appliance charlotte nc», «seasonal comfort houston»)"
CHI-NORTHWEST | Sub-Zero | tCPA 2026,houston,Campaign Negative Broad,P1,"Запросы из других штатов (пример: «gantt appliance charlotte nc», «seasonal comfort houston»)"
CHI-NORTH-SHORE | Sub-Zero | tCPA 2026,houston,Campaign Negative Broad,P1,"Запросы из других штатов (пример: «gantt appliance charlotte nc», «seasonal comfort houston»)"
CHI-WI-MI | Sub-Zero | tCPA 2026,houston,Campaign Negative Broad,P1,"Запросы из других штатов (пример: «gantt appliance charlotte nc», «seasonal comfort houston»)"
FL-SARASOTA | Sub-Zero | tCPA 2026,houston,Campaign Negative Broad,P1,"Запросы из других штатов (пример: «gantt appliance charlotte nc», «seasonal comfort houston»)"
CHI-INDIANA | Sub-Zero | tCPA 2026,houston,Campaign Negative Broad,P1,"Запросы из других штатов (пример: «gantt appliance charlotte nc», «seasonal comfort houston»)"
CHI-SOUTH | Sub-Zero | tCPA 2026,houston,Campaign Negative Broad,P1,"Запросы из других штатов (пример: «gantt appliance charlotte nc», «seasonal comfort houston»)"
FL-NAPLES-FORT-MYERS | Sub-Zero | tCPA 2026,houston,Campaign Negative Broad,P1,"Запросы из других штатов (пример: «gantt appliance charlotte nc», «seasonal comfort houston»)"
FL-PINELLAS | Sub-Zero | tCPA 2026,houston,Campaign Negative Broad,P1,"Запросы из других штатов (пример: «gantt appliance charlotte nc», «seasonal comfort houston»)"
FL-TAMPA | Sub-Zero | tCPA 2026,houston,Campaign Negative Broad,P1,"Запросы из других штатов (пример: «gantt appliance charlotte nc», «seasonal comfort houston»)"
CHICAGO | Lux Search | MaxConv 2026,houston,Campaign Negative Broad,P1,"Запросы из других штатов (пример: «gantt appliance charlotte nc», «seasonal comfort houston»)"
FL-JACKSONVILLE | Sub-Zero | tCPA 2026,houston,Campaign Negative Broad,P1,"Запросы из других штатов (пример: «gantt appliance charlotte nc», «seasonal comfort houston»)"
FL-NORTH-CENTRAL | Sub-Zero | tCPA 2026,houston,Campaign Negative Broad,P1,"Запросы из других штатов (пример: «gantt appliance charlotte nc», «seasonal comfort houston»)"
FL-BROWARD | Sub-Zero | tCPA 2026,charlotte,Campaign Negative Broad,P1,"Запросы из других штатов (пример: «gantt appliance charlotte nc», «seasonal comfort houston»)"
TAMPA | Lux Search | tCPA 2026,charlotte,Campaign Negative Broad,P1,"Запросы из других штатов (пример: «gantt appliance charlotte nc», «seasonal comfort houston»)"
CHI-CITY | Sub-Zero | tCPA 2026,charlotte,Campaign Negative Broad,P1,"Запросы из других штатов (пример: «gantt appliance charlotte nc», «seasonal comfort houston»)"
FL-PANHANDLE | Sub-Zero | tCPA 2026,charlotte,Campaign Negative Broad,P1,"Запросы из других штатов (пример: «gantt appliance charlotte nc», «seasonal comfort houston»)"
DESTIN | Lux Search | tCPA 2026,charlotte,Campaign Negative Broad,P1,"Запросы из других штатов (пример: «gantt appliance charlotte nc», «seasonal comfort houston»)"
FL-PALM-BEACH | Sub-Zero | tCPA 2026,charlotte,Campaign Negative Broad,P1,"Запросы из других штатов (пример: «gantt appliance charlotte nc», «seasonal comfort houston»)"
FL-ORLANDO | Sub-Zero | tCPA 2026,charlotte,Campaign Negative Broad,P1,"Запросы из других штатов (пример: «gantt appliance charlotte nc», «seasonal comfort houston»)"
CHI-WEST | Sub-Zero | tCPA 2026,charlotte,Campaign Negative Broad,P1,"Запросы из других штатов (пример: «gantt appliance charlotte nc», «seasonal comfort houston»)"
MIAMI | Lux Search | tCPA 2026,charlotte,Campaign Negative Broad,P1,"Запросы из других штатов (пример: «gantt appliance charlotte nc», «seasonal comfort houston»)"
FL-MIAMI-DADE | Sub-Zero | tCPA 2026,charlotte,Campaign Negative Broad,P1,"Запросы из других штатов (пример: «gantt appliance charlotte nc», «seasonal comfort houston»)"
CHI-NORTHWEST | Sub-Zero | tCPA 2026,charlotte,Campaign Negative Broad,P1,"Запросы из других штатов (пример: «gantt appliance charlotte nc», «seasonal comfort houston»)"
CHI-NORTH-SHORE | Sub-Zero | tCPA 2026,charlotte,Campaign Negative Broad,P1,"Запросы из других штатов (пример: «gantt appliance charlotte nc», «seasonal comfort houston»)"
CHI-WI-MI | Sub-Zero | tCPA 2026,charlotte,Campaign Negative Broad,P1,"Запросы из других штатов (пример: «gantt appliance charlotte nc», «seasonal comfort houston»)"
FL-SARASOTA | Sub-Zero | tCPA 2026,charlotte,Campaign Negative Broad,P1,"Запросы из других штатов (пример: «gantt appliance charlotte nc», «seasonal comfort houston»)"
CHI-INDIANA | Sub-Zero | tCPA 2026,charlotte,Campaign Negative Broad,P1,"Запросы из других штатов (пример: «gantt appliance charlotte nc», «seasonal comfort houston»)"
CHI-SOUTH | Sub-Zero | tCPA 2026,charlotte,Campaign Negative Broad,P1,"Запросы из других штатов (пример: «gantt appliance charlotte nc», «seasonal comfort houston»)"
FL-NAPLES-FORT-MYERS | Sub-Zero | tCPA 2026,charlotte,Campaign Negative Broad,P1,"Запросы из других штатов (пример: «gantt appliance charlotte nc», «seasonal comfort houston»)"
FL-PINELLAS | Sub-Zero | tCPA 2026,charlotte,Campaign Negative Broad,P1,"Запросы из других штатов (пример: «gantt appliance charlotte nc», «seasonal comfort houston»)"
FL-TAMPA | Sub-Zero | tCPA 2026,charlotte,Campaign Negative Broad,P1,"Запросы из других штатов (пример: «gantt appliance charlotte nc», «seasonal comfort houston»)"
CHICAGO | Lux Search | MaxConv 2026,charlotte,Campaign Negative Broad,P1,"Запросы из других штатов (пример: «gantt appliance charlotte nc», «seasonal comfort houston»)"
FL-JACKSONVILLE | Sub-Zero | tCPA 2026,charlotte,Campaign Negative Broad,P1,"Запросы из других штатов (пример: «gantt appliance charlotte nc», «seasonal comfort houston»)"
FL-NORTH-CENTRAL | Sub-Zero | tCPA 2026,charlotte,Campaign Negative Broad,P1,"Запросы из других штатов (пример: «gantt appliance charlotte nc», «seasonal comfort houston»)"
FL-BROWARD | Sub-Zero | tCPA 2026,north carolina,Campaign Negative Broad,P1,"Запросы из других штатов (пример: «gantt appliance charlotte nc», «seasonal comfort houston»)"
TAMPA | Lux Search | tCPA 2026,north carolina,Campaign Negative Broad,P1,"Запросы из других штатов (пример: «gantt appliance charlotte nc», «seasonal comfort houston»)"
CHI-CITY | Sub-Zero | tCPA 2026,north carolina,Campaign Negative Broad,P1,"Запросы из других штатов (пример: «gantt appliance charlotte nc», «seasonal comfort houston»)"
FL-PANHANDLE | Sub-Zero | tCPA 2026,north carolina,Campaign Negative Broad,P1,"Запросы из других штатов (пример: «gantt appliance charlotte nc», «seasonal comfort houston»)"
DESTIN | Lux Search | tCPA 2026,north carolina,Campaign Negative Broad,P1,"Запросы из других штатов (пример: «gantt appliance charlotte nc», «seasonal comfort houston»)"
FL-PALM-BEACH | Sub-Zero | tCPA 2026,north carolina,Campaign Negative Broad,P1,"Запросы из других штатов (пример: «gantt appliance charlotte nc», «seasonal comfort houston»)"
FL-ORLANDO | Sub-Zero | tCPA 2026,north carolina,Campaign Negative Broad,P1,"Запросы из других штатов (пример: «gantt appliance charlotte nc», «seasonal comfort houston»)"
CHI-WEST | Sub-Zero | tCPA 2026,north carolina,Campaign Negative Broad,P1,"Запросы из других штатов (пример: «gantt appliance charlotte nc», «seasonal comfort houston»)"
MIAMI | Lux Search | tCPA 2026,north carolina,Campaign Negative Broad,P1,"Запросы из других штатов (пример: «gantt appliance charlotte nc», «seasonal comfort houston»)"
FL-MIAMI-DADE | Sub-Zero | tCPA 2026,north carolina,Campaign Negative Broad,P1,"Запросы из других штатов (пример: «gantt appliance charlotte nc», «seasonal comfort houston»)"
CHI-NORTHWEST | Sub-Zero | tCPA 2026,north carolina,Campaign Negative Broad,P1,"Запросы из других штатов (пример: «gantt appliance charlotte nc», «seasonal comfort houston»)"
CHI-NORTH-SHORE | Sub-Zero | tCPA 2026,north carolina,Campaign Negative Broad,P1,"Запросы из других штатов (пример: «gantt appliance charlotte nc», «seasonal comfort houston»)"
CHI-WI-MI | Sub-Zero | tCPA 2026,north carolina,Campaign Negative Broad,P1,"Запросы из других штатов (пример: «gantt appliance charlotte nc», «seasonal comfort houston»)"
FL-SARASOTA | Sub-Zero | tCPA 2026,north carolina,Campaign Negative Broad,P1,"Запросы из других штатов (пример: «gantt appliance charlotte nc», «seasonal comfort houston»)"
CHI-INDIANA | Sub-Zero | tCPA 2026,north carolina,Campaign Negative Broad,P1,"Запросы из других штатов (пример: «gantt appliance charlotte nc», «seasonal comfort houston»)"
CHI-SOUTH | Sub-Zero | tCPA 2026,north carolina,Campaign Negative Broad,P1,"Запросы из других штатов (пример: «gantt appliance charlotte nc», «seasonal comfort houston»)"
FL-NAPLES-FORT-MYERS | Sub-Zero | tCPA 2026,north carolina,Campaign Negative Broad,P1,"Запросы из других штатов (пример: «gantt appliance charlotte nc», «seasonal comfort houston»)"
FL-PINELLAS | Sub-Zero | tCPA 2026,north carolina,Campaign Negative Broad,P1,"Запросы из других штатов (пример: «gantt appliance charlotte nc», «seasonal comfort houston»)"
FL-TAMPA | Sub-Zero | tCPA 2026,north carolina,Campaign Negative Broad,P1,"Запросы из других штатов (пример: «gantt appliance charlotte nc», «seasonal comfort houston»)"
CHICAGO | Lux Search | MaxConv 2026,north carolina,Campaign Negative Broad,P1,"Запросы из других штатов (пример: «gantt appliance charlotte nc», «seasonal comfort houston»)"
FL-JACKSONVILLE | Sub-Zero | tCPA 2026,north carolina,Campaign Negative Broad,P1,"Запросы из других штатов (пример: «gantt appliance charlotte nc», «seasonal comfort houston»)"
FL-NORTH-CENTRAL | Sub-Zero | tCPA 2026,north carolina,Campaign Negative Broad,P1,"Запросы из других штатов (пример: «gantt appliance charlotte nc», «seasonal comfort houston»)"
FL-BROWARD | Sub-Zero | tCPA 2026,nc,Campaign Negative Broad,P1,"Запросы из других штатов (пример: «gantt appliance charlotte nc», «seasonal comfort houston»)"
TAMPA | Lux Search | tCPA 2026,nc,Campaign Negative Broad,P1,"Запросы из других штатов (пример: «gantt appliance charlotte nc», «seasonal comfort houston»)"
CHI-CITY | Sub-Zero | tCPA 2026,nc,Campaign Negative Broad,P1,"Запросы из других штатов (пример: «gantt appliance charlotte nc», «seasonal comfort houston»)"
FL-PANHANDLE | Sub-Zero | tCPA 2026,nc,Campaign Negative Broad,P1,"Запросы из других штатов (пример: «gantt appliance charlotte nc», «seasonal comfort houston»)"
DESTIN | Lux Search | tCPA 2026,nc,Campaign Negative Broad,P1,"Запросы из других штатов (пример: «gantt appliance charlotte nc», «seasonal comfort houston»)"
FL-PALM-BEACH | Sub-Zero | tCPA 2026,nc,Campaign Negative Broad,P1,"Запросы из других штатов (пример: «gantt appliance charlotte nc», «seasonal comfort houston»)"
FL-ORLANDO | Sub-Zero | tCPA 2026,nc,Campaign Negative Broad,P1,"Запросы из других штатов (пример: «gantt appliance charlotte nc», «seasonal comfort houston»)"
CHI-WEST | Sub-Zero | tCPA 2026,nc,Campaign Negative Broad,P1,"Запросы из других штатов (пример: «gantt appliance charlotte nc», «seasonal comfort houston»)"
MIAMI | Lux Search | tCPA 2026,nc,Campaign Negative Broad,P1,"Запросы из других штатов (пример: «gantt appliance charlotte nc», «seasonal comfort houston»)"
FL-MIAMI-DADE | Sub-Zero | tCPA 2026,nc,Campaign Negative Broad,P1,"Запросы из других штатов (пример: «gantt appliance charlotte nc», «seasonal comfort houston»)"
CHI-NORTHWEST | Sub-Zero | tCPA 2026,nc,Campaign Negative Broad,P1,"Запросы из других штатов (пример: «gantt appliance charlotte nc», «seasonal comfort houston»)"
CHI-NORTH-SHORE | Sub-Zero | tCPA 2026,nc,Campaign Negative Broad,P1,"Запросы из других штатов (пример: «gantt appliance charlotte nc», «seasonal comfort houston»)"
CHI-WI-MI | Sub-Zero | tCPA 2026,nc,Campaign Negative Broad,P1,"Запросы из других штатов (пример: «gantt appliance charlotte nc», «seasonal comfort houston»)"
FL-SARASOTA | Sub-Zero | tCPA 2026,nc,Campaign Negative Broad,P1,"Запросы из других штатов (пример: «gantt appliance charlotte nc», «seasonal comfort houston»)"
CHI-INDIANA | Sub-Zero | tCPA 2026,nc,Campaign Negative Broad,P1,"Запросы из других штатов (пример: «gantt appliance charlotte nc», «seasonal comfort houston»)"
CHI-SOUTH | Sub-Zero | tCPA 2026,nc,Campaign Negative Broad,P1,"Запросы из других штатов (пример: «gantt appliance charlotte nc», «seasonal comfort houston»)"
FL-NAPLES-FORT-MYERS | Sub-Zero | tCPA 2026,nc,Campaign Negative Broad,P1,"Запросы из других штатов (пример: «gantt appliance charlotte nc», «seasonal comfort houston»)"
FL-PINELLAS | Sub-Zero | tCPA 2026,nc,Campaign Negative Broad,P1,"Запросы из других штатов (пример: «gantt appliance charlotte nc», «seasonal comfort houston»)"
FL-TAMPA | Sub-Zero | tCPA 2026,nc,Campaign Negative Broad,P1,"Запросы из других штатов (пример: «gantt appliance charlotte nc», «seasonal comfort houston»)"
CHICAGO | Lux Search | MaxConv 2026,nc,Campaign Negative Broad,P1,"Запросы из других штатов (пример: «gantt appliance charlotte nc», «seasonal comfort houston»)"
FL-JACKSONVILLE | Sub-Zero | tCPA 2026,nc,Campaign Negative Broad,P1,"Запросы из других штатов (пример: «gantt appliance charlotte nc», «seasonal comfort houston»)"
FL-NORTH-CENTRAL | Sub-Zero | tCPA 2026,nc,Campaign Negative Broad,P1,"Запросы из других штатов (пример: «gantt appliance charlotte nc», «seasonal comfort houston»)"
FL-BROWARD | Sub-Zero | tCPA 2026,texas,Campaign Negative Broad,P1,"Запросы из других штатов (пример: «gantt appliance charlotte nc», «seasonal comfort houston»)"
TAMPA | Lux Search | tCPA 2026,texas,Campaign Negative Broad,P1,"Запросы из других штатов (пример: «gantt appliance charlotte nc», «seasonal comfort houston»)"
CHI-CITY | Sub-Zero | tCPA 2026,texas,Campaign Negative Broad,P1,"Запросы из других штатов (пример: «gantt appliance charlotte nc», «seasonal comfort houston»)"
FL-PANHANDLE | Sub-Zero | tCPA 2026,texas,Campaign Negative Broad,P1,"Запросы из других штатов (пример: «gantt appliance charlotte nc», «seasonal comfort houston»)"
DESTIN | Lux Search | tCPA 2026,texas,Campaign Negative Broad,P1,"Запросы из других штатов (пример: «gantt appliance charlotte nc», «seasonal comfort houston»)"
FL-PALM-BEACH | Sub-Zero | tCPA 2026,texas,Campaign Negative Broad,P1,"Запросы из других штатов (пример: «gantt appliance charlotte nc», «seasonal comfort houston»)"
FL-ORLANDO | Sub-Zero | tCPA 2026,texas,Campaign Negative Broad,P1,"Запросы из других штатов (пример: «gantt appliance charlotte nc», «seasonal comfort houston»)"
CHI-WEST | Sub-Zero | tCPA 2026,texas,Campaign Negative Broad,P1,"Запросы из других штатов (пример: «gantt appliance charlotte nc», «seasonal comfort houston»)"
MIAMI | Lux Search | tCPA 2026,texas,Campaign Negative Broad,P1,"Запросы из других штатов (пример: «gantt appliance charlotte nc», «seasonal comfort houston»)"
FL-MIAMI-DADE | Sub-Zero | tCPA 2026,texas,Campaign Negative Broad,P1,"Запросы из других штатов (пример: «gantt appliance charlotte nc», «seasonal comfort houston»)"
CHI-NORTHWEST | Sub-Zero | tCPA 2026,texas,Campaign Negative Broad,P1,"Запросы из других штатов (пример: «gantt appliance charlotte nc», «seasonal comfort houston»)"
CHI-NORTH-SHORE | Sub-Zero | tCPA 2026,texas,Campaign Negative Broad,P1,"Запросы из других штатов (пример: «gantt appliance charlotte nc», «seasonal comfort houston»)"
CHI-WI-MI | Sub-Zero | tCPA 2026,texas,Campaign Negative Broad,P1,"Запросы из других штатов (пример: «gantt appliance charlotte nc», «seasonal comfort houston»)"
FL-SARASOTA | Sub-Zero | tCPA 2026,texas,Campaign Negative Broad,P1,"Запросы из других штатов (пример: «gantt appliance charlotte nc», «seasonal comfort houston»)"
CHI-INDIANA | Sub-Zero | tCPA 2026,texas,Campaign Negative Broad,P1,"Запросы из других штатов (пример: «gantt appliance charlotte nc», «seasonal comfort houston»)"
CHI-SOUTH | Sub-Zero | tCPA 2026,texas,Campaign Negative Broad,P1,"Запросы из других штатов (пример: «gantt appliance charlotte nc», «seasonal comfort houston»)"
FL-NAPLES-FORT-MYERS | Sub-Zero | tCPA 2026,texas,Campaign Negative Broad,P1,"Запросы из других штатов (пример: «gantt appliance charlotte nc», «seasonal comfort houston»)"
FL-PINELLAS | Sub-Zero | tCPA 2026,texas,Campaign Negative Broad,P1,"Запросы из других штатов (пример: «gantt appliance charlotte nc», «seasonal comfort houston»)"
FL-TAMPA | Sub-Zero | tCPA 2026,texas,Campaign Negative Broad,P1,"Запросы из других штатов (пример: «gantt appliance charlotte nc», «seasonal comfort houston»)"
CHICAGO | Lux Search | MaxConv 2026,texas,Campaign Negative Broad,P1,"Запросы из других штатов (пример: «gantt appliance charlotte nc», «seasonal comfort houston»)"
FL-JACKSONVILLE | Sub-Zero | tCPA 2026,texas,Campaign Negative Broad,P1,"Запросы из других штатов (пример: «gantt appliance charlotte nc», «seasonal comfort houston»)"
FL-NORTH-CENTRAL | Sub-Zero | tCPA 2026,texas,Campaign Negative Broad,P1,"Запросы из других штатов (пример: «gantt appliance charlotte nc», «seasonal comfort houston»)"
FL-BROWARD | Sub-Zero | tCPA 2026,georgia,Campaign Negative Broad,P1,"Запросы из других штатов (пример: «gantt appliance charlotte nc», «seasonal comfort houston»)"
TAMPA | Lux Search | tCPA 2026,georgia,Campaign Negative Broad,P1,"Запросы из других штатов (пример: «gantt appliance charlotte nc», «seasonal comfort houston»)"
CHI-CITY | Sub-Zero | tCPA 2026,georgia,Campaign Negative Broad,P1,"Запросы из других штатов (пример: «gantt appliance charlotte nc», «seasonal comfort houston»)"
FL-PANHANDLE | Sub-Zero | tCPA 2026,georgia,Campaign Negative Broad,P1,"Запросы из других штатов (пример: «gantt appliance charlotte nc», «seasonal comfort houston»)"
DESTIN | Lux Search | tCPA 2026,georgia,Campaign Negative Broad,P1,"Запросы из других штатов (пример: «gantt appliance charlotte nc», «seasonal comfort houston»)"
FL-PALM-BEACH | Sub-Zero | tCPA 2026,georgia,Campaign Negative Broad,P1,"Запросы из других штатов (пример: «gantt appliance charlotte nc», «seasonal comfort houston»)"
FL-ORLANDO | Sub-Zero | tCPA 2026,georgia,Campaign Negative Broad,P1,"Запросы из других штатов (пример: «gantt appliance charlotte nc», «seasonal comfort houston»)"
CHI-WEST | Sub-Zero | tCPA 2026,georgia,Campaign Negative Broad,P1,"Запросы из других штатов (пример: «gantt appliance charlotte nc», «seasonal comfort houston»)"
MIAMI | Lux Search | tCPA 2026,georgia,Campaign Negative Broad,P1,"Запросы из других штатов (пример: «gantt appliance charlotte nc», «seasonal comfort houston»)"
FL-MIAMI-DADE | Sub-Zero | tCPA 2026,georgia,Campaign Negative Broad,P1,"Запросы из других штатов (пример: «gantt appliance charlotte nc», «seasonal comfort houston»)"
CHI-NORTHWEST | Sub-Zero | tCPA 2026,georgia,Campaign Negative Broad,P1,"Запросы из других штатов (пример: «gantt appliance charlotte nc», «seasonal comfort houston»)"
CHI-NORTH-SHORE | Sub-Zero | tCPA 2026,georgia,Campaign Negative Broad,P1,"Запросы из других штатов (пример: «gantt appliance charlotte nc», «seasonal comfort houston»)"
CHI-WI-MI | Sub-Zero | tCPA 2026,georgia,Campaign Negative Broad,P1,"Запросы из других штатов (пример: «gantt appliance charlotte nc», «seasonal comfort houston»)"
FL-SARASOTA | Sub-Zero | tCPA 2026,georgia,Campaign Negative Broad,P1,"Запросы из других штатов (пример: «gantt appliance charlotte nc», «seasonal comfort houston»)"
CHI-INDIANA | Sub-Zero | tCPA 2026,georgia,Campaign Negative Broad,P1,"Запросы из других штатов (пример: «gantt appliance charlotte nc», «seasonal comfort houston»)"
CHI-SOUTH | Sub-Zero | tCPA 2026,georgia,Campaign Negative Broad,P1,"Запросы из других штатов (пример: «gantt appliance charlotte nc», «seasonal comfort houston»)"
FL-NAPLES-FORT-MYERS | Sub-Zero | tCPA 2026,georgia,Campaign Negative Broad,P1,"Запросы из других штатов (пример: «gantt appliance charlotte nc», «seasonal comfort houston»)"
FL-PINELLAS | Sub-Zero | tCPA 2026,georgia,Campaign Negative Broad,P1,"Запросы из других штатов (пример: «gantt appliance charlotte nc», «seasonal comfort houston»)"
FL-TAMPA | Sub-Zero | tCPA 2026,georgia,Campaign Negative Broad,P1,"Запросы из других штатов (пример: «gantt appliance charlotte nc», «seasonal comfort houston»)"
CHICAGO | Lux Search | MaxConv 2026,georgia,Campaign Negative Broad,P1,"Запросы из других штатов (пример: «gantt appliance charlotte nc», «seasonal comfort houston»)"
FL-JACKSONVILLE | Sub-Zero | tCPA 2026,georgia,Campaign Negative Broad,P1,"Запросы из других штатов (пример: «gantt appliance charlotte nc», «seasonal comfort houston»)"
FL-NORTH-CENTRAL | Sub-Zero | tCPA 2026,georgia,Campaign Negative Broad,P1,"Запросы из других штатов (пример: «gantt appliance charlotte nc», «seasonal comfort houston»)"
FL-BROWARD | Sub-Zero | tCPA 2026,atlanta,Campaign Negative Broad,P1,"Запросы из других штатов (пример: «gantt appliance charlotte nc», «seasonal comfort houston»)"
TAMPA | Lux Search | tCPA 2026,atlanta,Campaign Negative Broad,P1,"Запросы из других штатов (пример: «gantt appliance charlotte nc», «seasonal comfort houston»)"
CHI-CITY | Sub-Zero | tCPA 2026,atlanta,Campaign Negative Broad,P1,"Запросы из других штатов (пример: «gantt appliance charlotte nc», «seasonal comfort houston»)"
FL-PANHANDLE | Sub-Zero | tCPA 2026,atlanta,Campaign Negative Broad,P1,"Запросы из других штатов (пример: «gantt appliance charlotte nc», «seasonal comfort houston»)"
DESTIN | Lux Search | tCPA 2026,atlanta,Campaign Negative Broad,P1,"Запросы из других штатов (пример: «gantt appliance charlotte nc», «seasonal comfort houston»)"
FL-PALM-BEACH | Sub-Zero | tCPA 2026,atlanta,Campaign Negative Broad,P1,"Запросы из других штатов (пример: «gantt appliance charlotte nc», «seasonal comfort houston»)"
FL-ORLANDO | Sub-Zero | tCPA 2026,atlanta,Campaign Negative Broad,P1,"Запросы из других штатов (пример: «gantt appliance charlotte nc», «seasonal comfort houston»)"
CHI-WEST | Sub-Zero | tCPA 2026,atlanta,Campaign Negative Broad,P1,"Запросы из других штатов (пример: «gantt appliance charlotte nc», «seasonal comfort houston»)"
MIAMI | Lux Search | tCPA 2026,atlanta,Campaign Negative Broad,P1,"Запросы из других штатов (пример: «gantt appliance charlotte nc», «seasonal comfort houston»)"
FL-MIAMI-DADE | Sub-Zero | tCPA 2026,atlanta,Campaign Negative Broad,P1,"Запросы из других штатов (пример: «gantt appliance charlotte nc», «seasonal comfort houston»)"
CHI-NORTHWEST | Sub-Zero | tCPA 2026,atlanta,Campaign Negative Broad,P1,"Запросы из других штатов (пример: «gantt appliance charlotte nc», «seasonal comfort houston»)"
CHI-NORTH-SHORE | Sub-Zero | tCPA 2026,atlanta,Campaign Negative Broad,P1,"Запросы из других штатов (пример: «gantt appliance charlotte nc», «seasonal comfort houston»)"
CHI-WI-MI | Sub-Zero | tCPA 2026,atlanta,Campaign Negative Broad,P1,"Запросы из других штатов (пример: «gantt appliance charlotte nc», «seasonal comfort houston»)"
FL-SARASOTA | Sub-Zero | tCPA 2026,atlanta,Campaign Negative Broad,P1,"Запросы из других штатов (пример: «gantt appliance charlotte nc», «seasonal comfort houston»)"
CHI-INDIANA | Sub-Zero | tCPA 2026,atlanta,Campaign Negative Broad,P1,"Запросы из других штатов (пример: «gantt appliance charlotte nc», «seasonal comfort houston»)"
CHI-SOUTH | Sub-Zero | tCPA 2026,atlanta,Campaign Negative Broad,P1,"Запросы из других штатов (пример: «gantt appliance charlotte nc», «seasonal comfort houston»)"
FL-NAPLES-FORT-MYERS | Sub-Zero | tCPA 2026,atlanta,Campaign Negative Broad,P1,"Запросы из других штатов (пример: «gantt appliance charlotte nc», «seasonal comfort houston»)"
FL-PINELLAS | Sub-Zero | tCPA 2026,atlanta,Campaign Negative Broad,P1,"Запросы из других штатов (пример: «gantt appliance charlotte nc», «seasonal comfort houston»)"
FL-TAMPA | Sub-Zero | tCPA 2026,atlanta,Campaign Negative Broad,P1,"Запросы из других штатов (пример: «gantt appliance charlotte nc», «seasonal comfort houston»)"
CHICAGO | Lux Search | MaxConv 2026,atlanta,Campaign Negative Broad,P1,"Запросы из других штатов (пример: «gantt appliance charlotte nc», «seasonal comfort houston»)"
FL-JACKSONVILLE | Sub-Zero | tCPA 2026,atlanta,Campaign Negative Broad,P1,"Запросы из других штатов (пример: «gantt appliance charlotte nc», «seasonal comfort houston»)"
FL-NORTH-CENTRAL | Sub-Zero | tCPA 2026,atlanta,Campaign Negative Broad,P1,"Запросы из других штатов (пример: «gantt appliance charlotte nc», «seasonal comfort houston»)"
FL-BROWARD | Sub-Zero | tCPA 2026,new york,Campaign Negative Broad,P1,"Запросы из других штатов (пример: «gantt appliance charlotte nc», «seasonal comfort houston»)"
TAMPA | Lux Search | tCPA 2026,new york,Campaign Negative Broad,P1,"Запросы из других штатов (пример: «gantt appliance charlotte nc», «seasonal comfort houston»)"
CHI-CITY | Sub-Zero | tCPA 2026,new york,Campaign Negative Broad,P1,"Запросы из других штатов (пример: «gantt appliance charlotte nc», «seasonal comfort houston»)"
FL-PANHANDLE | Sub-Zero | tCPA 2026,new york,Campaign Negative Broad,P1,"Запросы из других штатов (пример: «gantt appliance charlotte nc», «seasonal comfort houston»)"
DESTIN | Lux Search | tCPA 2026,new york,Campaign Negative Broad,P1,"Запросы из других штатов (пример: «gantt appliance charlotte nc», «seasonal comfort houston»)"
FL-PALM-BEACH | Sub-Zero | tCPA 2026,new york,Campaign Negative Broad,P1,"Запросы из других штатов (пример: «gantt appliance charlotte nc», «seasonal comfort houston»)"
FL-ORLANDO | Sub-Zero | tCPA 2026,new york,Campaign Negative Broad,P1,"Запросы из других штатов (пример: «gantt appliance charlotte nc», «seasonal comfort houston»)"
CHI-WEST | Sub-Zero | tCPA 2026,new york,Campaign Negative Broad,P1,"Запросы из других штатов (пример: «gantt appliance charlotte nc», «seasonal comfort houston»)"
MIAMI | Lux Search | tCPA 2026,new york,Campaign Negative Broad,P1,"Запросы из других штатов (пример: «gantt appliance charlotte nc», «seasonal comfort houston»)"
FL-MIAMI-DADE | Sub-Zero | tCPA 2026,new york,Campaign Negative Broad,P1,"Запросы из других штатов (пример: «gantt appliance charlotte nc», «seasonal comfort houston»)"
CHI-NORTHWEST | Sub-Zero | tCPA 2026,new york,Campaign Negative Broad,P1,"Запросы из других штатов (пример: «gantt appliance charlotte nc», «seasonal comfort houston»)"
CHI-NORTH-SHORE | Sub-Zero | tCPA 2026,new york,Campaign Negative Broad,P1,"Запросы из других штатов (пример: «gantt appliance charlotte nc», «seasonal comfort houston»)"
CHI-WI-MI | Sub-Zero | tCPA 2026,new york,Campaign Negative Broad,P1,"Запросы из других штатов (пример: «gantt appliance charlotte nc», «seasonal comfort houston»)"
FL-SARASOTA | Sub-Zero | tCPA 2026,new york,Campaign Negative Broad,P1,"Запросы из других штатов (пример: «gantt appliance charlotte nc», «seasonal comfort houston»)"
CHI-INDIANA | Sub-Zero | tCPA 2026,new york,Campaign Negative Broad,P1,"Запросы из других штатов (пример: «gantt appliance charlotte nc», «seasonal comfort houston»)"
CHI-SOUTH | Sub-Zero | tCPA 2026,new york,Campaign Negative Broad,P1,"Запросы из других штатов (пример: «gantt appliance charlotte nc», «seasonal comfort houston»)"
FL-NAPLES-FORT-MYERS | Sub-Zero | tCPA 2026,new york,Campaign Negative Broad,P1,"Запросы из других штатов (пример: «gantt appliance charlotte nc», «seasonal comfort houston»)"
FL-PINELLAS | Sub-Zero | tCPA 2026,new york,Campaign Negative Broad,P1,"Запросы из других штатов (пример: «gantt appliance charlotte nc», «seasonal comfort houston»)"
FL-TAMPA | Sub-Zero | tCPA 2026,new york,Campaign Negative Broad,P1,"Запросы из других штатов (пример: «gantt appliance charlotte nc», «seasonal comfort houston»)"
CHICAGO | Lux Search | MaxConv 2026,new york,Campaign Negative Broad,P1,"Запросы из других штатов (пример: «gantt appliance charlotte nc», «seasonal comfort houston»)"
FL-JACKSONVILLE | Sub-Zero | tCPA 2026,new york,Campaign Negative Broad,P1,"Запросы из других штатов (пример: «gantt appliance charlotte nc», «seasonal comfort houston»)"
FL-NORTH-CENTRAL | Sub-Zero | tCPA 2026,new york,Campaign Negative Broad,P1,"Запросы из других штатов (пример: «gantt appliance charlotte nc», «seasonal comfort houston»)"
FL-BROWARD | Sub-Zero | tCPA 2026,los angeles,Campaign Negative Broad,P1,"Запросы из других штатов (пример: «gantt appliance charlotte nc», «seasonal comfort houston»)"
TAMPA | Lux Search | tCPA 2026,los angeles,Campaign Negative Broad,P1,"Запросы из других штатов (пример: «gantt appliance charlotte nc», «seasonal comfort houston»)"
CHI-CITY | Sub-Zero | tCPA 2026,los angeles,Campaign Negative Broad,P1,"Запросы из других штатов (пример: «gantt appliance charlotte nc», «seasonal comfort houston»)"
FL-PANHANDLE | Sub-Zero | tCPA 2026,los angeles,Campaign Negative Broad,P1,"Запросы из других штатов (пример: «gantt appliance charlotte nc», «seasonal comfort houston»)"
DESTIN | Lux Search | tCPA 2026,los angeles,Campaign Negative Broad,P1,"Запросы из других штатов (пример: «gantt appliance charlotte nc», «seasonal comfort houston»)"
FL-PALM-BEACH | Sub-Zero | tCPA 2026,los angeles,Campaign Negative Broad,P1,"Запросы из других штатов (пример: «gantt appliance charlotte nc», «seasonal comfort houston»)"
FL-ORLANDO | Sub-Zero | tCPA 2026,los angeles,Campaign Negative Broad,P1,"Запросы из других штатов (пример: «gantt appliance charlotte nc», «seasonal comfort houston»)"
CHI-WEST | Sub-Zero | tCPA 2026,los angeles,Campaign Negative Broad,P1,"Запросы из других штатов (пример: «gantt appliance charlotte nc», «seasonal comfort houston»)"
MIAMI | Lux Search | tCPA 2026,los angeles,Campaign Negative Broad,P1,"Запросы из других штатов (пример: «gantt appliance charlotte nc», «seasonal comfort houston»)"
FL-MIAMI-DADE | Sub-Zero | tCPA 2026,los angeles,Campaign Negative Broad,P1,"Запросы из других штатов (пример: «gantt appliance charlotte nc», «seasonal comfort houston»)"
CHI-NORTHWEST | Sub-Zero | tCPA 2026,los angeles,Campaign Negative Broad,P1,"Запросы из других штатов (пример: «gantt appliance charlotte nc», «seasonal comfort houston»)"
CHI-NORTH-SHORE | Sub-Zero | tCPA 2026,los angeles,Campaign Negative Broad,P1,"Запросы из других штатов (пример: «gantt appliance charlotte nc», «seasonal comfort houston»)"
CHI-WI-MI | Sub-Zero | tCPA 2026,los angeles,Campaign Negative Broad,P1,"Запросы из других штатов (пример: «gantt appliance charlotte nc», «seasonal comfort houston»)"
FL-SARASOTA | Sub-Zero | tCPA 2026,los angeles,Campaign Negative Broad,P1,"Запросы из других штатов (пример: «gantt appliance charlotte nc», «seasonal comfort houston»)"
CHI-INDIANA | Sub-Zero | tCPA 2026,los angeles,Campaign Negative Broad,P1,"Запросы из других штатов (пример: «gantt appliance charlotte nc», «seasonal comfort houston»)"
CHI-SOUTH | Sub-Zero | tCPA 2026,los angeles,Campaign Negative Broad,P1,"Запросы из других штатов (пример: «gantt appliance charlotte nc», «seasonal comfort houston»)"
FL-NAPLES-FORT-MYERS | Sub-Zero | tCPA 2026,los angeles,Campaign Negative Broad,P1,"Запросы из других штатов (пример: «gantt appliance charlotte nc», «seasonal comfort houston»)"
FL-PINELLAS | Sub-Zero | tCPA 2026,los angeles,Campaign Negative Broad,P1,"Запросы из других штатов (пример: «gantt appliance charlotte nc», «seasonal comfort houston»)"
FL-TAMPA | Sub-Zero | tCPA 2026,los angeles,Campaign Negative Broad,P1,"Запросы из других штатов (пример: «gantt appliance charlotte nc», «seasonal comfort houston»)"
CHICAGO | Lux Search | MaxConv 2026,los angeles,Campaign Negative Broad,P1,"Запросы из других штатов (пример: «gantt appliance charlotte nc», «seasonal comfort houston»)"
FL-JACKSONVILLE | Sub-Zero | tCPA 2026,los angeles,Campaign Negative Broad,P1,"Запросы из других штатов (пример: «gantt appliance charlotte nc», «seasonal comfort houston»)"
FL-NORTH-CENTRAL | Sub-Zero | tCPA 2026,los angeles,Campaign Negative Broad,P1,"Запросы из других штатов (пример: «gantt appliance charlotte nc», «seasonal comfort houston»)"
FL-BROWARD | Sub-Zero | tCPA 2026,california,Campaign Negative Broad,P1,"Запросы из других штатов (пример: «gantt appliance charlotte nc», «seasonal comfort houston»)"
TAMPA | Lux Search | tCPA 2026,california,Campaign Negative Broad,P1,"Запросы из других штатов (пример: «gantt appliance charlotte nc», «seasonal comfort houston»)"
CHI-CITY | Sub-Zero | tCPA 2026,california,Campaign Negative Broad,P1,"Запросы из других штатов (пример: «gantt appliance charlotte nc», «seasonal comfort houston»)"
FL-PANHANDLE | Sub-Zero | tCPA 2026,california,Campaign Negative Broad,P1,"Запросы из других штатов (пример: «gantt appliance charlotte nc», «seasonal comfort houston»)"
DESTIN | Lux Search | tCPA 2026,california,Campaign Negative Broad,P1,"Запросы из других штатов (пример: «gantt appliance charlotte nc», «seasonal comfort houston»)"
FL-PALM-BEACH | Sub-Zero | tCPA 2026,california,Campaign Negative Broad,P1,"Запросы из других штатов (пример: «gantt appliance charlotte nc», «seasonal comfort houston»)"
FL-ORLANDO | Sub-Zero | tCPA 2026,california,Campaign Negative Broad,P1,"Запросы из других штатов (пример: «gantt appliance charlotte nc», «seasonal comfort houston»)"
CHI-WEST | Sub-Zero | tCPA 2026,california,Campaign Negative Broad,P1,"Запросы из других штатов (пример: «gantt appliance charlotte nc», «seasonal comfort houston»)"
MIAMI | Lux Search | tCPA 2026,california,Campaign Negative Broad,P1,"Запросы из других штатов (пример: «gantt appliance charlotte nc», «seasonal comfort houston»)"
FL-MIAMI-DADE | Sub-Zero | tCPA 2026,california,Campaign Negative Broad,P1,"Запросы из других штатов (пример: «gantt appliance charlotte nc», «seasonal comfort houston»)"
CHI-NORTHWEST | Sub-Zero | tCPA 2026,california,Campaign Negative Broad,P1,"Запросы из других штатов (пример: «gantt appliance charlotte nc», «seasonal comfort houston»)"
CHI-NORTH-SHORE | Sub-Zero | tCPA 2026,california,Campaign Negative Broad,P1,"Запросы из других штатов (пример: «gantt appliance charlotte nc», «seasonal comfort houston»)"
CHI-WI-MI | Sub-Zero | tCPA 2026,california,Campaign Negative Broad,P1,"Запросы из других штатов (пример: «gantt appliance charlotte nc», «seasonal comfort houston»)"
FL-SARASOTA | Sub-Zero | tCPA 2026,california,Campaign Negative Broad,P1,"Запросы из других штатов (пример: «gantt appliance charlotte nc», «seasonal comfort houston»)"
CHI-INDIANA | Sub-Zero | tCPA 2026,california,Campaign Negative Broad,P1,"Запросы из других штатов (пример: «gantt appliance charlotte nc», «seasonal comfort houston»)"
CHI-SOUTH | Sub-Zero | tCPA 2026,california,Campaign Negative Broad,P1,"Запросы из других штатов (пример: «gantt appliance charlotte nc», «seasonal comfort houston»)"
FL-NAPLES-FORT-MYERS | Sub-Zero | tCPA 2026,california,Campaign Negative Broad,P1,"Запросы из других штатов (пример: «gantt appliance charlotte nc», «seasonal comfort houston»)"
FL-PINELLAS | Sub-Zero | tCPA 2026,california,Campaign Negative Broad,P1,"Запросы из других штатов (пример: «gantt appliance charlotte nc», «seasonal comfort houston»)"
FL-TAMPA | Sub-Zero | tCPA 2026,california,Campaign Negative Broad,P1,"Запросы из других штатов (пример: «gantt appliance charlotte nc», «seasonal comfort houston»)"
CHICAGO | Lux Search | MaxConv 2026,california,Campaign Negative Broad,P1,"Запросы из других штатов (пример: «gantt appliance charlotte nc», «seasonal comfort houston»)"
FL-JACKSONVILLE | Sub-Zero | tCPA 2026,california,Campaign Negative Broad,P1,"Запросы из других штатов (пример: «gantt appliance charlotte nc», «seasonal comfort houston»)"
FL-NORTH-CENTRAL | Sub-Zero | tCPA 2026,california,Campaign Negative Broad,P1,"Запросы из других штатов (пример: «gantt appliance charlotte nc», «seasonal comfort houston»)"
TAMPA | Lux Search | tCPA 2026,kitchenaid,Campaign Negative Broad,P1,"Массовый/средний бренд — не люкс-аудитория (в части кампаний уже есть, дубли безопасны)"
DESTIN | Lux Search | tCPA 2026,kitchenaid,Campaign Negative Broad,P1,"Массовый/средний бренд — не люкс-аудитория (в части кампаний уже есть, дубли безопасны)"
MIAMI | Lux Search | tCPA 2026,kitchenaid,Campaign Negative Broad,P1,"Массовый/средний бренд — не люкс-аудитория (в части кампаний уже есть, дубли безопасны)"
CHICAGO | Lux Search | MaxConv 2026,kitchenaid,Campaign Negative Broad,P1,"Массовый/средний бренд — не люкс-аудитория (в части кампаний уже есть, дубли безопасны)"
TAMPA | Lux Search | tCPA 2026,kitchen aid,Campaign Negative Broad,P1,"Массовый/средний бренд — не люкс-аудитория (в части кампаний уже есть, дубли безопасны)"
DESTIN | Lux Search | tCPA 2026,kitchen aid,Campaign Negative Broad,P1,"Массовый/средний бренд — не люкс-аудитория (в части кампаний уже есть, дубли безопасны)"
MIAMI | Lux Search | tCPA 2026,kitchen aid,Campaign Negative Broad,P1,"Массовый/средний бренд — не люкс-аудитория (в части кампаний уже есть, дубли безопасны)"
CHICAGO | Lux Search | MaxConv 2026,kitchen aid,Campaign Negative Broad,P1,"Массовый/средний бренд — не люкс-аудитория (в части кампаний уже есть, дубли безопасны)"
TAMPA | Lux Search | tCPA 2026,lg,Campaign Negative Broad,P1,"Массовый/средний бренд — не люкс-аудитория (в части кампаний уже есть, дубли безопасны)"
DESTIN | Lux Search | tCPA 2026,lg,Campaign Negative Broad,P1,"Массовый/средний бренд — не люкс-аудитория (в части кампаний уже есть, дубли безопасны)"
MIAMI | Lux Search | tCPA 2026,lg,Campaign Negative Broad,P1,"Массовый/средний бренд — не люкс-аудитория (в части кампаний уже есть, дубли безопасны)"
CHICAGO | Lux Search | MaxConv 2026,lg,Campaign Negative Broad,P1,"Массовый/средний бренд — не люкс-аудитория (в части кампаний уже есть, дубли безопасны)"
TAMPA | Lux Search | tCPA 2026,samsung,Campaign Negative Broad,P1,"Массовый/средний бренд — не люкс-аудитория (в части кампаний уже есть, дубли безопасны)"
DESTIN | Lux Search | tCPA 2026,samsung,Campaign Negative Broad,P1,"Массовый/средний бренд — не люкс-аудитория (в части кампаний уже есть, дубли безопасны)"
MIAMI | Lux Search | tCPA 2026,samsung,Campaign Negative Broad,P1,"Массовый/средний бренд — не люкс-аудитория (в части кампаний уже есть, дубли безопасны)"
CHICAGO | Lux Search | MaxConv 2026,samsung,Campaign Negative Broad,P1,"Массовый/средний бренд — не люкс-аудитория (в части кампаний уже есть, дубли безопасны)"
TAMPA | Lux Search | tCPA 2026,whirlpool,Campaign Negative Broad,P1,"Массовый/средний бренд — не люкс-аудитория (в части кампаний уже есть, дубли безопасны)"
DESTIN | Lux Search | tCPA 2026,whirlpool,Campaign Negative Broad,P1,"Массовый/средний бренд — не люкс-аудитория (в части кампаний уже есть, дубли безопасны)"
MIAMI | Lux Search | tCPA 2026,whirlpool,Campaign Negative Broad,P1,"Массовый/средний бренд — не люкс-аудитория (в части кампаний уже есть, дубли безопасны)"
CHICAGO | Lux Search | MaxConv 2026,whirlpool,Campaign Negative Broad,P1,"Массовый/средний бренд — не люкс-аудитория (в части кампаний уже есть, дубли безопасны)"
TAMPA | Lux Search | tCPA 2026,frigidaire,Campaign Negative Broad,P1,"Массовый/средний бренд — не люкс-аудитория (в части кампаний уже есть, дубли безопасны)"
DESTIN | Lux Search | tCPA 2026,frigidaire,Campaign Negative Broad,P1,"Массовый/средний бренд — не люкс-аудитория (в части кампаний уже есть, дубли безопасны)"
MIAMI | Lux Search | tCPA 2026,frigidaire,Campaign Negative Broad,P1,"Массовый/средний бренд — не люкс-аудитория (в части кампаний уже есть, дубли безопасны)"
CHICAGO | Lux Search | MaxConv 2026,frigidaire,Campaign Negative Broad,P1,"Массовый/средний бренд — не люкс-аудитория (в части кампаний уже есть, дубли безопасны)"
TAMPA | Lux Search | tCPA 2026,bosch,Campaign Negative Broad,P1,"Массовый/средний бренд — не люкс-аудитория (в части кампаний уже есть, дубли безопасны)"
DESTIN | Lux Search | tCPA 2026,bosch,Campaign Negative Broad,P1,"Массовый/средний бренд — не люкс-аудитория (в части кампаний уже есть, дубли безопасны)"
MIAMI | Lux Search | tCPA 2026,bosch,Campaign Negative Broad,P1,"Массовый/средний бренд — не люкс-аудитория (в части кампаний уже есть, дубли безопасны)"
CHICAGO | Lux Search | MaxConv 2026,bosch,Campaign Negative Broad,P1,"Массовый/средний бренд — не люкс-аудитория (в части кампаний уже есть, дубли безопасны)"
TAMPA | Lux Search | tCPA 2026,ge profile,Campaign Negative Broad,P1,"Массовый/средний бренд — не люкс-аудитория (в части кампаний уже есть, дубли безопасны)"
DESTIN | Lux Search | tCPA 2026,ge profile,Campaign Negative Broad,P1,"Массовый/средний бренд — не люкс-аудитория (в части кампаний уже есть, дубли безопасны)"
MIAMI | Lux Search | tCPA 2026,ge profile,Campaign Negative Broad,P1,"Массовый/средний бренд — не люкс-аудитория (в части кампаний уже есть, дубли безопасны)"
CHICAGO | Lux Search | MaxConv 2026,ge profile,Campaign Negative Broad,P1,"Массовый/средний бренд — не люкс-аудитория (в части кампаний уже есть, дубли безопасны)"
TAMPA | Lux Search | tCPA 2026,ge appliance,Campaign Negative Broad,P1,"Массовый/средний бренд — не люкс-аудитория (в части кампаний уже есть, дубли безопасны)"
DESTIN | Lux Search | tCPA 2026,ge appliance,Campaign Negative Broad,P1,"Массовый/средний бренд — не люкс-аудитория (в части кампаний уже есть, дубли безопасны)"
MIAMI | Lux Search | tCPA 2026,ge appliance,Campaign Negative Broad,P1,"Массовый/средний бренд — не люкс-аудитория (в части кампаний уже есть, дубли безопасны)"
CHICAGO | Lux Search | MaxConv 2026,ge appliance,Campaign Negative Broad,P1,"Массовый/средний бренд — не люкс-аудитория (в части кампаний уже есть, дубли безопасны)"
TAMPA | Lux Search | tCPA 2026,zline,Campaign Negative Broad,P1,"Массовый/средний бренд — не люкс-аудитория (в части кампаний уже есть, дубли безопасны)"
DESTIN | Lux Search | tCPA 2026,zline,Campaign Negative Broad,P1,"Массовый/средний бренд — не люкс-аудитория (в части кампаний уже есть, дубли безопасны)"
MIAMI | Lux Search | tCPA 2026,zline,Campaign Negative Broad,P1,"Массовый/средний бренд — не люкс-аудитория (в части кампаний уже есть, дубли безопасны)"
CHICAGO | Lux Search | MaxConv 2026,zline,Campaign Negative Broad,P1,"Массовый/средний бренд — не люкс-аудитория (в части кампаний уже есть, дубли безопасны)"
TAMPA | Lux Search | tCPA 2026,smeg,Campaign Negative Broad,P1,"Массовый/средний бренд — не люкс-аудитория (в части кампаний уже есть, дубли безопасны)"
DESTIN | Lux Search | tCPA 2026,smeg,Campaign Negative Broad,P1,"Массовый/средний бренд — не люкс-аудитория (в части кампаний уже есть, дубли безопасны)"
MIAMI | Lux Search | tCPA 2026,smeg,Campaign Negative Broad,P1,"Массовый/средний бренд — не люкс-аудитория (в части кампаний уже есть, дубли безопасны)"
CHICAGO | Lux Search | MaxConv 2026,smeg,Campaign Negative Broad,P1,"Массовый/средний бренд — не люкс-аудитория (в части кампаний уже есть, дубли безопасны)"
TAMPA | Lux Search | tCPA 2026,jura,Campaign Negative Broad,P1,"Массовый/средний бренд — не люкс-аудитория (в части кампаний уже есть, дубли безопасны)"
DESTIN | Lux Search | tCPA 2026,jura,Campaign Negative Broad,P1,"Массовый/средний бренд — не люкс-аудитория (в части кампаний уже есть, дубли безопасны)"
MIAMI | Lux Search | tCPA 2026,jura,Campaign Negative Broad,P1,"Массовый/средний бренд — не люкс-аудитория (в части кампаний уже есть, дубли безопасны)"
CHICAGO | Lux Search | MaxConv 2026,jura,Campaign Negative Broad,P1,"Массовый/средний бренд — не люкс-аудитория (в части кампаний уже есть, дубли безопасны)"
TAMPA | Lux Search | tCPA 2026,fulgor,Campaign Negative Broad,P1,"Массовый/средний бренд — не люкс-аудитория (в части кампаний уже есть, дубли безопасны)"
DESTIN | Lux Search | tCPA 2026,fulgor,Campaign Negative Broad,P1,"Массовый/средний бренд — не люкс-аудитория (в части кампаний уже есть, дубли безопасны)"
MIAMI | Lux Search | tCPA 2026,fulgor,Campaign Negative Broad,P1,"Массовый/средний бренд — не люкс-аудитория (в части кампаний уже есть, дубли безопасны)"
CHICAGO | Lux Search | MaxConv 2026,fulgor,Campaign Negative Broad,P1,"Массовый/средний бренд — не люкс-аудитория (в части кампаний уже есть, дубли безопасны)"
TAMPA | Lux Search | tCPA 2026,fulgor milano,Campaign Negative Broad,P1,"Массовый/средний бренд — не люкс-аудитория (в части кампаний уже есть, дубли безопасны)"
DESTIN | Lux Search | tCPA 2026,fulgor milano,Campaign Negative Broad,P1,"Массовый/средний бренд — не люкс-аудитория (в части кампаний уже есть, дубли безопасны)"
MIAMI | Lux Search | tCPA 2026,fulgor milano,Campaign Negative Broad,P1,"Массовый/средний бренд — не люкс-аудитория (в части кампаний уже есть, дубли безопасны)"
CHICAGO | Lux Search | MaxConv 2026,fulgor milano,Campaign Negative Broad,P1,"Массовый/средний бренд — не люкс-аудитория (в части кампаний уже есть, дубли безопасны)"
TAMPA | Lux Search | tCPA 2026,summit,Campaign Negative Broad,P1,"Массовый/средний бренд — не люкс-аудитория (в части кампаний уже есть, дубли безопасны)"
DESTIN | Lux Search | tCPA 2026,summit,Campaign Negative Broad,P1,"Массовый/средний бренд — не люкс-аудитория (в части кампаний уже есть, дубли безопасны)"
MIAMI | Lux Search | tCPA 2026,summit,Campaign Negative Broad,P1,"Массовый/средний бренд — не люкс-аудитория (в части кампаний уже есть, дубли безопасны)"
CHICAGO | Lux Search | MaxConv 2026,summit,Campaign Negative Broad,P1,"Массовый/средний бренд — не люкс-аудитория (в части кампаний уже есть, дубли безопасны)"
TAMPA | Lux Search | tCPA 2026,scotsman,Campaign Negative Broad,P1,"Массовый/средний бренд — не люкс-аудитория (в части кампаний уже есть, дубли безопасны)"
DESTIN | Lux Search | tCPA 2026,scotsman,Campaign Negative Broad,P1,"Массовый/средний бренд — не люкс-аудитория (в части кампаний уже есть, дубли безопасны)"
MIAMI | Lux Search | tCPA 2026,scotsman,Campaign Negative Broad,P1,"Массовый/средний бренд — не люкс-аудитория (в части кампаний уже есть, дубли безопасны)"
CHICAGO | Lux Search | MaxConv 2026,scotsman,Campaign Negative Broad,P1,"Массовый/средний бренд — не люкс-аудитория (в части кампаний уже есть, дубли безопасны)"
TAMPA | Lux Search | tCPA 2026,breville,Campaign Negative Broad,P1,"Массовый/средний бренд — не люкс-аудитория (в части кампаний уже есть, дубли безопасны)"
DESTIN | Lux Search | tCPA 2026,breville,Campaign Negative Broad,P1,"Массовый/средний бренд — не люкс-аудитория (в части кампаний уже есть, дубли безопасны)"
MIAMI | Lux Search | tCPA 2026,breville,Campaign Negative Broad,P1,"Массовый/средний бренд — не люкс-аудитория (в части кампаний уже есть, дубли безопасны)"
CHICAGO | Lux Search | MaxConv 2026,breville,Campaign Negative Broad,P1,"Массовый/средний бренд — не люкс-аудитория (в части кампаний уже есть, дубли безопасны)"
TAMPA | Lux Search | tCPA 2026,delonghi,Campaign Negative Broad,P1,"Массовый/средний бренд — не люкс-аудитория (в части кампаний уже есть, дубли безопасны)"
DESTIN | Lux Search | tCPA 2026,delonghi,Campaign Negative Broad,P1,"Массовый/средний бренд — не люкс-аудитория (в части кампаний уже есть, дубли безопасны)"
MIAMI | Lux Search | tCPA 2026,delonghi,Campaign Negative Broad,P1,"Массовый/средний бренд — не люкс-аудитория (в части кампаний уже есть, дубли безопасны)"
CHICAGO | Lux Search | MaxConv 2026,delonghi,Campaign Negative Broad,P1,"Массовый/средний бренд — не люкс-аудитория (в части кампаний уже есть, дубли безопасны)"
TAMPA | Lux Search | tCPA 2026,nespresso,Campaign Negative Broad,P1,"Массовый/средний бренд — не люкс-аудитория (в части кампаний уже есть, дубли безопасны)"
DESTIN | Lux Search | tCPA 2026,nespresso,Campaign Negative Broad,P1,"Массовый/средний бренд — не люкс-аудитория (в части кампаний уже есть, дубли безопасны)"
MIAMI | Lux Search | tCPA 2026,nespresso,Campaign Negative Broad,P1,"Массовый/средний бренд — не люкс-аудитория (в части кампаний уже есть, дубли безопасны)"
CHICAGO | Lux Search | MaxConv 2026,nespresso,Campaign Negative Broad,P1,"Массовый/средний бренд — не люкс-аудитория (в части кампаний уже есть, дубли безопасны)"
TAMPA | Lux Search | tCPA 2026,appliance repair santa rosa beach,Campaign Negative Exact,P1,"Общий запрос без люкс-бренда: дешёвые клиенты, 0 конверсий за 8 дней"
DESTIN | Lux Search | tCPA 2026,appliance repair santa rosa beach,Campaign Negative Exact,P1,"Общий запрос без люкс-бренда: дешёвые клиенты, 0 конверсий за 8 дней"
MIAMI | Lux Search | tCPA 2026,appliance repair santa rosa beach,Campaign Negative Exact,P1,"Общий запрос без люкс-бренда: дешёвые клиенты, 0 конверсий за 8 дней"
CHICAGO | Lux Search | MaxConv 2026,appliance repair santa rosa beach,Campaign Negative Exact,P1,"Общий запрос без люкс-бренда: дешёвые клиенты, 0 конверсий за 8 дней"
TAMPA | Lux Search | tCPA 2026,santa rosa beach appliance repair,Campaign Negative Exact,P1,"Общий запрос без люкс-бренда: дешёвые клиенты, 0 конверсий за 8 дней"
DESTIN | Lux Search | tCPA 2026,santa rosa beach appliance repair,Campaign Negative Exact,P1,"Общий запрос без люкс-бренда: дешёвые клиенты, 0 конверсий за 8 дней"
MIAMI | Lux Search | tCPA 2026,santa rosa beach appliance repair,Campaign Negative Exact,P1,"Общий запрос без люкс-бренда: дешёвые клиенты, 0 конверсий за 8 дней"
CHICAGO | Lux Search | MaxConv 2026,santa rosa beach appliance repair,Campaign Negative Exact,P1,"Общий запрос без люкс-бренда: дешёвые клиенты, 0 конверсий за 8 дней"
TAMPA | Lux Search | tCPA 2026,oven repair near me,Campaign Negative Exact,P1,"Общий запрос без люкс-бренда: дешёвые клиенты, 0 конверсий за 8 дней"
DESTIN | Lux Search | tCPA 2026,oven repair near me,Campaign Negative Exact,P1,"Общий запрос без люкс-бренда: дешёвые клиенты, 0 конверсий за 8 дней"
MIAMI | Lux Search | tCPA 2026,oven repair near me,Campaign Negative Exact,P1,"Общий запрос без люкс-бренда: дешёвые клиенты, 0 конверсий за 8 дней"
CHICAGO | Lux Search | MaxConv 2026,oven repair near me,Campaign Negative Exact,P1,"Общий запрос без люкс-бренда: дешёвые клиенты, 0 конверсий за 8 дней"
TAMPA | Lux Search | tCPA 2026,stove repair near me,Campaign Negative Exact,P1,"Общий запрос без люкс-бренда: дешёвые клиенты, 0 конверсий за 8 дней"
DESTIN | Lux Search | tCPA 2026,stove repair near me,Campaign Negative Exact,P1,"Общий запрос без люкс-бренда: дешёвые клиенты, 0 конверсий за 8 дней"
MIAMI | Lux Search | tCPA 2026,stove repair near me,Campaign Negative Exact,P1,"Общий запрос без люкс-бренда: дешёвые клиенты, 0 конверсий за 8 дней"
CHICAGO | Lux Search | MaxConv 2026,stove repair near me,Campaign Negative Exact,P1,"Общий запрос без люкс-бренда: дешёвые клиенты, 0 конверсий за 8 дней"
TAMPA | Lux Search | tCPA 2026,refrigerator repair near me,Campaign Negative Exact,P1,"Общий запрос без люкс-бренда: дешёвые клиенты, 0 конверсий за 8 дней"
DESTIN | Lux Search | tCPA 2026,refrigerator repair near me,Campaign Negative Exact,P1,"Общий запрос без люкс-бренда: дешёвые клиенты, 0 конверсий за 8 дней"
MIAMI | Lux Search | tCPA 2026,refrigerator repair near me,Campaign Negative Exact,P1,"Общий запрос без люкс-бренда: дешёвые клиенты, 0 конверсий за 8 дней"
CHICAGO | Lux Search | MaxConv 2026,refrigerator repair near me,Campaign Negative Exact,P1,"Общий запрос без люкс-бренда: дешёвые клиенты, 0 конверсий за 8 дней"
TAMPA | Lux Search | tCPA 2026,dishwasher repair near me,Campaign Negative Exact,P1,"Общий запрос без люкс-бренда: дешёвые клиенты, 0 конверсий за 8 дней"
DESTIN | Lux Search | tCPA 2026,dishwasher repair near me,Campaign Negative Exact,P1,"Общий запрос без люкс-бренда: дешёвые клиенты, 0 конверсий за 8 дней"
MIAMI | Lux Search | tCPA 2026,dishwasher repair near me,Campaign Negative Exact,P1,"Общий запрос без люкс-бренда: дешёвые клиенты, 0 конверсий за 8 дней"
CHICAGO | Lux Search | MaxConv 2026,dishwasher repair near me,Campaign Negative Exact,P1,"Общий запрос без люкс-бренда: дешёвые клиенты, 0 конверсий за 8 дней"
TAMPA | Lux Search | tCPA 2026,washer repair near me,Campaign Negative Exact,P1,"Общий запрос без люкс-бренда: дешёвые клиенты, 0 конверсий за 8 дней"
DESTIN | Lux Search | tCPA 2026,washer repair near me,Campaign Negative Exact,P1,"Общий запрос без люкс-бренда: дешёвые клиенты, 0 конверсий за 8 дней"
MIAMI | Lux Search | tCPA 2026,washer repair near me,Campaign Negative Exact,P1,"Общий запрос без люкс-бренда: дешёвые клиенты, 0 конверсий за 8 дней"
CHICAGO | Lux Search | MaxConv 2026,washer repair near me,Campaign Negative Exact,P1,"Общий запрос без люкс-бренда: дешёвые клиенты, 0 конверсий за 8 дней"
TAMPA | Lux Search | tCPA 2026,dryer repair near me,Campaign Negative Exact,P1,"Общий запрос без люкс-бренда: дешёвые клиенты, 0 конверсий за 8 дней"
DESTIN | Lux Search | tCPA 2026,dryer repair near me,Campaign Negative Exact,P1,"Общий запрос без люкс-бренда: дешёвые клиенты, 0 конверсий за 8 дней"
MIAMI | Lux Search | tCPA 2026,dryer repair near me,Campaign Negative Exact,P1,"Общий запрос без люкс-бренда: дешёвые клиенты, 0 конверсий за 8 дней"
CHICAGO | Lux Search | MaxConv 2026,dryer repair near me,Campaign Negative Exact,P1,"Общий запрос без люкс-бренда: дешёвые клиенты, 0 конверсий за 8 дней"
TAMPA | Lux Search | tCPA 2026,appliance repair near me,Campaign Negative Exact,P1,"Общий запрос без люкс-бренда: дешёвые клиенты, 0 конверсий за 8 дней"
DESTIN | Lux Search | tCPA 2026,appliance repair near me,Campaign Negative Exact,P1,"Общий запрос без люкс-бренда: дешёвые клиенты, 0 конверсий за 8 дней"
MIAMI | Lux Search | tCPA 2026,appliance repair near me,Campaign Negative Exact,P1,"Общий запрос без люкс-бренда: дешёвые клиенты, 0 конверсий за 8 дней"
CHICAGO | Lux Search | MaxConv 2026,appliance repair near me,Campaign Negative Exact,P1,"Общий запрос без люкс-бренда: дешёвые клиенты, 0 конверсий за 8 дней"
FL-BROWARD | Sub-Zero | tCPA 2026,wolf oven,Campaign Negative Phrase,P1,"Запросы про Wolf/Miele/Cove попадали в Sub-Zero кампании («certified wolf appliance repair near me», «cove appliance repair»); их должны ловить Lux-кампании"
CHI-CITY | Sub-Zero | tCPA 2026,wolf oven,Campaign Negative Phrase,P1,"Запросы про Wolf/Miele/Cove попадали в Sub-Zero кампании («certified wolf appliance repair near me», «cove appliance repair»); их должны ловить Lux-кампании"
FL-PANHANDLE | Sub-Zero | tCPA 2026,wolf oven,Campaign Negative Phrase,P1,"Запросы про Wolf/Miele/Cove попадали в Sub-Zero кампании («certified wolf appliance repair near me», «cove appliance repair»); их должны ловить Lux-кампании"
FL-PALM-BEACH | Sub-Zero | tCPA 2026,wolf oven,Campaign Negative Phrase,P1,"Запросы про Wolf/Miele/Cove попадали в Sub-Zero кампании («certified wolf appliance repair near me», «cove appliance repair»); их должны ловить Lux-кампании"
FL-ORLANDO | Sub-Zero | tCPA 2026,wolf oven,Campaign Negative Phrase,P1,"Запросы про Wolf/Miele/Cove попадали в Sub-Zero кампании («certified wolf appliance repair near me», «cove appliance repair»); их должны ловить Lux-кампании"
CHI-WEST | Sub-Zero | tCPA 2026,wolf oven,Campaign Negative Phrase,P1,"Запросы про Wolf/Miele/Cove попадали в Sub-Zero кампании («certified wolf appliance repair near me», «cove appliance repair»); их должны ловить Lux-кампании"
FL-MIAMI-DADE | Sub-Zero | tCPA 2026,wolf oven,Campaign Negative Phrase,P1,"Запросы про Wolf/Miele/Cove попадали в Sub-Zero кампании («certified wolf appliance repair near me», «cove appliance repair»); их должны ловить Lux-кампании"
CHI-NORTHWEST | Sub-Zero | tCPA 2026,wolf oven,Campaign Negative Phrase,P1,"Запросы про Wolf/Miele/Cove попадали в Sub-Zero кампании («certified wolf appliance repair near me», «cove appliance repair»); их должны ловить Lux-кампании"
CHI-NORTH-SHORE | Sub-Zero | tCPA 2026,wolf oven,Campaign Negative Phrase,P1,"Запросы про Wolf/Miele/Cove попадали в Sub-Zero кампании («certified wolf appliance repair near me», «cove appliance repair»); их должны ловить Lux-кампании"
CHI-WI-MI | Sub-Zero | tCPA 2026,wolf oven,Campaign Negative Phrase,P1,"Запросы про Wolf/Miele/Cove попадали в Sub-Zero кампании («certified wolf appliance repair near me», «cove appliance repair»); их должны ловить Lux-кампании"
FL-SARASOTA | Sub-Zero | tCPA 2026,wolf oven,Campaign Negative Phrase,P1,"Запросы про Wolf/Miele/Cove попадали в Sub-Zero кампании («certified wolf appliance repair near me», «cove appliance repair»); их должны ловить Lux-кампании"
CHI-INDIANA | Sub-Zero | tCPA 2026,wolf oven,Campaign Negative Phrase,P1,"Запросы про Wolf/Miele/Cove попадали в Sub-Zero кампании («certified wolf appliance repair near me», «cove appliance repair»); их должны ловить Lux-кампании"
CHI-SOUTH | Sub-Zero | tCPA 2026,wolf oven,Campaign Negative Phrase,P1,"Запросы про Wolf/Miele/Cove попадали в Sub-Zero кампании («certified wolf appliance repair near me», «cove appliance repair»); их должны ловить Lux-кампании"
FL-NAPLES-FORT-MYERS | Sub-Zero | tCPA 2026,wolf oven,Campaign Negative Phrase,P1,"Запросы про Wolf/Miele/Cove попадали в Sub-Zero кампании («certified wolf appliance repair near me», «cove appliance repair»); их должны ловить Lux-кампании"
FL-PINELLAS | Sub-Zero | tCPA 2026,wolf oven,Campaign Negative Phrase,P1,"Запросы про Wolf/Miele/Cove попадали в Sub-Zero кампании («certified wolf appliance repair near me», «cove appliance repair»); их должны ловить Lux-кампании"
FL-TAMPA | Sub-Zero | tCPA 2026,wolf oven,Campaign Negative Phrase,P1,"Запросы про Wolf/Miele/Cove попадали в Sub-Zero кампании («certified wolf appliance repair near me», «cove appliance repair»); их должны ловить Lux-кампании"
FL-JACKSONVILLE | Sub-Zero | tCPA 2026,wolf oven,Campaign Negative Phrase,P1,"Запросы про Wolf/Miele/Cove попадали в Sub-Zero кампании («certified wolf appliance repair near me», «cove appliance repair»); их должны ловить Lux-кампании"
FL-NORTH-CENTRAL | Sub-Zero | tCPA 2026,wolf oven,Campaign Negative Phrase,P1,"Запросы про Wolf/Miele/Cove попадали в Sub-Zero кампании («certified wolf appliance repair near me», «cove appliance repair»); их должны ловить Lux-кампании"
FL-BROWARD | Sub-Zero | tCPA 2026,wolf range,Campaign Negative Phrase,P1,"Запросы про Wolf/Miele/Cove попадали в Sub-Zero кампании («certified wolf appliance repair near me», «cove appliance repair»); их должны ловить Lux-кампании"
CHI-CITY | Sub-Zero | tCPA 2026,wolf range,Campaign Negative Phrase,P1,"Запросы про Wolf/Miele/Cove попадали в Sub-Zero кампании («certified wolf appliance repair near me», «cove appliance repair»); их должны ловить Lux-кампании"
FL-PANHANDLE | Sub-Zero | tCPA 2026,wolf range,Campaign Negative Phrase,P1,"Запросы про Wolf/Miele/Cove попадали в Sub-Zero кампании («certified wolf appliance repair near me», «cove appliance repair»); их должны ловить Lux-кампании"
FL-PALM-BEACH | Sub-Zero | tCPA 2026,wolf range,Campaign Negative Phrase,P1,"Запросы про Wolf/Miele/Cove попадали в Sub-Zero кампании («certified wolf appliance repair near me», «cove appliance repair»); их должны ловить Lux-кампании"
FL-ORLANDO | Sub-Zero | tCPA 2026,wolf range,Campaign Negative Phrase,P1,"Запросы про Wolf/Miele/Cove попадали в Sub-Zero кампании («certified wolf appliance repair near me», «cove appliance repair»); их должны ловить Lux-кампании"
CHI-WEST | Sub-Zero | tCPA 2026,wolf range,Campaign Negative Phrase,P1,"Запросы про Wolf/Miele/Cove попадали в Sub-Zero кампании («certified wolf appliance repair near me», «cove appliance repair»); их должны ловить Lux-кампании"
FL-MIAMI-DADE | Sub-Zero | tCPA 2026,wolf range,Campaign Negative Phrase,P1,"Запросы про Wolf/Miele/Cove попадали в Sub-Zero кампании («certified wolf appliance repair near me», «cove appliance repair»); их должны ловить Lux-кампании"
CHI-NORTHWEST | Sub-Zero | tCPA 2026,wolf range,Campaign Negative Phrase,P1,"Запросы про Wolf/Miele/Cove попадали в Sub-Zero кампании («certified wolf appliance repair near me», «cove appliance repair»); их должны ловить Lux-кампании"
CHI-NORTH-SHORE | Sub-Zero | tCPA 2026,wolf range,Campaign Negative Phrase,P1,"Запросы про Wolf/Miele/Cove попадали в Sub-Zero кампании («certified wolf appliance repair near me», «cove appliance repair»); их должны ловить Lux-кампании"
CHI-WI-MI | Sub-Zero | tCPA 2026,wolf range,Campaign Negative Phrase,P1,"Запросы про Wolf/Miele/Cove попадали в Sub-Zero кампании («certified wolf appliance repair near me», «cove appliance repair»); их должны ловить Lux-кампании"
FL-SARASOTA | Sub-Zero | tCPA 2026,wolf range,Campaign Negative Phrase,P1,"Запросы про Wolf/Miele/Cove попадали в Sub-Zero кампании («certified wolf appliance repair near me», «cove appliance repair»); их должны ловить Lux-кампании"
CHI-INDIANA | Sub-Zero | tCPA 2026,wolf range,Campaign Negative Phrase,P1,"Запросы про Wolf/Miele/Cove попадали в Sub-Zero кампании («certified wolf appliance repair near me», «cove appliance repair»); их должны ловить Lux-кампании"
CHI-SOUTH | Sub-Zero | tCPA 2026,wolf range,Campaign Negative Phrase,P1,"Запросы про Wolf/Miele/Cove попадали в Sub-Zero кампании («certified wolf appliance repair near me», «cove appliance repair»); их должны ловить Lux-кампании"
FL-NAPLES-FORT-MYERS | Sub-Zero | tCPA 2026,wolf range,Campaign Negative Phrase,P1,"Запросы про Wolf/Miele/Cove попадали в Sub-Zero кампании («certified wolf appliance repair near me», «cove appliance repair»); их должны ловить Lux-кампании"
FL-PINELLAS | Sub-Zero | tCPA 2026,wolf range,Campaign Negative Phrase,P1,"Запросы про Wolf/Miele/Cove попадали в Sub-Zero кампании («certified wolf appliance repair near me», «cove appliance repair»); их должны ловить Lux-кампании"
FL-TAMPA | Sub-Zero | tCPA 2026,wolf range,Campaign Negative Phrase,P1,"Запросы про Wolf/Miele/Cove попадали в Sub-Zero кампании («certified wolf appliance repair near me», «cove appliance repair»); их должны ловить Lux-кампании"
FL-JACKSONVILLE | Sub-Zero | tCPA 2026,wolf range,Campaign Negative Phrase,P1,"Запросы про Wolf/Miele/Cove попадали в Sub-Zero кампании («certified wolf appliance repair near me», «cove appliance repair»); их должны ловить Lux-кампании"
FL-NORTH-CENTRAL | Sub-Zero | tCPA 2026,wolf range,Campaign Negative Phrase,P1,"Запросы про Wolf/Miele/Cove попадали в Sub-Zero кампании («certified wolf appliance repair near me», «cove appliance repair»); их должны ловить Lux-кампании"
FL-BROWARD | Sub-Zero | tCPA 2026,wolf stove,Campaign Negative Phrase,P1,"Запросы про Wolf/Miele/Cove попадали в Sub-Zero кампании («certified wolf appliance repair near me», «cove appliance repair»); их должны ловить Lux-кампании"
CHI-CITY | Sub-Zero | tCPA 2026,wolf stove,Campaign Negative Phrase,P1,"Запросы про Wolf/Miele/Cove попадали в Sub-Zero кампании («certified wolf appliance repair near me», «cove appliance repair»); их должны ловить Lux-кампании"
FL-PANHANDLE | Sub-Zero | tCPA 2026,wolf stove,Campaign Negative Phrase,P1,"Запросы про Wolf/Miele/Cove попадали в Sub-Zero кампании («certified wolf appliance repair near me», «cove appliance repair»); их должны ловить Lux-кампании"
FL-PALM-BEACH | Sub-Zero | tCPA 2026,wolf stove,Campaign Negative Phrase,P1,"Запросы про Wolf/Miele/Cove попадали в Sub-Zero кампании («certified wolf appliance repair near me», «cove appliance repair»); их должны ловить Lux-кампании"
FL-ORLANDO | Sub-Zero | tCPA 2026,wolf stove,Campaign Negative Phrase,P1,"Запросы про Wolf/Miele/Cove попадали в Sub-Zero кампании («certified wolf appliance repair near me», «cove appliance repair»); их должны ловить Lux-кампании"
CHI-WEST | Sub-Zero | tCPA 2026,wolf stove,Campaign Negative Phrase,P1,"Запросы про Wolf/Miele/Cove попадали в Sub-Zero кампании («certified wolf appliance repair near me», «cove appliance repair»); их должны ловить Lux-кампании"
FL-MIAMI-DADE | Sub-Zero | tCPA 2026,wolf stove,Campaign Negative Phrase,P1,"Запросы про Wolf/Miele/Cove попадали в Sub-Zero кампании («certified wolf appliance repair near me», «cove appliance repair»); их должны ловить Lux-кампании"
CHI-NORTHWEST | Sub-Zero | tCPA 2026,wolf stove,Campaign Negative Phrase,P1,"Запросы про Wolf/Miele/Cove попадали в Sub-Zero кампании («certified wolf appliance repair near me», «cove appliance repair»); их должны ловить Lux-кампании"
CHI-NORTH-SHORE | Sub-Zero | tCPA 2026,wolf stove,Campaign Negative Phrase,P1,"Запросы про Wolf/Miele/Cove попадали в Sub-Zero кампании («certified wolf appliance repair near me», «cove appliance repair»); их должны ловить Lux-кампании"
CHI-WI-MI | Sub-Zero | tCPA 2026,wolf stove,Campaign Negative Phrase,P1,"Запросы про Wolf/Miele/Cove попадали в Sub-Zero кампании («certified wolf appliance repair near me», «cove appliance repair»); их должны ловить Lux-кампании"
FL-SARASOTA | Sub-Zero | tCPA 2026,wolf stove,Campaign Negative Phrase,P1,"Запросы про Wolf/Miele/Cove попадали в Sub-Zero кампании («certified wolf appliance repair near me», «cove appliance repair»); их должны ловить Lux-кампании"
CHI-INDIANA | Sub-Zero | tCPA 2026,wolf stove,Campaign Negative Phrase,P1,"Запросы про Wolf/Miele/Cove попадали в Sub-Zero кампании («certified wolf appliance repair near me», «cove appliance repair»); их должны ловить Lux-кампании"
CHI-SOUTH | Sub-Zero | tCPA 2026,wolf stove,Campaign Negative Phrase,P1,"Запросы про Wolf/Miele/Cove попадали в Sub-Zero кампании («certified wolf appliance repair near me», «cove appliance repair»); их должны ловить Lux-кампании"
FL-NAPLES-FORT-MYERS | Sub-Zero | tCPA 2026,wolf stove,Campaign Negative Phrase,P1,"Запросы про Wolf/Miele/Cove попадали в Sub-Zero кампании («certified wolf appliance repair near me», «cove appliance repair»); их должны ловить Lux-кампании"
FL-PINELLAS | Sub-Zero | tCPA 2026,wolf stove,Campaign Negative Phrase,P1,"Запросы про Wolf/Miele/Cove попадали в Sub-Zero кампании («certified wolf appliance repair near me», «cove appliance repair»); их должны ловить Lux-кампании"
FL-TAMPA | Sub-Zero | tCPA 2026,wolf stove,Campaign Negative Phrase,P1,"Запросы про Wolf/Miele/Cove попадали в Sub-Zero кампании («certified wolf appliance repair near me», «cove appliance repair»); их должны ловить Lux-кампании"
FL-JACKSONVILLE | Sub-Zero | tCPA 2026,wolf stove,Campaign Negative Phrase,P1,"Запросы про Wolf/Miele/Cove попадали в Sub-Zero кампании («certified wolf appliance repair near me», «cove appliance repair»); их должны ловить Lux-кампании"
FL-NORTH-CENTRAL | Sub-Zero | tCPA 2026,wolf stove,Campaign Negative Phrase,P1,"Запросы про Wolf/Miele/Cove попадали в Sub-Zero кампании («certified wolf appliance repair near me», «cove appliance repair»); их должны ловить Lux-кампании"
FL-BROWARD | Sub-Zero | tCPA 2026,wolf appliance,Campaign Negative Phrase,P1,"Запросы про Wolf/Miele/Cove попадали в Sub-Zero кампании («certified wolf appliance repair near me», «cove appliance repair»); их должны ловить Lux-кампании"
CHI-CITY | Sub-Zero | tCPA 2026,wolf appliance,Campaign Negative Phrase,P1,"Запросы про Wolf/Miele/Cove попадали в Sub-Zero кампании («certified wolf appliance repair near me», «cove appliance repair»); их должны ловить Lux-кампании"
FL-PANHANDLE | Sub-Zero | tCPA 2026,wolf appliance,Campaign Negative Phrase,P1,"Запросы про Wolf/Miele/Cove попадали в Sub-Zero кампании («certified wolf appliance repair near me», «cove appliance repair»); их должны ловить Lux-кампании"
FL-PALM-BEACH | Sub-Zero | tCPA 2026,wolf appliance,Campaign Negative Phrase,P1,"Запросы про Wolf/Miele/Cove попадали в Sub-Zero кампании («certified wolf appliance repair near me», «cove appliance repair»); их должны ловить Lux-кампании"
FL-ORLANDO | Sub-Zero | tCPA 2026,wolf appliance,Campaign Negative Phrase,P1,"Запросы про Wolf/Miele/Cove попадали в Sub-Zero кампании («certified wolf appliance repair near me», «cove appliance repair»); их должны ловить Lux-кампании"
CHI-WEST | Sub-Zero | tCPA 2026,wolf appliance,Campaign Negative Phrase,P1,"Запросы про Wolf/Miele/Cove попадали в Sub-Zero кампании («certified wolf appliance repair near me», «cove appliance repair»); их должны ловить Lux-кампании"
FL-MIAMI-DADE | Sub-Zero | tCPA 2026,wolf appliance,Campaign Negative Phrase,P1,"Запросы про Wolf/Miele/Cove попадали в Sub-Zero кампании («certified wolf appliance repair near me», «cove appliance repair»); их должны ловить Lux-кампании"
CHI-NORTHWEST | Sub-Zero | tCPA 2026,wolf appliance,Campaign Negative Phrase,P1,"Запросы про Wolf/Miele/Cove попадали в Sub-Zero кампании («certified wolf appliance repair near me», «cove appliance repair»); их должны ловить Lux-кампании"
CHI-NORTH-SHORE | Sub-Zero | tCPA 2026,wolf appliance,Campaign Negative Phrase,P1,"Запросы про Wolf/Miele/Cove попадали в Sub-Zero кампании («certified wolf appliance repair near me», «cove appliance repair»); их должны ловить Lux-кампании"
CHI-WI-MI | Sub-Zero | tCPA 2026,wolf appliance,Campaign Negative Phrase,P1,"Запросы про Wolf/Miele/Cove попадали в Sub-Zero кампании («certified wolf appliance repair near me», «cove appliance repair»); их должны ловить Lux-кампании"
FL-SARASOTA | Sub-Zero | tCPA 2026,wolf appliance,Campaign Negative Phrase,P1,"Запросы про Wolf/Miele/Cove попадали в Sub-Zero кампании («certified wolf appliance repair near me», «cove appliance repair»); их должны ловить Lux-кампании"
CHI-INDIANA | Sub-Zero | tCPA 2026,wolf appliance,Campaign Negative Phrase,P1,"Запросы про Wolf/Miele/Cove попадали в Sub-Zero кампании («certified wolf appliance repair near me», «cove appliance repair»); их должны ловить Lux-кампании"
CHI-SOUTH | Sub-Zero | tCPA 2026,wolf appliance,Campaign Negative Phrase,P1,"Запросы про Wolf/Miele/Cove попадали в Sub-Zero кампании («certified wolf appliance repair near me», «cove appliance repair»); их должны ловить Lux-кампании"
FL-NAPLES-FORT-MYERS | Sub-Zero | tCPA 2026,wolf appliance,Campaign Negative Phrase,P1,"Запросы про Wolf/Miele/Cove попадали в Sub-Zero кампании («certified wolf appliance repair near me», «cove appliance repair»); их должны ловить Lux-кампании"
FL-PINELLAS | Sub-Zero | tCPA 2026,wolf appliance,Campaign Negative Phrase,P1,"Запросы про Wolf/Miele/Cove попадали в Sub-Zero кампании («certified wolf appliance repair near me», «cove appliance repair»); их должны ловить Lux-кампании"
FL-TAMPA | Sub-Zero | tCPA 2026,wolf appliance,Campaign Negative Phrase,P1,"Запросы про Wolf/Miele/Cove попадали в Sub-Zero кампании («certified wolf appliance repair near me», «cove appliance repair»); их должны ловить Lux-кампании"
FL-JACKSONVILLE | Sub-Zero | tCPA 2026,wolf appliance,Campaign Negative Phrase,P1,"Запросы про Wolf/Miele/Cove попадали в Sub-Zero кампании («certified wolf appliance repair near me», «cove appliance repair»); их должны ловить Lux-кампании"
FL-NORTH-CENTRAL | Sub-Zero | tCPA 2026,wolf appliance,Campaign Negative Phrase,P1,"Запросы про Wolf/Miele/Cove попадали в Sub-Zero кампании («certified wolf appliance repair near me», «cove appliance repair»); их должны ловить Lux-кампании"
FL-BROWARD | Sub-Zero | tCPA 2026,wolf appliances,Campaign Negative Phrase,P1,"Запросы про Wolf/Miele/Cove попадали в Sub-Zero кампании («certified wolf appliance repair near me», «cove appliance repair»); их должны ловить Lux-кампании"
CHI-CITY | Sub-Zero | tCPA 2026,wolf appliances,Campaign Negative Phrase,P1,"Запросы про Wolf/Miele/Cove попадали в Sub-Zero кампании («certified wolf appliance repair near me», «cove appliance repair»); их должны ловить Lux-кампании"
FL-PANHANDLE | Sub-Zero | tCPA 2026,wolf appliances,Campaign Negative Phrase,P1,"Запросы про Wolf/Miele/Cove попадали в Sub-Zero кампании («certified wolf appliance repair near me», «cove appliance repair»); их должны ловить Lux-кампании"
FL-PALM-BEACH | Sub-Zero | tCPA 2026,wolf appliances,Campaign Negative Phrase,P1,"Запросы про Wolf/Miele/Cove попадали в Sub-Zero кампании («certified wolf appliance repair near me», «cove appliance repair»); их должны ловить Lux-кампании"
FL-ORLANDO | Sub-Zero | tCPA 2026,wolf appliances,Campaign Negative Phrase,P1,"Запросы про Wolf/Miele/Cove попадали в Sub-Zero кампании («certified wolf appliance repair near me», «cove appliance repair»); их должны ловить Lux-кампании"
CHI-WEST | Sub-Zero | tCPA 2026,wolf appliances,Campaign Negative Phrase,P1,"Запросы про Wolf/Miele/Cove попадали в Sub-Zero кампании («certified wolf appliance repair near me», «cove appliance repair»); их должны ловить Lux-кампании"
FL-MIAMI-DADE | Sub-Zero | tCPA 2026,wolf appliances,Campaign Negative Phrase,P1,"Запросы про Wolf/Miele/Cove попадали в Sub-Zero кампании («certified wolf appliance repair near me», «cove appliance repair»); их должны ловить Lux-кампании"
CHI-NORTHWEST | Sub-Zero | tCPA 2026,wolf appliances,Campaign Negative Phrase,P1,"Запросы про Wolf/Miele/Cove попадали в Sub-Zero кампании («certified wolf appliance repair near me», «cove appliance repair»); их должны ловить Lux-кампании"
CHI-NORTH-SHORE | Sub-Zero | tCPA 2026,wolf appliances,Campaign Negative Phrase,P1,"Запросы про Wolf/Miele/Cove попадали в Sub-Zero кампании («certified wolf appliance repair near me», «cove appliance repair»); их должны ловить Lux-кампании"
CHI-WI-MI | Sub-Zero | tCPA 2026,wolf appliances,Campaign Negative Phrase,P1,"Запросы про Wolf/Miele/Cove попадали в Sub-Zero кампании («certified wolf appliance repair near me», «cove appliance repair»); их должны ловить Lux-кампании"
FL-SARASOTA | Sub-Zero | tCPA 2026,wolf appliances,Campaign Negative Phrase,P1,"Запросы про Wolf/Miele/Cove попадали в Sub-Zero кампании («certified wolf appliance repair near me», «cove appliance repair»); их должны ловить Lux-кампании"
CHI-INDIANA | Sub-Zero | tCPA 2026,wolf appliances,Campaign Negative Phrase,P1,"Запросы про Wolf/Miele/Cove попадали в Sub-Zero кампании («certified wolf appliance repair near me», «cove appliance repair»); их должны ловить Lux-кампании"
CHI-SOUTH | Sub-Zero | tCPA 2026,wolf appliances,Campaign Negative Phrase,P1,"Запросы про Wolf/Miele/Cove попадали в Sub-Zero кампании («certified wolf appliance repair near me», «cove appliance repair»); их должны ловить Lux-кампании"
FL-NAPLES-FORT-MYERS | Sub-Zero | tCPA 2026,wolf appliances,Campaign Negative Phrase,P1,"Запросы про Wolf/Miele/Cove попадали в Sub-Zero кампании («certified wolf appliance repair near me», «cove appliance repair»); их должны ловить Lux-кампании"
FL-PINELLAS | Sub-Zero | tCPA 2026,wolf appliances,Campaign Negative Phrase,P1,"Запросы про Wolf/Miele/Cove попадали в Sub-Zero кампании («certified wolf appliance repair near me», «cove appliance repair»); их должны ловить Lux-кампании"
FL-TAMPA | Sub-Zero | tCPA 2026,wolf appliances,Campaign Negative Phrase,P1,"Запросы про Wolf/Miele/Cove попадали в Sub-Zero кампании («certified wolf appliance repair near me», «cove appliance repair»); их должны ловить Lux-кампании"
FL-JACKSONVILLE | Sub-Zero | tCPA 2026,wolf appliances,Campaign Negative Phrase,P1,"Запросы про Wolf/Miele/Cove попадали в Sub-Zero кампании («certified wolf appliance repair near me», «cove appliance repair»); их должны ловить Lux-кампании"
FL-NORTH-CENTRAL | Sub-Zero | tCPA 2026,wolf appliances,Campaign Negative Phrase,P1,"Запросы про Wolf/Miele/Cove попадали в Sub-Zero кампании («certified wolf appliance repair near me», «cove appliance repair»); их должны ловить Lux-кампании"
FL-BROWARD | Sub-Zero | tCPA 2026,wolf microwave,Campaign Negative Phrase,P1,"Запросы про Wolf/Miele/Cove попадали в Sub-Zero кампании («certified wolf appliance repair near me», «cove appliance repair»); их должны ловить Lux-кампании"
CHI-CITY | Sub-Zero | tCPA 2026,wolf microwave,Campaign Negative Phrase,P1,"Запросы про Wolf/Miele/Cove попадали в Sub-Zero кампании («certified wolf appliance repair near me», «cove appliance repair»); их должны ловить Lux-кампании"
FL-PANHANDLE | Sub-Zero | tCPA 2026,wolf microwave,Campaign Negative Phrase,P1,"Запросы про Wolf/Miele/Cove попадали в Sub-Zero кампании («certified wolf appliance repair near me», «cove appliance repair»); их должны ловить Lux-кампании"
FL-PALM-BEACH | Sub-Zero | tCPA 2026,wolf microwave,Campaign Negative Phrase,P1,"Запросы про Wolf/Miele/Cove попадали в Sub-Zero кампании («certified wolf appliance repair near me», «cove appliance repair»); их должны ловить Lux-кампании"
FL-ORLANDO | Sub-Zero | tCPA 2026,wolf microwave,Campaign Negative Phrase,P1,"Запросы про Wolf/Miele/Cove попадали в Sub-Zero кампании («certified wolf appliance repair near me», «cove appliance repair»); их должны ловить Lux-кампании"
CHI-WEST | Sub-Zero | tCPA 2026,wolf microwave,Campaign Negative Phrase,P1,"Запросы про Wolf/Miele/Cove попадали в Sub-Zero кампании («certified wolf appliance repair near me», «cove appliance repair»); их должны ловить Lux-кампании"
FL-MIAMI-DADE | Sub-Zero | tCPA 2026,wolf microwave,Campaign Negative Phrase,P1,"Запросы про Wolf/Miele/Cove попадали в Sub-Zero кампании («certified wolf appliance repair near me», «cove appliance repair»); их должны ловить Lux-кампании"
CHI-NORTHWEST | Sub-Zero | tCPA 2026,wolf microwave,Campaign Negative Phrase,P1,"Запросы про Wolf/Miele/Cove попадали в Sub-Zero кампании («certified wolf appliance repair near me», «cove appliance repair»); их должны ловить Lux-кампании"
CHI-NORTH-SHORE | Sub-Zero | tCPA 2026,wolf microwave,Campaign Negative Phrase,P1,"Запросы про Wolf/Miele/Cove попадали в Sub-Zero кампании («certified wolf appliance repair near me», «cove appliance repair»); их должны ловить Lux-кампании"
CHI-WI-MI | Sub-Zero | tCPA 2026,wolf microwave,Campaign Negative Phrase,P1,"Запросы про Wolf/Miele/Cove попадали в Sub-Zero кампании («certified wolf appliance repair near me», «cove appliance repair»); их должны ловить Lux-кампании"
FL-SARASOTA | Sub-Zero | tCPA 2026,wolf microwave,Campaign Negative Phrase,P1,"Запросы про Wolf/Miele/Cove попадали в Sub-Zero кампании («certified wolf appliance repair near me», «cove appliance repair»); их должны ловить Lux-кампании"
CHI-INDIANA | Sub-Zero | tCPA 2026,wolf microwave,Campaign Negative Phrase,P1,"Запросы про Wolf/Miele/Cove попадали в Sub-Zero кампании («certified wolf appliance repair near me», «cove appliance repair»); их должны ловить Lux-кампании"
CHI-SOUTH | Sub-Zero | tCPA 2026,wolf microwave,Campaign Negative Phrase,P1,"Запросы про Wolf/Miele/Cove попадали в Sub-Zero кампании («certified wolf appliance repair near me», «cove appliance repair»); их должны ловить Lux-кампании"
FL-NAPLES-FORT-MYERS | Sub-Zero | tCPA 2026,wolf microwave,Campaign Negative Phrase,P1,"Запросы про Wolf/Miele/Cove попадали в Sub-Zero кампании («certified wolf appliance repair near me», «cove appliance repair»); их должны ловить Lux-кампании"
FL-PINELLAS | Sub-Zero | tCPA 2026,wolf microwave,Campaign Negative Phrase,P1,"Запросы про Wolf/Miele/Cove попадали в Sub-Zero кампании («certified wolf appliance repair near me», «cove appliance repair»); их должны ловить Lux-кампании"
FL-TAMPA | Sub-Zero | tCPA 2026,wolf microwave,Campaign Negative Phrase,P1,"Запросы про Wolf/Miele/Cove попадали в Sub-Zero кампании («certified wolf appliance repair near me», «cove appliance repair»); их должны ловить Lux-кампании"
FL-JACKSONVILLE | Sub-Zero | tCPA 2026,wolf microwave,Campaign Negative Phrase,P1,"Запросы про Wolf/Miele/Cove попадали в Sub-Zero кампании («certified wolf appliance repair near me», «cove appliance repair»); их должны ловить Lux-кампании"
FL-NORTH-CENTRAL | Sub-Zero | tCPA 2026,wolf microwave,Campaign Negative Phrase,P1,"Запросы про Wolf/Miele/Cove попадали в Sub-Zero кампании («certified wolf appliance repair near me», «cove appliance repair»); их должны ловить Lux-кампании"
FL-BROWARD | Sub-Zero | tCPA 2026,wolf grill,Campaign Negative Phrase,P1,"Запросы про Wolf/Miele/Cove попадали в Sub-Zero кампании («certified wolf appliance repair near me», «cove appliance repair»); их должны ловить Lux-кампании"
CHI-CITY | Sub-Zero | tCPA 2026,wolf grill,Campaign Negative Phrase,P1,"Запросы про Wolf/Miele/Cove попадали в Sub-Zero кампании («certified wolf appliance repair near me», «cove appliance repair»); их должны ловить Lux-кампании"
FL-PANHANDLE | Sub-Zero | tCPA 2026,wolf grill,Campaign Negative Phrase,P1,"Запросы про Wolf/Miele/Cove попадали в Sub-Zero кампании («certified wolf appliance repair near me», «cove appliance repair»); их должны ловить Lux-кампании"
FL-PALM-BEACH | Sub-Zero | tCPA 2026,wolf grill,Campaign Negative Phrase,P1,"Запросы про Wolf/Miele/Cove попадали в Sub-Zero кампании («certified wolf appliance repair near me», «cove appliance repair»); их должны ловить Lux-кампании"
FL-ORLANDO | Sub-Zero | tCPA 2026,wolf grill,Campaign Negative Phrase,P1,"Запросы про Wolf/Miele/Cove попадали в Sub-Zero кампании («certified wolf appliance repair near me», «cove appliance repair»); их должны ловить Lux-кампании"
CHI-WEST | Sub-Zero | tCPA 2026,wolf grill,Campaign Negative Phrase,P1,"Запросы про Wolf/Miele/Cove попадали в Sub-Zero кампании («certified wolf appliance repair near me», «cove appliance repair»); их должны ловить Lux-кампании"
FL-MIAMI-DADE | Sub-Zero | tCPA 2026,wolf grill,Campaign Negative Phrase,P1,"Запросы про Wolf/Miele/Cove попадали в Sub-Zero кампании («certified wolf appliance repair near me», «cove appliance repair»); их должны ловить Lux-кампании"
CHI-NORTHWEST | Sub-Zero | tCPA 2026,wolf grill,Campaign Negative Phrase,P1,"Запросы про Wolf/Miele/Cove попадали в Sub-Zero кампании («certified wolf appliance repair near me», «cove appliance repair»); их должны ловить Lux-кампании"
CHI-NORTH-SHORE | Sub-Zero | tCPA 2026,wolf grill,Campaign Negative Phrase,P1,"Запросы про Wolf/Miele/Cove попадали в Sub-Zero кампании («certified wolf appliance repair near me», «cove appliance repair»); их должны ловить Lux-кампании"
CHI-WI-MI | Sub-Zero | tCPA 2026,wolf grill,Campaign Negative Phrase,P1,"Запросы про Wolf/Miele/Cove попадали в Sub-Zero кампании («certified wolf appliance repair near me», «cove appliance repair»); их должны ловить Lux-кампании"
FL-SARASOTA | Sub-Zero | tCPA 2026,wolf grill,Campaign Negative Phrase,P1,"Запросы про Wolf/Miele/Cove попадали в Sub-Zero кампании («certified wolf appliance repair near me», «cove appliance repair»); их должны ловить Lux-кампании"
CHI-INDIANA | Sub-Zero | tCPA 2026,wolf grill,Campaign Negative Phrase,P1,"Запросы про Wolf/Miele/Cove попадали в Sub-Zero кампании («certified wolf appliance repair near me», «cove appliance repair»); их должны ловить Lux-кампании"
CHI-SOUTH | Sub-Zero | tCPA 2026,wolf grill,Campaign Negative Phrase,P1,"Запросы про Wolf/Miele/Cove попадали в Sub-Zero кампании («certified wolf appliance repair near me», «cove appliance repair»); их должны ловить Lux-кампании"
FL-NAPLES-FORT-MYERS | Sub-Zero | tCPA 2026,wolf grill,Campaign Negative Phrase,P1,"Запросы про Wolf/Miele/Cove попадали в Sub-Zero кампании («certified wolf appliance repair near me», «cove appliance repair»); их должны ловить Lux-кампании"
FL-PINELLAS | Sub-Zero | tCPA 2026,wolf grill,Campaign Negative Phrase,P1,"Запросы про Wolf/Miele/Cove попадали в Sub-Zero кампании («certified wolf appliance repair near me», «cove appliance repair»); их должны ловить Lux-кампании"
FL-TAMPA | Sub-Zero | tCPA 2026,wolf grill,Campaign Negative Phrase,P1,"Запросы про Wolf/Miele/Cove попадали в Sub-Zero кампании («certified wolf appliance repair near me», «cove appliance repair»); их должны ловить Lux-кампании"
FL-JACKSONVILLE | Sub-Zero | tCPA 2026,wolf grill,Campaign Negative Phrase,P1,"Запросы про Wolf/Miele/Cove попадали в Sub-Zero кампании («certified wolf appliance repair near me», «cove appliance repair»); их должны ловить Lux-кампании"
FL-NORTH-CENTRAL | Sub-Zero | tCPA 2026,wolf grill,Campaign Negative Phrase,P1,"Запросы про Wolf/Miele/Cove попадали в Sub-Zero кампании («certified wolf appliance repair near me», «cove appliance repair»); их должны ловить Lux-кампании"
FL-BROWARD | Sub-Zero | tCPA 2026,wolf cooktop,Campaign Negative Phrase,P1,"Запросы про Wolf/Miele/Cove попадали в Sub-Zero кампании («certified wolf appliance repair near me», «cove appliance repair»); их должны ловить Lux-кампании"
CHI-CITY | Sub-Zero | tCPA 2026,wolf cooktop,Campaign Negative Phrase,P1,"Запросы про Wolf/Miele/Cove попадали в Sub-Zero кампании («certified wolf appliance repair near me», «cove appliance repair»); их должны ловить Lux-кампании"
FL-PANHANDLE | Sub-Zero | tCPA 2026,wolf cooktop,Campaign Negative Phrase,P1,"Запросы про Wolf/Miele/Cove попадали в Sub-Zero кампании («certified wolf appliance repair near me», «cove appliance repair»); их должны ловить Lux-кампании"
FL-PALM-BEACH | Sub-Zero | tCPA 2026,wolf cooktop,Campaign Negative Phrase,P1,"Запросы про Wolf/Miele/Cove попадали в Sub-Zero кампании («certified wolf appliance repair near me», «cove appliance repair»); их должны ловить Lux-кампании"
FL-ORLANDO | Sub-Zero | tCPA 2026,wolf cooktop,Campaign Negative Phrase,P1,"Запросы про Wolf/Miele/Cove попадали в Sub-Zero кампании («certified wolf appliance repair near me», «cove appliance repair»); их должны ловить Lux-кампании"
CHI-WEST | Sub-Zero | tCPA 2026,wolf cooktop,Campaign Negative Phrase,P1,"Запросы про Wolf/Miele/Cove попадали в Sub-Zero кампании («certified wolf appliance repair near me», «cove appliance repair»); их должны ловить Lux-кампании"
FL-MIAMI-DADE | Sub-Zero | tCPA 2026,wolf cooktop,Campaign Negative Phrase,P1,"Запросы про Wolf/Miele/Cove попадали в Sub-Zero кампании («certified wolf appliance repair near me», «cove appliance repair»); их должны ловить Lux-кампании"
CHI-NORTHWEST | Sub-Zero | tCPA 2026,wolf cooktop,Campaign Negative Phrase,P1,"Запросы про Wolf/Miele/Cove попадали в Sub-Zero кампании («certified wolf appliance repair near me», «cove appliance repair»); их должны ловить Lux-кампании"
CHI-NORTH-SHORE | Sub-Zero | tCPA 2026,wolf cooktop,Campaign Negative Phrase,P1,"Запросы про Wolf/Miele/Cove попадали в Sub-Zero кампании («certified wolf appliance repair near me», «cove appliance repair»); их должны ловить Lux-кампании"
CHI-WI-MI | Sub-Zero | tCPA 2026,wolf cooktop,Campaign Negative Phrase,P1,"Запросы про Wolf/Miele/Cove попадали в Sub-Zero кампании («certified wolf appliance repair near me», «cove appliance repair»); их должны ловить Lux-кампании"
FL-SARASOTA | Sub-Zero | tCPA 2026,wolf cooktop,Campaign Negative Phrase,P1,"Запросы про Wolf/Miele/Cove попадали в Sub-Zero кампании («certified wolf appliance repair near me», «cove appliance repair»); их должны ловить Lux-кампании"
CHI-INDIANA | Sub-Zero | tCPA 2026,wolf cooktop,Campaign Negative Phrase,P1,"Запросы про Wolf/Miele/Cove попадали в Sub-Zero кампании («certified wolf appliance repair near me», «cove appliance repair»); их должны ловить Lux-кампании"
CHI-SOUTH | Sub-Zero | tCPA 2026,wolf cooktop,Campaign Negative Phrase,P1,"Запросы про Wolf/Miele/Cove попадали в Sub-Zero кампании («certified wolf appliance repair near me», «cove appliance repair»); их должны ловить Lux-кампании"
FL-NAPLES-FORT-MYERS | Sub-Zero | tCPA 2026,wolf cooktop,Campaign Negative Phrase,P1,"Запросы про Wolf/Miele/Cove попадали в Sub-Zero кампании («certified wolf appliance repair near me», «cove appliance repair»); их должны ловить Lux-кампании"
FL-PINELLAS | Sub-Zero | tCPA 2026,wolf cooktop,Campaign Negative Phrase,P1,"Запросы про Wolf/Miele/Cove попадали в Sub-Zero кампании («certified wolf appliance repair near me», «cove appliance repair»); их должны ловить Lux-кампании"
FL-TAMPA | Sub-Zero | tCPA 2026,wolf cooktop,Campaign Negative Phrase,P1,"Запросы про Wolf/Miele/Cove попадали в Sub-Zero кампании («certified wolf appliance repair near me», «cove appliance repair»); их должны ловить Lux-кампании"
FL-JACKSONVILLE | Sub-Zero | tCPA 2026,wolf cooktop,Campaign Negative Phrase,P1,"Запросы про Wolf/Miele/Cove попадали в Sub-Zero кампании («certified wolf appliance repair near me», «cove appliance repair»); их должны ловить Lux-кампании"
FL-NORTH-CENTRAL | Sub-Zero | tCPA 2026,wolf cooktop,Campaign Negative Phrase,P1,"Запросы про Wolf/Miele/Cove попадали в Sub-Zero кампании («certified wolf appliance repair near me», «cove appliance repair»); их должны ловить Lux-кампании"
FL-BROWARD | Sub-Zero | tCPA 2026,miele,Campaign Negative Phrase,P1,"Запросы про Wolf/Miele/Cove попадали в Sub-Zero кампании («certified wolf appliance repair near me», «cove appliance repair»); их должны ловить Lux-кампании"
CHI-CITY | Sub-Zero | tCPA 2026,miele,Campaign Negative Phrase,P1,"Запросы про Wolf/Miele/Cove попадали в Sub-Zero кампании («certified wolf appliance repair near me», «cove appliance repair»); их должны ловить Lux-кампании"
FL-PANHANDLE | Sub-Zero | tCPA 2026,miele,Campaign Negative Phrase,P1,"Запросы про Wolf/Miele/Cove попадали в Sub-Zero кампании («certified wolf appliance repair near me», «cove appliance repair»); их должны ловить Lux-кампании"
FL-PALM-BEACH | Sub-Zero | tCPA 2026,miele,Campaign Negative Phrase,P1,"Запросы про Wolf/Miele/Cove попадали в Sub-Zero кампании («certified wolf appliance repair near me», «cove appliance repair»); их должны ловить Lux-кампании"
FL-ORLANDO | Sub-Zero | tCPA 2026,miele,Campaign Negative Phrase,P1,"Запросы про Wolf/Miele/Cove попадали в Sub-Zero кампании («certified wolf appliance repair near me», «cove appliance repair»); их должны ловить Lux-кампании"
CHI-WEST | Sub-Zero | tCPA 2026,miele,Campaign Negative Phrase,P1,"Запросы про Wolf/Miele/Cove попадали в Sub-Zero кампании («certified wolf appliance repair near me», «cove appliance repair»); их должны ловить Lux-кампании"
FL-MIAMI-DADE | Sub-Zero | tCPA 2026,miele,Campaign Negative Phrase,P1,"Запросы про Wolf/Miele/Cove попадали в Sub-Zero кампании («certified wolf appliance repair near me», «cove appliance repair»); их должны ловить Lux-кампании"
CHI-NORTHWEST | Sub-Zero | tCPA 2026,miele,Campaign Negative Phrase,P1,"Запросы про Wolf/Miele/Cove попадали в Sub-Zero кампании («certified wolf appliance repair near me», «cove appliance repair»); их должны ловить Lux-кампании"
CHI-NORTH-SHORE | Sub-Zero | tCPA 2026,miele,Campaign Negative Phrase,P1,"Запросы про Wolf/Miele/Cove попадали в Sub-Zero кампании («certified wolf appliance repair near me», «cove appliance repair»); их должны ловить Lux-кампании"
CHI-WI-MI | Sub-Zero | tCPA 2026,miele,Campaign Negative Phrase,P1,"Запросы про Wolf/Miele/Cove попадали в Sub-Zero кампании («certified wolf appliance repair near me», «cove appliance repair»); их должны ловить Lux-кампании"
FL-SARASOTA | Sub-Zero | tCPA 2026,miele,Campaign Negative Phrase,P1,"Запросы про Wolf/Miele/Cove попадали в Sub-Zero кампании («certified wolf appliance repair near me», «cove appliance repair»); их должны ловить Lux-кампании"
CHI-INDIANA | Sub-Zero | tCPA 2026,miele,Campaign Negative Phrase,P1,"Запросы про Wolf/Miele/Cove попадали в Sub-Zero кампании («certified wolf appliance repair near me», «cove appliance repair»); их должны ловить Lux-кампании"
CHI-SOUTH | Sub-Zero | tCPA 2026,miele,Campaign Negative Phrase,P1,"Запросы про Wolf/Miele/Cove попадали в Sub-Zero кампании («certified wolf appliance repair near me», «cove appliance repair»); их должны ловить Lux-кампании"
FL-NAPLES-FORT-MYERS | Sub-Zero | tCPA 2026,miele,Campaign Negative Phrase,P1,"Запросы про Wolf/Miele/Cove попадали в Sub-Zero кампании («certified wolf appliance repair near me», «cove appliance repair»); их должны ловить Lux-кампании"
FL-PINELLAS | Sub-Zero | tCPA 2026,miele,Campaign Negative Phrase,P1,"Запросы про Wolf/Miele/Cove попадали в Sub-Zero кампании («certified wolf appliance repair near me», «cove appliance repair»); их должны ловить Lux-кампании"
FL-TAMPA | Sub-Zero | tCPA 2026,miele,Campaign Negative Phrase,P1,"Запросы про Wolf/Miele/Cove попадали в Sub-Zero кампании («certified wolf appliance repair near me», «cove appliance repair»); их должны ловить Lux-кампании"
FL-JACKSONVILLE | Sub-Zero | tCPA 2026,miele,Campaign Negative Phrase,P1,"Запросы про Wolf/Miele/Cove попадали в Sub-Zero кампании («certified wolf appliance repair near me», «cove appliance repair»); их должны ловить Lux-кампании"
FL-NORTH-CENTRAL | Sub-Zero | tCPA 2026,miele,Campaign Negative Phrase,P1,"Запросы про Wolf/Miele/Cove попадали в Sub-Zero кампании («certified wolf appliance repair near me», «cove appliance repair»); их должны ловить Lux-кампании"
FL-BROWARD | Sub-Zero | tCPA 2026,cove dishwasher,Campaign Negative Phrase,P1,"Запросы про Wolf/Miele/Cove попадали в Sub-Zero кампании («certified wolf appliance repair near me», «cove appliance repair»); их должны ловить Lux-кампании"
CHI-CITY | Sub-Zero | tCPA 2026,cove dishwasher,Campaign Negative Phrase,P1,"Запросы про Wolf/Miele/Cove попадали в Sub-Zero кампании («certified wolf appliance repair near me», «cove appliance repair»); их должны ловить Lux-кампании"
FL-PANHANDLE | Sub-Zero | tCPA 2026,cove dishwasher,Campaign Negative Phrase,P1,"Запросы про Wolf/Miele/Cove попадали в Sub-Zero кампании («certified wolf appliance repair near me», «cove appliance repair»); их должны ловить Lux-кампании"
FL-PALM-BEACH | Sub-Zero | tCPA 2026,cove dishwasher,Campaign Negative Phrase,P1,"Запросы про Wolf/Miele/Cove попадали в Sub-Zero кампании («certified wolf appliance repair near me», «cove appliance repair»); их должны ловить Lux-кампании"
FL-ORLANDO | Sub-Zero | tCPA 2026,cove dishwasher,Campaign Negative Phrase,P1,"Запросы про Wolf/Miele/Cove попадали в Sub-Zero кампании («certified wolf appliance repair near me», «cove appliance repair»); их должны ловить Lux-кампании"
CHI-WEST | Sub-Zero | tCPA 2026,cove dishwasher,Campaign Negative Phrase,P1,"Запросы про Wolf/Miele/Cove попадали в Sub-Zero кампании («certified wolf appliance repair near me», «cove appliance repair»); их должны ловить Lux-кампании"
FL-MIAMI-DADE | Sub-Zero | tCPA 2026,cove dishwasher,Campaign Negative Phrase,P1,"Запросы про Wolf/Miele/Cove попадали в Sub-Zero кампании («certified wolf appliance repair near me», «cove appliance repair»); их должны ловить Lux-кампании"
CHI-NORTHWEST | Sub-Zero | tCPA 2026,cove dishwasher,Campaign Negative Phrase,P1,"Запросы про Wolf/Miele/Cove попадали в Sub-Zero кампании («certified wolf appliance repair near me», «cove appliance repair»); их должны ловить Lux-кампании"
CHI-NORTH-SHORE | Sub-Zero | tCPA 2026,cove dishwasher,Campaign Negative Phrase,P1,"Запросы про Wolf/Miele/Cove попадали в Sub-Zero кампании («certified wolf appliance repair near me», «cove appliance repair»); их должны ловить Lux-кампании"
CHI-WI-MI | Sub-Zero | tCPA 2026,cove dishwasher,Campaign Negative Phrase,P1,"Запросы про Wolf/Miele/Cove попадали в Sub-Zero кампании («certified wolf appliance repair near me», «cove appliance repair»); их должны ловить Lux-кампании"
FL-SARASOTA | Sub-Zero | tCPA 2026,cove dishwasher,Campaign Negative Phrase,P1,"Запросы про Wolf/Miele/Cove попадали в Sub-Zero кампании («certified wolf appliance repair near me», «cove appliance repair»); их должны ловить Lux-кампании"
CHI-INDIANA | Sub-Zero | tCPA 2026,cove dishwasher,Campaign Negative Phrase,P1,"Запросы про Wolf/Miele/Cove попадали в Sub-Zero кампании («certified wolf appliance repair near me», «cove appliance repair»); их должны ловить Lux-кампании"
CHI-SOUTH | Sub-Zero | tCPA 2026,cove dishwasher,Campaign Negative Phrase,P1,"Запросы про Wolf/Miele/Cove попадали в Sub-Zero кампании («certified wolf appliance repair near me», «cove appliance repair»); их должны ловить Lux-кампании"
FL-NAPLES-FORT-MYERS | Sub-Zero | tCPA 2026,cove dishwasher,Campaign Negative Phrase,P1,"Запросы про Wolf/Miele/Cove попадали в Sub-Zero кампании («certified wolf appliance repair near me», «cove appliance repair»); их должны ловить Lux-кампании"
FL-PINELLAS | Sub-Zero | tCPA 2026,cove dishwasher,Campaign Negative Phrase,P1,"Запросы про Wolf/Miele/Cove попадали в Sub-Zero кампании («certified wolf appliance repair near me», «cove appliance repair»); их должны ловить Lux-кампании"
FL-TAMPA | Sub-Zero | tCPA 2026,cove dishwasher,Campaign Negative Phrase,P1,"Запросы про Wolf/Miele/Cove попадали в Sub-Zero кампании («certified wolf appliance repair near me», «cove appliance repair»); их должны ловить Lux-кампании"
FL-JACKSONVILLE | Sub-Zero | tCPA 2026,cove dishwasher,Campaign Negative Phrase,P1,"Запросы про Wolf/Miele/Cove попадали в Sub-Zero кампании («certified wolf appliance repair near me», «cove appliance repair»); их должны ловить Lux-кампании"
FL-NORTH-CENTRAL | Sub-Zero | tCPA 2026,cove dishwasher,Campaign Negative Phrase,P1,"Запросы про Wolf/Miele/Cove попадали в Sub-Zero кампании («certified wolf appliance repair near me», «cove appliance repair»); их должны ловить Lux-кампании"
FL-BROWARD | Sub-Zero | tCPA 2026,cove appliance,Campaign Negative Phrase,P1,"Запросы про Wolf/Miele/Cove попадали в Sub-Zero кампании («certified wolf appliance repair near me», «cove appliance repair»); их должны ловить Lux-кампании"
CHI-CITY | Sub-Zero | tCPA 2026,cove appliance,Campaign Negative Phrase,P1,"Запросы про Wolf/Miele/Cove попадали в Sub-Zero кампании («certified wolf appliance repair near me», «cove appliance repair»); их должны ловить Lux-кампании"
FL-PANHANDLE | Sub-Zero | tCPA 2026,cove appliance,Campaign Negative Phrase,P1,"Запросы про Wolf/Miele/Cove попадали в Sub-Zero кампании («certified wolf appliance repair near me», «cove appliance repair»); их должны ловить Lux-кампании"
FL-PALM-BEACH | Sub-Zero | tCPA 2026,cove appliance,Campaign Negative Phrase,P1,"Запросы про Wolf/Miele/Cove попадали в Sub-Zero кампании («certified wolf appliance repair near me», «cove appliance repair»); их должны ловить Lux-кампании"
FL-ORLANDO | Sub-Zero | tCPA 2026,cove appliance,Campaign Negative Phrase,P1,"Запросы про Wolf/Miele/Cove попадали в Sub-Zero кампании («certified wolf appliance repair near me», «cove appliance repair»); их должны ловить Lux-кампании"
CHI-WEST | Sub-Zero | tCPA 2026,cove appliance,Campaign Negative Phrase,P1,"Запросы про Wolf/Miele/Cove попадали в Sub-Zero кампании («certified wolf appliance repair near me», «cove appliance repair»); их должны ловить Lux-кампании"
FL-MIAMI-DADE | Sub-Zero | tCPA 2026,cove appliance,Campaign Negative Phrase,P1,"Запросы про Wolf/Miele/Cove попадали в Sub-Zero кампании («certified wolf appliance repair near me», «cove appliance repair»); их должны ловить Lux-кампании"
CHI-NORTHWEST | Sub-Zero | tCPA 2026,cove appliance,Campaign Negative Phrase,P1,"Запросы про Wolf/Miele/Cove попадали в Sub-Zero кампании («certified wolf appliance repair near me», «cove appliance repair»); их должны ловить Lux-кампании"
CHI-NORTH-SHORE | Sub-Zero | tCPA 2026,cove appliance,Campaign Negative Phrase,P1,"Запросы про Wolf/Miele/Cove попадали в Sub-Zero кампании («certified wolf appliance repair near me», «cove appliance repair»); их должны ловить Lux-кампании"
CHI-WI-MI | Sub-Zero | tCPA 2026,cove appliance,Campaign Negative Phrase,P1,"Запросы про Wolf/Miele/Cove попадали в Sub-Zero кампании («certified wolf appliance repair near me», «cove appliance repair»); их должны ловить Lux-кампании"
FL-SARASOTA | Sub-Zero | tCPA 2026,cove appliance,Campaign Negative Phrase,P1,"Запросы про Wolf/Miele/Cove попадали в Sub-Zero кампании («certified wolf appliance repair near me», «cove appliance repair»); их должны ловить Lux-кампании"
CHI-INDIANA | Sub-Zero | tCPA 2026,cove appliance,Campaign Negative Phrase,P1,"Запросы про Wolf/Miele/Cove попадали в Sub-Zero кампании («certified wolf appliance repair near me», «cove appliance repair»); их должны ловить Lux-кампании"
CHI-SOUTH | Sub-Zero | tCPA 2026,cove appliance,Campaign Negative Phrase,P1,"Запросы про Wolf/Miele/Cove попадали в Sub-Zero кампании («certified wolf appliance repair near me», «cove appliance repair»); их должны ловить Lux-кампании"
FL-NAPLES-FORT-MYERS | Sub-Zero | tCPA 2026,cove appliance,Campaign Negative Phrase,P1,"Запросы про Wolf/Miele/Cove попадали в Sub-Zero кампании («certified wolf appliance repair near me», «cove appliance repair»); их должны ловить Lux-кампании"
FL-PINELLAS | Sub-Zero | tCPA 2026,cove appliance,Campaign Negative Phrase,P1,"Запросы про Wolf/Miele/Cove попадали в Sub-Zero кампании («certified wolf appliance repair near me», «cove appliance repair»); их должны ловить Lux-кампании"
FL-TAMPA | Sub-Zero | tCPA 2026,cove appliance,Campaign Negative Phrase,P1,"Запросы про Wolf/Miele/Cove попадали в Sub-Zero кампании («certified wolf appliance repair near me», «cove appliance repair»); их должны ловить Lux-кампании"
FL-JACKSONVILLE | Sub-Zero | tCPA 2026,cove appliance,Campaign Negative Phrase,P1,"Запросы про Wolf/Miele/Cove попадали в Sub-Zero кампании («certified wolf appliance repair near me», «cove appliance repair»); их должны ловить Lux-кампании"
FL-NORTH-CENTRAL | Sub-Zero | tCPA 2026,cove appliance,Campaign Negative Phrase,P1,"Запросы про Wolf/Miele/Cove попадали в Sub-Zero кампании («certified wolf appliance repair near me», «cove appliance repair»); их должны ловить Lux-кампании"
CHICAGO | Lux Search | MaxConv 2026,sub zero,Campaign Negative Broad,P1 (решение),"ВАРИАНТ Б (см. раздел «Структура»): убрать пересечение Lux и Sub-Zero-кампаний, как уже сделано в MIAMI/TAMPA Lux. Не добавлять, если выбран вариант А (пауза внутренних CHI-* кампаний)"
DESTIN | Lux Search | tCPA 2026,sub zero,Campaign Negative Broad,P1 (решение),"ВАРИАНТ Б (см. раздел «Структура»): убрать пересечение Lux и Sub-Zero-кампаний, как уже сделано в MIAMI/TAMPA Lux. Не добавлять, если выбран вариант А (пауза внутренних CHI-* кампаний)"
CHICAGO | Lux Search | MaxConv 2026,subzero,Campaign Negative Broad,P1 (решение),"ВАРИАНТ Б (см. раздел «Структура»): убрать пересечение Lux и Sub-Zero-кампаний, как уже сделано в MIAMI/TAMPA Lux. Не добавлять, если выбран вариант А (пауза внутренних CHI-* кампаний)"
DESTIN | Lux Search | tCPA 2026,subzero,Campaign Negative Broad,P1 (решение),"ВАРИАНТ Б (см. раздел «Структура»): убрать пересечение Lux и Sub-Zero-кампаний, как уже сделано в MIAMI/TAMPA Lux. Не добавлять, если выбран вариант А (пауза внутренних CHI-* кампаний)"
CHICAGO | Lux Search | MaxConv 2026,sub-zero,Campaign Negative Broad,P1 (решение),"ВАРИАНТ Б (см. раздел «Структура»): убрать пересечение Lux и Sub-Zero-кампаний, как уже сделано в MIAMI/TAMPA Lux. Не добавлять, если выбран вариант А (пауза внутренних CHI-* кампаний)"
DESTIN | Lux Search | tCPA 2026,sub-zero,Campaign Negative Broad,P1 (решение),"ВАРИАНТ Б (см. раздел «Структура»): убрать пересечение Lux и Sub-Zero-кампаний, как уже сделано в MIAMI/TAMPA Lux. Не добавлять, если выбран вариант А (пауза внутренних CHI-* кампаний)"
FL-BROWARD | Sub-Zero | tCPA 2026,reviews,Campaign Negative Broad,P2,Стадия выбора/жалобы (в части кампаний уже есть)
TAMPA | Lux Search | tCPA 2026,reviews,Campaign Negative Broad,P2,Стадия выбора/жалобы (в части кампаний уже есть)
CHI-CITY | Sub-Zero | tCPA 2026,reviews,Campaign Negative Broad,P2,Стадия выбора/жалобы (в части кампаний уже есть)
FL-PANHANDLE | Sub-Zero | tCPA 2026,reviews,Campaign Negative Broad,P2,Стадия выбора/жалобы (в части кампаний уже есть)
DESTIN | Lux Search | tCPA 2026,reviews,Campaign Negative Broad,P2,Стадия выбора/жалобы (в части кампаний уже есть)
FL-PALM-BEACH | Sub-Zero | tCPA 2026,reviews,Campaign Negative Broad,P2,Стадия выбора/жалобы (в части кампаний уже есть)
FL-ORLANDO | Sub-Zero | tCPA 2026,reviews,Campaign Negative Broad,P2,Стадия выбора/жалобы (в части кампаний уже есть)
CHI-WEST | Sub-Zero | tCPA 2026,reviews,Campaign Negative Broad,P2,Стадия выбора/жалобы (в части кампаний уже есть)
MIAMI | Lux Search | tCPA 2026,reviews,Campaign Negative Broad,P2,Стадия выбора/жалобы (в части кампаний уже есть)
FL-MIAMI-DADE | Sub-Zero | tCPA 2026,reviews,Campaign Negative Broad,P2,Стадия выбора/жалобы (в части кампаний уже есть)
CHI-NORTHWEST | Sub-Zero | tCPA 2026,reviews,Campaign Negative Broad,P2,Стадия выбора/жалобы (в части кампаний уже есть)
CHI-NORTH-SHORE | Sub-Zero | tCPA 2026,reviews,Campaign Negative Broad,P2,Стадия выбора/жалобы (в части кампаний уже есть)
CHI-WI-MI | Sub-Zero | tCPA 2026,reviews,Campaign Negative Broad,P2,Стадия выбора/жалобы (в части кампаний уже есть)
FL-SARASOTA | Sub-Zero | tCPA 2026,reviews,Campaign Negative Broad,P2,Стадия выбора/жалобы (в части кампаний уже есть)
CHI-INDIANA | Sub-Zero | tCPA 2026,reviews,Campaign Negative Broad,P2,Стадия выбора/жалобы (в части кампаний уже есть)
CHI-SOUTH | Sub-Zero | tCPA 2026,reviews,Campaign Negative Broad,P2,Стадия выбора/жалобы (в части кампаний уже есть)
FL-NAPLES-FORT-MYERS | Sub-Zero | tCPA 2026,reviews,Campaign Negative Broad,P2,Стадия выбора/жалобы (в части кампаний уже есть)
FL-PINELLAS | Sub-Zero | tCPA 2026,reviews,Campaign Negative Broad,P2,Стадия выбора/жалобы (в части кампаний уже есть)
FL-TAMPA | Sub-Zero | tCPA 2026,reviews,Campaign Negative Broad,P2,Стадия выбора/жалобы (в части кампаний уже есть)
CHICAGO | Lux Search | MaxConv 2026,reviews,Campaign Negative Broad,P2,Стадия выбора/жалобы (в части кампаний уже есть)
FL-JACKSONVILLE | Sub-Zero | tCPA 2026,reviews,Campaign Negative Broad,P2,Стадия выбора/жалобы (в части кампаний уже есть)
FL-NORTH-CENTRAL | Sub-Zero | tCPA 2026,reviews,Campaign Negative Broad,P2,Стадия выбора/жалобы (в части кампаний уже есть)
FL-BROWARD | Sub-Zero | tCPA 2026,review,Campaign Negative Broad,P2,Стадия выбора/жалобы (в части кампаний уже есть)
TAMPA | Lux Search | tCPA 2026,review,Campaign Negative Broad,P2,Стадия выбора/жалобы (в части кампаний уже есть)
CHI-CITY | Sub-Zero | tCPA 2026,review,Campaign Negative Broad,P2,Стадия выбора/жалобы (в части кампаний уже есть)
FL-PANHANDLE | Sub-Zero | tCPA 2026,review,Campaign Negative Broad,P2,Стадия выбора/жалобы (в части кампаний уже есть)
DESTIN | Lux Search | tCPA 2026,review,Campaign Negative Broad,P2,Стадия выбора/жалобы (в части кампаний уже есть)
FL-PALM-BEACH | Sub-Zero | tCPA 2026,review,Campaign Negative Broad,P2,Стадия выбора/жалобы (в части кампаний уже есть)
FL-ORLANDO | Sub-Zero | tCPA 2026,review,Campaign Negative Broad,P2,Стадия выбора/жалобы (в части кампаний уже есть)
CHI-WEST | Sub-Zero | tCPA 2026,review,Campaign Negative Broad,P2,Стадия выбора/жалобы (в части кампаний уже есть)
MIAMI | Lux Search | tCPA 2026,review,Campaign Negative Broad,P2,Стадия выбора/жалобы (в части кампаний уже есть)
FL-MIAMI-DADE | Sub-Zero | tCPA 2026,review,Campaign Negative Broad,P2,Стадия выбора/жалобы (в части кампаний уже есть)
CHI-NORTHWEST | Sub-Zero | tCPA 2026,review,Campaign Negative Broad,P2,Стадия выбора/жалобы (в части кампаний уже есть)
CHI-NORTH-SHORE | Sub-Zero | tCPA 2026,review,Campaign Negative Broad,P2,Стадия выбора/жалобы (в части кампаний уже есть)
CHI-WI-MI | Sub-Zero | tCPA 2026,review,Campaign Negative Broad,P2,Стадия выбора/жалобы (в части кампаний уже есть)
FL-SARASOTA | Sub-Zero | tCPA 2026,review,Campaign Negative Broad,P2,Стадия выбора/жалобы (в части кампаний уже есть)
CHI-INDIANA | Sub-Zero | tCPA 2026,review,Campaign Negative Broad,P2,Стадия выбора/жалобы (в части кампаний уже есть)
CHI-SOUTH | Sub-Zero | tCPA 2026,review,Campaign Negative Broad,P2,Стадия выбора/жалобы (в части кампаний уже есть)
FL-NAPLES-FORT-MYERS | Sub-Zero | tCPA 2026,review,Campaign Negative Broad,P2,Стадия выбора/жалобы (в части кампаний уже есть)
FL-PINELLAS | Sub-Zero | tCPA 2026,review,Campaign Negative Broad,P2,Стадия выбора/жалобы (в части кампаний уже есть)
FL-TAMPA | Sub-Zero | tCPA 2026,review,Campaign Negative Broad,P2,Стадия выбора/жалобы (в части кампаний уже есть)
CHICAGO | Lux Search | MaxConv 2026,review,Campaign Negative Broad,P2,Стадия выбора/жалобы (в части кампаний уже есть)
FL-JACKSONVILLE | Sub-Zero | tCPA 2026,review,Campaign Negative Broad,P2,Стадия выбора/жалобы (в части кампаний уже есть)
FL-NORTH-CENTRAL | Sub-Zero | tCPA 2026,review,Campaign Negative Broad,P2,Стадия выбора/жалобы (в части кампаний уже есть)
FL-BROWARD | Sub-Zero | tCPA 2026,yelp,Campaign Negative Broad,P2,Стадия выбора/жалобы (в части кампаний уже есть)
TAMPA | Lux Search | tCPA 2026,yelp,Campaign Negative Broad,P2,Стадия выбора/жалобы (в части кампаний уже есть)
CHI-CITY | Sub-Zero | tCPA 2026,yelp,Campaign Negative Broad,P2,Стадия выбора/жалобы (в части кампаний уже есть)
FL-PANHANDLE | Sub-Zero | tCPA 2026,yelp,Campaign Negative Broad,P2,Стадия выбора/жалобы (в части кампаний уже есть)
DESTIN | Lux Search | tCPA 2026,yelp,Campaign Negative Broad,P2,Стадия выбора/жалобы (в части кампаний уже есть)
FL-PALM-BEACH | Sub-Zero | tCPA 2026,yelp,Campaign Negative Broad,P2,Стадия выбора/жалобы (в части кампаний уже есть)
FL-ORLANDO | Sub-Zero | tCPA 2026,yelp,Campaign Negative Broad,P2,Стадия выбора/жалобы (в части кампаний уже есть)
CHI-WEST | Sub-Zero | tCPA 2026,yelp,Campaign Negative Broad,P2,Стадия выбора/жалобы (в части кампаний уже есть)
MIAMI | Lux Search | tCPA 2026,yelp,Campaign Negative Broad,P2,Стадия выбора/жалобы (в части кампаний уже есть)
FL-MIAMI-DADE | Sub-Zero | tCPA 2026,yelp,Campaign Negative Broad,P2,Стадия выбора/жалобы (в части кампаний уже есть)
CHI-NORTHWEST | Sub-Zero | tCPA 2026,yelp,Campaign Negative Broad,P2,Стадия выбора/жалобы (в части кампаний уже есть)
CHI-NORTH-SHORE | Sub-Zero | tCPA 2026,yelp,Campaign Negative Broad,P2,Стадия выбора/жалобы (в части кампаний уже есть)
CHI-WI-MI | Sub-Zero | tCPA 2026,yelp,Campaign Negative Broad,P2,Стадия выбора/жалобы (в части кампаний уже есть)
FL-SARASOTA | Sub-Zero | tCPA 2026,yelp,Campaign Negative Broad,P2,Стадия выбора/жалобы (в части кампаний уже есть)
CHI-INDIANA | Sub-Zero | tCPA 2026,yelp,Campaign Negative Broad,P2,Стадия выбора/жалобы (в части кампаний уже есть)
CHI-SOUTH | Sub-Zero | tCPA 2026,yelp,Campaign Negative Broad,P2,Стадия выбора/жалобы (в части кампаний уже есть)
FL-NAPLES-FORT-MYERS | Sub-Zero | tCPA 2026,yelp,Campaign Negative Broad,P2,Стадия выбора/жалобы (в части кампаний уже есть)
FL-PINELLAS | Sub-Zero | tCPA 2026,yelp,Campaign Negative Broad,P2,Стадия выбора/жалобы (в части кампаний уже есть)
FL-TAMPA | Sub-Zero | tCPA 2026,yelp,Campaign Negative Broad,P2,Стадия выбора/жалобы (в части кампаний уже есть)
CHICAGO | Lux Search | MaxConv 2026,yelp,Campaign Negative Broad,P2,Стадия выбора/жалобы (в части кампаний уже есть)
FL-JACKSONVILLE | Sub-Zero | tCPA 2026,yelp,Campaign Negative Broad,P2,Стадия выбора/жалобы (в части кампаний уже есть)
FL-NORTH-CENTRAL | Sub-Zero | tCPA 2026,yelp,Campaign Negative Broad,P2,Стадия выбора/жалобы (в части кампаний уже есть)
FL-BROWARD | Sub-Zero | tCPA 2026,bbb,Campaign Negative Broad,P2,Стадия выбора/жалобы (в части кампаний уже есть)
TAMPA | Lux Search | tCPA 2026,bbb,Campaign Negative Broad,P2,Стадия выбора/жалобы (в части кампаний уже есть)
CHI-CITY | Sub-Zero | tCPA 2026,bbb,Campaign Negative Broad,P2,Стадия выбора/жалобы (в части кампаний уже есть)
FL-PANHANDLE | Sub-Zero | tCPA 2026,bbb,Campaign Negative Broad,P2,Стадия выбора/жалобы (в части кампаний уже есть)
DESTIN | Lux Search | tCPA 2026,bbb,Campaign Negative Broad,P2,Стадия выбора/жалобы (в части кампаний уже есть)
FL-PALM-BEACH | Sub-Zero | tCPA 2026,bbb,Campaign Negative Broad,P2,Стадия выбора/жалобы (в части кампаний уже есть)
FL-ORLANDO | Sub-Zero | tCPA 2026,bbb,Campaign Negative Broad,P2,Стадия выбора/жалобы (в части кампаний уже есть)
CHI-WEST | Sub-Zero | tCPA 2026,bbb,Campaign Negative Broad,P2,Стадия выбора/жалобы (в части кампаний уже есть)
MIAMI | Lux Search | tCPA 2026,bbb,Campaign Negative Broad,P2,Стадия выбора/жалобы (в части кампаний уже есть)
FL-MIAMI-DADE | Sub-Zero | tCPA 2026,bbb,Campaign Negative Broad,P2,Стадия выбора/жалобы (в части кампаний уже есть)
CHI-NORTHWEST | Sub-Zero | tCPA 2026,bbb,Campaign Negative Broad,P2,Стадия выбора/жалобы (в части кампаний уже есть)
CHI-NORTH-SHORE | Sub-Zero | tCPA 2026,bbb,Campaign Negative Broad,P2,Стадия выбора/жалобы (в части кампаний уже есть)
CHI-WI-MI | Sub-Zero | tCPA 2026,bbb,Campaign Negative Broad,P2,Стадия выбора/жалобы (в части кампаний уже есть)
FL-SARASOTA | Sub-Zero | tCPA 2026,bbb,Campaign Negative Broad,P2,Стадия выбора/жалобы (в части кампаний уже есть)
CHI-INDIANA | Sub-Zero | tCPA 2026,bbb,Campaign Negative Broad,P2,Стадия выбора/жалобы (в части кампаний уже есть)
CHI-SOUTH | Sub-Zero | tCPA 2026,bbb,Campaign Negative Broad,P2,Стадия выбора/жалобы (в части кампаний уже есть)
FL-NAPLES-FORT-MYERS | Sub-Zero | tCPA 2026,bbb,Campaign Negative Broad,P2,Стадия выбора/жалобы (в части кампаний уже есть)
FL-PINELLAS | Sub-Zero | tCPA 2026,bbb,Campaign Negative Broad,P2,Стадия выбора/жалобы (в части кампаний уже есть)
FL-TAMPA | Sub-Zero | tCPA 2026,bbb,Campaign Negative Broad,P2,Стадия выбора/жалобы (в части кампаний уже есть)
CHICAGO | Lux Search | MaxConv 2026,bbb,Campaign Negative Broad,P2,Стадия выбора/жалобы (в части кампаний уже есть)
FL-JACKSONVILLE | Sub-Zero | tCPA 2026,bbb,Campaign Negative Broad,P2,Стадия выбора/жалобы (в части кампаний уже есть)
FL-NORTH-CENTRAL | Sub-Zero | tCPA 2026,bbb,Campaign Negative Broad,P2,Стадия выбора/жалобы (в части кампаний уже есть)
FL-BROWARD | Sub-Zero | tCPA 2026,complaints,Campaign Negative Broad,P2,Стадия выбора/жалобы (в части кампаний уже есть)
TAMPA | Lux Search | tCPA 2026,complaints,Campaign Negative Broad,P2,Стадия выбора/жалобы (в части кампаний уже есть)
CHI-CITY | Sub-Zero | tCPA 2026,complaints,Campaign Negative Broad,P2,Стадия выбора/жалобы (в части кампаний уже есть)
FL-PANHANDLE | Sub-Zero | tCPA 2026,complaints,Campaign Negative Broad,P2,Стадия выбора/жалобы (в части кампаний уже есть)
DESTIN | Lux Search | tCPA 2026,complaints,Campaign Negative Broad,P2,Стадия выбора/жалобы (в части кампаний уже есть)
FL-PALM-BEACH | Sub-Zero | tCPA 2026,complaints,Campaign Negative Broad,P2,Стадия выбора/жалобы (в части кампаний уже есть)
FL-ORLANDO | Sub-Zero | tCPA 2026,complaints,Campaign Negative Broad,P2,Стадия выбора/жалобы (в части кампаний уже есть)
CHI-WEST | Sub-Zero | tCPA 2026,complaints,Campaign Negative Broad,P2,Стадия выбора/жалобы (в части кампаний уже есть)
MIAMI | Lux Search | tCPA 2026,complaints,Campaign Negative Broad,P2,Стадия выбора/жалобы (в части кампаний уже есть)
FL-MIAMI-DADE | Sub-Zero | tCPA 2026,complaints,Campaign Negative Broad,P2,Стадия выбора/жалобы (в части кампаний уже есть)
CHI-NORTHWEST | Sub-Zero | tCPA 2026,complaints,Campaign Negative Broad,P2,Стадия выбора/жалобы (в части кампаний уже есть)
CHI-NORTH-SHORE | Sub-Zero | tCPA 2026,complaints,Campaign Negative Broad,P2,Стадия выбора/жалобы (в части кампаний уже есть)
CHI-WI-MI | Sub-Zero | tCPA 2026,complaints,Campaign Negative Broad,P2,Стадия выбора/жалобы (в части кампаний уже есть)
FL-SARASOTA | Sub-Zero | tCPA 2026,complaints,Campaign Negative Broad,P2,Стадия выбора/жалобы (в части кампаний уже есть)
CHI-INDIANA | Sub-Zero | tCPA 2026,complaints,Campaign Negative Broad,P2,Стадия выбора/жалобы (в части кампаний уже есть)
CHI-SOUTH | Sub-Zero | tCPA 2026,complaints,Campaign Negative Broad,P2,Стадия выбора/жалобы (в части кампаний уже есть)
FL-NAPLES-FORT-MYERS | Sub-Zero | tCPA 2026,complaints,Campaign Negative Broad,P2,Стадия выбора/жалобы (в части кампаний уже есть)
FL-PINELLAS | Sub-Zero | tCPA 2026,complaints,Campaign Negative Broad,P2,Стадия выбора/жалобы (в части кампаний уже есть)
FL-TAMPA | Sub-Zero | tCPA 2026,complaints,Campaign Negative Broad,P2,Стадия выбора/жалобы (в части кампаний уже есть)
CHICAGO | Lux Search | MaxConv 2026,complaints,Campaign Negative Broad,P2,Стадия выбора/жалобы (в части кампаний уже есть)
FL-JACKSONVILLE | Sub-Zero | tCPA 2026,complaints,Campaign Negative Broad,P2,Стадия выбора/жалобы (в части кампаний уже есть)
FL-NORTH-CENTRAL | Sub-Zero | tCPA 2026,complaints,Campaign Negative Broad,P2,Стадия выбора/жалобы (в части кампаний уже есть)
