Период,Поисковый запрос,Campaign,Ad Group,Ключевое слово,Тип соответствия,Добавлено/исключено,Показы,Клики,Расход $,CPC $,Конверсии,Вердикт,Почему
21–27.09,wolf stove repair near me,CHICAGO | Lux Search | MaxConv 2026,06 Wolf | Oven & General,"""wolf repair near me""",Точное соответствие (близкий вариант),Не используется,1,2,267.48,133.74,1.0,конверсия: добавить точным,Запрос принёс конверсию в этой кампании — закрепить точным соответствием в этой группе
28.09,subzero repair near me,FL-BROWARD | Sub-Zero | tCPA 2026,07 SZ | Repair Near Me,[subzero repair near me],Точное соответствие,Добавлено,2,1,219.69,219.69,1.0,конверсия: уже точный ключ,Запрос с конверсией уже есть точным ключом в этой кампании — оставить
21–27.09,miele dishwasher repair,MIAMI | Lux Search | tCPA 2026,09 Miele | Dishwasher,[miele dishwasher repair],Точное соответствие,Добавлено,2,1,120.6,120.6,1.0,конверсия: добавить точным,Запрос принёс конверсию в этой кампании — закрепить точным соответствием в этой группе
21–27.09,high end appliance repair,TAMPA | Lux Search | tCPA 2026,14 Luxury & Built-In (No Brand),[high end appliance repair],Точное соответствие,Добавлено,12,3,108.32,36.11,1.0,конверсия: уже точный ключ,Запрос с конверсией уже есть точным ключом в этой кампании — оставить
28.09,sub zero ice maker not making ice,FL-SARASOTA | Sub-Zero | tCPA 2026,04 SZ | Ice Maker Repair,[sub zero ice maker not making ice],Точное соответствие,Добавлено,2,1,101.21,101.21,0.0,ок,Целевой запрос по вашему ключу — оставить
21–27.09,wolf repair,TAMPA | Lux Search | tCPA 2026,06 Wolf | Oven & General,[wolf repair],Точное соответствие,Добавлено,2,2,80.58,40.29,0.0,ок,Целевой запрос по вашему ключу — оставить
21–27.09,thermador appliance repair,CHICAGO | Lux Search | MaxConv 2026,"12 Thermador | Fridge, Dishwasher & General",[thermador appliance repair],Точное соответствие,Добавлено,12,2,76.98,38.49,0.0,ок,Целевой запрос по вашему ключу — оставить
28.09,thermador microwave repair,MIAMI | Lux Search | tCPA 2026,"12 Thermador | Fridge, Dishwasher & General","""thermador service""",Фразовое соответствие (близкий вариант),Не используется,4,2,75.46,37.73,0.0,ок,Целевой запрос по вашему ключу — оставить
21–27.09,viking refrigerator repair,CHICAGO | Lux Search | MaxConv 2026,"08 Viking | Fridge, Ice, Wine & General",[viking refrigerator repair],Точное соответствие,Добавлено,4,3,74.85,24.95,0.0,ок,Целевой запрос по вашему ключу — оставить
21–27.09,sub zero appliance repair near me,CHICAGO | Lux Search | MaxConv 2026,03 Sub-Zero | Repair General,"""sub zero repair service""",Точное соответствие (близкий вариант),Не используется,1,2,67.18,33.59,0.0,ок,Целевой запрос по вашему ключу — оставить
21–27.09,subzero refrigerator repair near me,CHI-NORTHWEST | Sub-Zero | tCPA 2026,01 SZ | Refrigerator Repair,"""sub zero refrigerator service""",Точное соответствие (близкий вариант),Не используется,2,1,66.42,66.42,1.0,конверсия: добавить точным,Запрос принёс конверсию в этой кампании — закрепить точным соответствием в этой группе
21–27.09,viking repair service near me,MIAMI | Lux Search | tCPA 2026,"08 Viking | Fridge, Ice, Wine & General","""viking repair near me""",Точное соответствие (близкий вариант),Не используется,2,1,59.74,59.74,0.0,ок,Целевой запрос по вашему ключу — оставить
28.09,viking appliance repair,MIAMI | Lux Search | tCPA 2026,"08 Viking | Fridge, Ice, Wine & General",[viking appliance repair],Точное соответствие,Добавлено,1,1,58.73,58.73,0.0,ок,Целевой запрос по вашему ключу — оставить
21–27.09,miele appliance repair,MIAMI | Lux Search | tCPA 2026,"10 Miele | Kitchen, Laundry & General",[miele appliance repair],Точное соответствие,Добавлено,8,1,58.65,58.65,1.0,конверсия: уже точный ключ,Запрос с конверсией уже есть точным ключом в этой кампании — оставить
21–27.09,jenn air refrigerator repair,TAMPA | Lux Search | tCPA 2026,16 Other Luxury Brands (PAUSED),"""jenn air appliance repair""",Фразовое соответствие (близкий вариант),Не используется,3,1,57.35,57.35,0.0,ок,Целевой запрос по вашему ключу — оставить
21–27.09,fisher and paykel service near me,CHICAGO | Lux Search | MaxConv 2026,15 Other Luxury Brands (PAUSED),"""fisher paykel repair""",Точное соответствие (близкий вариант),Не используется,1,1,56.09,56.09,0.0,конверсия: добавить точным,"Запрос принёс конверсию в другой кампании (см. строки с конверсией) — закрепить точным и здесь, если кампания активна"
28.09,sub zero repairman near me,CHI-NORTH-SHORE | Sub-Zero | tCPA 2026,07 SZ | Repair Near Me,[sub zero repairman near me],Точное соответствие,Добавлено,2,1,55.9,55.9,0.0,ок,Целевой запрос по вашему ключу — оставить
21–27.09,sub zero repair near me,CHICAGO | Lux Search | MaxConv 2026,03 Sub-Zero | Repair General,[sub zero repair near me],Точное соответствие,Добавлено,2,2,54.51,27.26,2.0,конверсия: уже точный ключ,Запрос с конверсией уже есть точным ключом в этой кампании — оставить
28.09,high end appliances repair,TAMPA | Lux Search | tCPA 2026,14 Luxury & Built-In (No Brand),[high end appliance repair],Точное соответствие (близкий вариант),Не используется,2,1,51.52,51.52,0.0,ок,Целевой запрос по вашему ключу — оставить
21–27.09,miele service call,CHICAGO | Lux Search | MaxConv 2026,"10 Miele | Kitchen, Laundry & General","""miele appliance repair""",Фразовое соответствие (близкий вариант),Не используется,2,1,51.3,51.3,0.0,ок,Целевой запрос по вашему ключу — оставить
21–27.09,wolf microwave repair,CHICAGO | Lux Search | MaxConv 2026,06 Wolf | Oven & General,"""wolf authorized service""",Фразовое соответствие (близкий вариант),Не используется,4,1,49.84,49.84,0.0,ок,Целевой запрос по вашему ключу — оставить
21–27.09,thermador oven repairs,MIAMI | Lux Search | tCPA 2026,"12 Thermador | Fridge, Dishwasher & General",[thermador appliance repair],Точное соответствие (близкий вариант),Не используется,2,1,49.75,49.75,0.0,ок,Целевой запрос по вашему ключу — оставить
21–27.09,sub zero fridge repair,CHICAGO | Lux Search | MaxConv 2026,01 Sub-Zero | Fridge & Freezer,[sub zero fridge repair],Точное соответствие,Добавлено,3,1,49.26,49.26,0.0,ок,Целевой запрос по вашему ключу — оставить
28.09,miele service miami,MIAMI | Lux Search | tCPA 2026,"10 Miele | Kitchen, Laundry & General","""miele service miami""",Точное соответствие,Добавлено,2,1,48.86,48.86,0.0,ок,Целевой запрос по вашему ключу — оставить
21–27.09,sub zero fridge repair near me,TAMPA | Lux Search | tCPA 2026,01 Sub-Zero | Fridge & Freezer,"""sub zero fridge repair near me""",Точное соответствие,Добавлено,2,2,45.25,22.63,0.0,группа на паузе (справочно),Группа «01 Sub-Zero | Fridge & Freezer» сейчас на паузе (вы отключили её 28.09) — строка только для истории; вердикт по смыслу запроса был бы «ок»
21–27.09,sub zero refrigerator repair near me,CHICAGO | Lux Search | MaxConv 2026,01 Sub-Zero | Fridge & Freezer,[sub zero refrigerator repair near me],Точное соответствие,Добавлено,5,2,44.98,22.49,0.0,ок,Целевой запрос по вашему ключу — оставить
21–27.09,blue star appliance repair,CHICAGO | Lux Search | MaxConv 2026,15 Other Luxury Brands (PAUSED),"""bluestar range repair""",Фразовое соответствие (близкий вариант),Не используется,4,1,44.5,44.5,0.0,ок,Целевой запрос по вашему ключу — оставить
21–27.09,platinum appliance repair reviews,DESTIN | Lux Search | tCPA 2026,14 Luxury & Built-In (No Brand),"""high end appliance technician""",Фразовое соответствие (близкий вариант),Не используется,2,1,44.3,44.3,0.0,минус: конкурент,Название конкурента «platinum appliance» — добавить минус-словом во все кампании
21–27.09,miele refrigerator repair,MIAMI | Lux Search | tCPA 2026,"10 Miele | Kitchen, Laundry & General","""miele refrigerator repair""",Точное соответствие,Добавлено,2,1,43.23,43.23,0.0,ок,Целевой запрос по вашему ключу — оставить
28.09,fisher and paykel service near me,CHICAGO | Lux Search | MaxConv 2026,15 Other Luxury Brands (PAUSED),"""fisher paykel repair""",Точное соответствие (близкий вариант),Не используется,1,1,42.94,42.94,1.0,конверсия: добавить точным,Запрос принёс конверсию в этой кампании — закрепить точным соответствием в этой группе
21–27.09,miele technician near me,CHICAGO | Lux Search | MaxConv 2026,"10 Miele | Kitchen, Laundry & General",[miele repair],Точное соответствие (близкий вариант),Не используется,1,1,42.9,42.9,1.0,конверсия: добавить точным,Запрос принёс конверсию в этой кампании — закрепить точным соответствием в этой группе
21–27.09,wolf appliance repair,TAMPA | Lux Search | tCPA 2026,06 Wolf | Oven & General,[wolf appliance repair],Точное соответствие,Добавлено,2,1,42.82,42.82,0.0,ок,Целевой запрос по вашему ключу — оставить
21–27.09,marvel wine cooler service,CHICAGO | Lux Search | MaxConv 2026,15 Other Luxury Brands (PAUSED),"""marvel refrigerator repair""",Точное соответствие (близкий вариант),Не используется,2,1,41.78,41.78,1.0,конверсия: добавить точным,Запрос принёс конверсию в этой кампании — закрепить точным соответствием в этой группе
21–27.09,oven repair,MIAMI | Lux Search | tCPA 2026,14 Luxury & Built-In (No Brand),"""professional range repair""",Точное соответствие (близкий вариант),Исключено,2,1,39.24,39.24,0.0,минус: общий запрос без люкс-бренда,"Общий запрос про ремонт без люкс-бренда — дешёвые/массовые клиенты, низкая конверсия"
21–27.09,wolf range repair,CHICAGO | Lux Search | MaxConv 2026,"05 Wolf | Range, Cooktop & Grill",[wolf range repair],Точное соответствие,Добавлено,2,1,37.5,37.5,0.0,ок,Целевой запрос по вашему ключу — оставить
21–27.09,lacanche repair,CHICAGO | Lux Search | MaxConv 2026,15 Other Luxury Brands (PAUSED),"""lacanche repair""",Точное соответствие,Добавлено,2,1,35.81,35.81,0.0,ок,Целевой запрос по вашему ключу — оставить
21–27.09,kitchen aid oven repair,CHICAGO | Lux Search | MaxConv 2026,14 Luxury & Built-In (No Brand),"""professional range repair""",Фразовое соответствие (близкий вариант),Не используется,2,1,33.42,33.42,0.0,минус: массовый бренд,"Массовый бренд «kitchen aid» — не ваша аудитория, добавить минус-словом"
21–27.09,sub zero service near me,CHICAGO | Lux Search | MaxConv 2026,03 Sub-Zero | Repair General,"""sub zero service near me""",Точное соответствие,Добавлено,3,1,33.28,33.28,1.0,конверсия: добавить точным,Запрос принёс конверсию в этой кампании — закрепить точным соответствием в этой группе
21–27.09,sub zero service,CHI-WI-MI | Sub-Zero | tCPA 2026,09 SZ | Service & Maintenance,[sub zero service],Точное соответствие,Добавлено,1,1,33.11,33.11,0.0,ок,Целевой запрос по вашему ключу — оставить
21–27.09,viking refrigerator repair near me,DESTIN | Lux Search | tCPA 2026,"08 Viking | Fridge, Ice, Wine & General",[viking refrigerator repair],Точное соответствие (близкий вариант),Не используется,2,1,32.72,32.72,0.0,ок,Целевой запрос по вашему ключу — оставить
28.09,santa rosa beach appliance repair,DESTIN | Lux Search | tCPA 2026,17 Vacation Rentals & Property Managers,"""appliance repair santa rosa beach""",Точное соответствие (близкий вариант),Не используется,2,1,31.62,31.62,0.0,минус: общий запрос без люкс-бренда,"Общий запрос про ремонт без люкс-бренда — дешёвые/массовые клиенты, низкая конверсия"
21–27.09,fisher paykel dishwasher repair near me,CHICAGO | Lux Search | MaxConv 2026,15 Other Luxury Brands (PAUSED),"""fisher paykel repair""",Фразовое соответствие,Не используется,1,1,29.5,29.5,0.0,ок,Целевой запрос по вашему ключу — оставить
21–27.09,viking oven repair near me,TAMPA | Lux Search | tCPA 2026,"08 Viking | Fridge, Ice, Wine & General","""viking appliance technician""",Фразовое соответствие (близкий вариант),Не используется,3,1,28.79,28.79,1.0,конверсия: добавить точным,Запрос принёс конверсию в этой кампании — закрепить точным соответствием в этой группе
28.09,subzero miami,FL-MIAMI-DADE | Sub-Zero | tCPA 2026,15 SZ | Cities,[sub zero miami],Точное соответствие (близкий вариант),Не используется,2,1,28.73,28.73,0.0,ок,Целевой запрос по вашему ключу — оставить
21–27.09,sub zero authorized repair service near me,MIAMI | Sub-Zero Only | tCPA 2026,10 SZ | Certified & Authorized,"""sub zero authorized technician""",Точное соответствие (близкий вариант),Не используется,2,1,28.27,28.27,0.0,кампания на паузе (справочно),Кампания сейчас на паузе — строка только для истории; вердикт по смыслу запроса был бы «ок»
21–27.09,highend services,MIAMI | Lux Search | tCPA 2026,14 Luxury & Built-In (No Brand),[high end appliance repair],Точное соответствие (близкий вариант),Не используется,1,1,27.99,27.99,0.0,минус: конкурент,Название конкурента «highend service» — добавить минус-словом во все кампании
21–27.09,fisher & paykel authorized repair service,CHICAGO | Lux Search | MaxConv 2026,15 Other Luxury Brands (PAUSED),"""fisher and paykel repair""",Точное соответствие (близкий вариант),Не используется,1,1,27.82,27.82,0.0,ок,Целевой запрос по вашему ключу — оставить
28.09,authorized sub zero repair,FL-ORLANDO | Sub-Zero | tCPA 2026,10 SZ | Certified & Authorized,[sub zero authorized service],Точное соответствие (близкий вариант),Не используется,1,1,27.41,27.41,0.0,ок,Целевой запрос по вашему ключу — оставить
21–27.09,miele service near me,CHICAGO | Lux Search | MaxConv 2026,"10 Miele | Kitchen, Laundry & General",[miele appliance repair],Точное соответствие (близкий вариант),Не используется,15,2,27.06,13.53,0.0,ок,Целевой запрос по вашему ключу — оставить
21–27.09,fisher and paykel service repair,TAMPA | Lux Search | tCPA 2026,16 Other Luxury Brands (PAUSED),"""fisher and paykel repair""",Точное соответствие (близкий вариант),Не используется,2,1,26.76,26.76,0.0,ок,Целевой запрос по вашему ключу — оставить
28.09,sterling sub zero,CHICAGO | Lux Search | MaxConv 2026,03 Sub-Zero | Repair General,"""sub zero authorized repair""",Фразовое соответствие (близкий вариант),Не используется,1,1,25.88,25.88,2.0,бренд,"Ваш бренд. Вынести в отдельную brand-кампанию [sterling sub zero], [sterling home group]"
21–27.09,dacor oven repair,DESTIN | Lux Search | tCPA 2026,16 Other Luxury Brands,"""dacor oven repair""",Точное соответствие,Добавлено,2,1,24.16,24.16,0.0,ок,Целевой запрос по вашему ключу — оставить
21–27.09,thermador gas stove repair,TAMPA | Lux Search | tCPA 2026,"11 Thermador | Range, Cooktop & Oven","""thermador stove repair""",Точное соответствие (близкий вариант),Не используется,3,1,23.25,23.25,1.0,конверсия: добавить точным,Запрос принёс конверсию в этой кампании — закрепить точным соответствием в этой группе
28.09,dacor repair service near me,CHICAGO | Lux Search | MaxConv 2026,15 Other Luxury Brands (PAUSED),"""dacor repair""",Точное соответствие (близкий вариант),Не используется,2,3,21.88,7.29,0.0,ок,Целевой запрос по вашему ключу — оставить
21–27.09,subzero refrigerator repair,CHICAGO | Lux Search | MaxConv 2026,01 Sub-Zero | Fridge & Freezer,"""sub zero refrigerator service""",Точное соответствие (близкий вариант),Не используется,2,1,21.53,21.53,0.0,ок,Целевой запрос по вашему ключу — оставить
21–27.09,subzero freezer not cooling,CHICAGO | Lux Search | MaxConv 2026,01 Sub-Zero | Fridge & Freezer,"""sub zero not cooling""",Точное соответствие (близкий вариант),Не используется,1,1,21.28,21.28,0.0,ок,Целевой запрос по вашему ключу — оставить
21–27.09,viking range repair,DESTIN | Lux Search | tCPA 2026,"07 Viking | Range, Cooktop & Oven",[viking range repair],Точное соответствие,Добавлено,2,1,20.12,20.12,0.0,ок,Целевой запрос по вашему ключу — оставить
21–27.09,jura repair near me,TAMPA | Lux Search | tCPA 2026,14 Luxury & Built-In (No Brand),"""luxury appliance repair""",Фразовое соответствие (близкий вариант),Не используется,2,1,20.08,20.08,0.0,минус: массовый бренд,"Массовый бренд «jura» — не ваша аудитория, добавить минус-словом"
21–27.09,miele repairs,TAMPA | Lux Search | tCPA 2026,"10 Miele | Kitchen, Laundry & General","""miele technician""",Точное соответствие (близкий вариант),Не используется,2,1,18.98,18.98,0.0,ок,Целевой запрос по вашему ключу — оставить
28.09,blue star appliance repair near me,CHICAGO | Lux Search | MaxConv 2026,15 Other Luxury Brands (PAUSED),"""bluestar range repair""",Фразовое соответствие (близкий вариант),Не используется,2,1,18.82,18.82,0.0,ок,Целевой запрос по вашему ключу — оставить
21–27.09,miele washing machine service,CHICAGO | Lux Search | MaxConv 2026,"10 Miele | Kitchen, Laundry & General","""miele appliance repair""",Фразовое соответствие (близкий вариант),Не используется,4,1,18.03,18.03,0.0,ок,Целевой запрос по вашему ключу — оставить
28.09,certified subzero repair near me,FL-ORLANDO | Sub-Zero | tCPA 2026,07 SZ | Repair Near Me,[sub zero repair specialists],Точное соответствие (близкий вариант),Не используется,2,1,17.88,17.88,0.0,ок,Целевой запрос по вашему ключу — оставить
21–27.09,sub zero certified repair,CHI-WI-MI | Sub-Zero | tCPA 2026,08 SZ | Repair General,"""sub zero repair""",Точное соответствие (близкий вариант),Не используется,1,1,17.81,17.81,0.0,ок,Целевой запрос по вашему ключу — оставить
28.09,sub zero 650 refrigerator not cooling,FL-BROWARD | Sub-Zero | tCPA 2026,02 SZ | Not Cooling,"""sub zero fridge not cold""",Фразовое соответствие (близкий вариант),Не используется,1,1,16.99,16.99,0.0,ок,Целевой запрос по вашему ключу — оставить
21–27.09,subzero repair,CHI-INDIANA | Sub-Zero | tCPA 2026,08 SZ | Repair General,[subzero repair],Точное соответствие,Добавлено,1,1,16.23,16.23,0.0,ок,Целевой запрос по вашему ключу — оставить
21–27.09,appliance repair santa rosa beach fl,DESTIN | Lux Search | tCPA 2026,17 Vacation Rentals & Property Managers,"""appliance repair santa rosa beach""",Точное соответствие (близкий вариант),Не используется,11,1,16.11,16.11,0.0,минус: общий запрос без люкс-бренда,"Общий запрос про ремонт без люкс-бренда — дешёвые/массовые клиенты, низкая конверсия"
21–27.09,gaggenau repair,MIAMI | Lux Search | tCPA 2026,13 Gaggenau | Repair,[gaggenau repair],Точное соответствие,Добавлено,4,1,15.22,15.22,0.0,ок,Целевой запрос по вашему ключу — оставить
21–27.09,wolf stove igniter won t stop clicking,CHICAGO | Lux Search | MaxConv 2026,"05 Wolf | Range, Cooktop & Grill","""wolf igniter repair""",Фразовое соответствие (близкий вариант),Не используется,2,1,14.51,14.51,0.0,ок,Целевой запрос по вашему ключу — оставить
28.09,jennair com service,CHICAGO | Lux Search | MaxConv 2026,15 Other Luxury Brands (PAUSED),"""jennair repair""",Фразовое соответствие (близкий вариант),Не используется,2,1,13.77,13.77,0.0,минус: поддержка производителя,"Ищут горячую линию/гарантию производителя, а не мастера"
21–27.09,subzero service near me,DESTIN | Lux Search | tCPA 2026,03 Sub-Zero | Repair General,"""sub zero certified repair""",Точное соответствие (близкий вариант),Не используется,2,2,13.7,6.85,0.0,ок,Целевой запрос по вашему ключу — оставить
21–27.09,thermador burner not lighting,MIAMI | Lux Search | tCPA 2026,"11 Thermador | Range, Cooktop & Oven","""thermador cooktop not igniting""",Точное соответствие (близкий вариант),Не используется,2,1,11.64,11.64,0.0,ок,Целевой запрос по вашему ключу — оставить
21–27.09,sub zero fridge water line installation,CHICAGO | Lux Search | MaxConv 2026,04 Sub-Zero | Installation,"""sub zero refrigerator installation""",Фразовое соответствие (близкий вариант),Не используется,2,1,10.56,10.56,0.0,ок,Целевой запрос по вашему ключу — оставить
21–27.09,sub zero refrigerator repair miami beach,MIAMI | Lux Search | tCPA 2026,03 Sub-Zero | Repair General,"""subzero service miami""",Точное соответствие (близкий вариант),Не используется,3,1,10.55,10.55,0.0,группа на паузе (справочно),Группа «03 Sub-Zero | Repair General» сейчас на паузе (вы отключили её 28.09) — строка только для истории; вердикт по смыслу запроса был бы «ок»
21–27.09,sub zero refrigerator service near me,CHICAGO | Lux Search | MaxConv 2026,03 Sub-Zero | Repair General,[sub zero repair],Точное соответствие (близкий вариант),Не используется,1,1,10.37,10.37,0.0,ок,Целевой запрос по вашему ключу — оставить
21–27.09,smeg repair,MIAMI | Lux Search | tCPA 2026,16 Other Luxury Brands (PAUSED),"""smeg appliance repair""",Точное соответствие (близкий вариант),Не используется,2,1,9.69,9.69,0.0,минус: массовый бренд,"Массовый бренд «smeg» — не ваша аудитория, добавить минус-словом"
28.09,sub zero fridge repair,CHICAGO | Lux Search | MaxConv 2026,01 Sub-Zero | Fridge & Freezer,[sub zero fridge repair],Точное соответствие,Добавлено,2,1,9.59,9.59,0.0,ок,Целевой запрос по вашему ключу — оставить
28.09,authorized sub zero repair,FL-ORLANDO | Sub-Zero | tCPA 2026,10 SZ | Certified & Authorized,[sub zero authorized repair],Точное соответствие (близкий вариант),Не используется,5,1,9.48,9.48,0.0,ок,Целевой запрос по вашему ключу — оставить
28.09,aga repair near me,CHICAGO | Lux Search | MaxConv 2026,15 Other Luxury Brands (PAUSED),"""aga range repair""",Точное соответствие (близкий вариант),Не используется,4,1,7.46,7.46,0.0,ок,Целевой запрос по вашему ключу — оставить
21–27.09,wine cooler repair near me,TAMPA | Lux Search | tCPA 2026,14 Luxury & Built-In (No Brand),"""built in wine cooler repair""",Фразовое соответствие (близкий вариант),Не используется,2,1,7.03,7.03,0.0,минус: общий запрос без люкс-бренда,"Общий запрос про ремонт без люкс-бренда — дешёвые/массовые клиенты, низкая конверсия"
21–27.09,dacor repair,CHICAGO | Lux Search | MaxConv 2026,15 Other Luxury Brands (PAUSED),"""dacor repair""",Точное соответствие,Добавлено,6,1,6.51,6.51,1.0,конверсия: добавить точным,Запрос принёс конверсию в этой кампании — закрепить точным соответствием в этой группе
21–27.09,custom panels for sub zero refrigerator,MIAMI | Sub-Zero Only | tCPA 2026,12 SZ | Installation,"""sub zero replacement""",Фразовое соответствие (близкий вариант),Не используется,2,1,5.34,5.34,0.0,кампания на паузе (справочно),"Кампания сейчас на паузе — строка только для истории; вердикт по смыслу запроса был бы «минус/пауза: DIY, коды ошибок, запчасти»"
21–27.09,subzero refrigerator repair,CHI-WI-MI | Sub-Zero | tCPA 2026,01 SZ | Refrigerator Repair,[subzero refrigerator repair],Точное соответствие,Добавлено,2,1,5.33,5.33,0.0,ок,Целевой запрос по вашему ключу — оставить
21–27.09,sub zero refrigerator repair miami,MIAMI | Sub-Zero Only | tCPA 2026,01 SZ | Refrigerator Repair,[sub zero refrigerator repair miami],Точное соответствие,Добавлено,4,3,3.33,1.11,0.0,кампания на паузе (справочно),Кампания сейчас на паузе — строка только для истории; вердикт по смыслу запроса был бы «ок»
21–27.09,sub zero refrigerator repair miami,MIAMI | Lux Search | tCPA 2026,01 Sub-Zero | Fridge & Freezer,[sub zero refrigerator repair miami],Точное соответствие,Добавлено,3,1,1.79,1.79,0.0,группа на паузе (справочно),Группа «01 Sub-Zero | Fridge & Freezer» сейчас на паузе (вы отключили её 28.09) — строка только для истории; вердикт по смыслу запроса был бы «ок»
21–27.09,sub zero refrigerator repair miami beach,MIAMI | Sub-Zero Only | tCPA 2026,09 SZ | Service & Maintenance,[sub zero service miami],Точное соответствие (близкий вариант),Не используется,2,1,1.44,1.44,0.0,кампания на паузе (справочно),Кампания сейчас на паузе — строка только для истории; вердикт по смыслу запроса был бы «ок»
21–27.09,sub zero refrigerator repair miami,MAIN!!! Sub-Zero Repair Miami | SKAG conv 100,SZ-01 | refrigerator,[sub zero refrigerator repair miami],Точное соответствие,Добавлено,1,1,1.43,1.43,0.0,кампания на паузе (справочно),Кампания сейчас на паузе — строка только для истории; вердикт по смыслу запроса был бы «ок»
21–27.09,miele technicians,MIAMI | Lux Search | tCPA 2026,"10 Miele | Kitchen, Laundry & General",[miele appliance repair],Точное соответствие (близкий вариант),Не используется,2,0,0.0,0.0,0.0,ок,Целевой запрос по вашему ключу — оставить
21–27.09,miele service near me,MIAMI | Lux Search | tCPA 2026,"10 Miele | Kitchen, Laundry & General",[miele appliance repair],Точное соответствие (близкий вариант),Не используется,2,0,0.0,0.0,0.0,ок,Целевой запрос по вашему ключу — оставить
21–27.09,high end repairs,MIAMI | Lux Search | tCPA 2026,14 Luxury & Built-In (No Brand),[high end appliance repair],Точное соответствие (близкий вариант),Не используется,1,0,0.0,0.0,0.0,ок,Целевой запрос по вашему ключу — оставить
21–27.09,jenn air service number,TAMPA | Lux Search | tCPA 2026,16 Other Luxury Brands (PAUSED),"""jennair repair""",Фразовое соответствие (близкий вариант),Не используется,1,0,0.0,0.0,0.0,минус: поддержка производителя,"Ищут горячую линию/гарантию производителя, а не мастера"
21–27.09,thermador oven repair near me,TAMPA | Lux Search | tCPA 2026,"12 Thermador | Fridge, Dishwasher & General","""thermador appliance repair""",Точное соответствие (близкий вариант),Не используется,1,0,0.0,0.0,0.0,ок,Целевой запрос по вашему ключу — оставить
21–27.09,wolf stove top not lighting,CHICAGO | Lux Search | MaxConv 2026,"05 Wolf | Range, Cooktop & Grill","""wolf burner not lighting""",Точное соответствие (близкий вариант),Не используется,4,0,0.0,0.0,0.0,ок,Целевой запрос по вашему ключу — оставить
21–27.09,thermador appliance service,CHICAGO | Lux Search | MaxConv 2026,"12 Thermador | Fridge, Dishwasher & General",[thermador repair],Точное соответствие (близкий вариант),Не используется,1,0,0.0,0.0,0.0,ок,Целевой запрос по вашему ключу — оставить
21–27.09,sub zero freezer door hard to open,CHICAGO | Lux Search | MaxConv 2026,01 Sub-Zero | Fridge & Freezer,"""sub zero freezer not working""",Фразовое соответствие (близкий вариант),Не используется,1,0,0.0,0.0,0.0,ок,Целевой запрос по вашему ключу — оставить
21–27.09,sub zero refrigerator service near me,CHICAGO | Lux Search | MaxConv 2026,03 Sub-Zero | Repair General,[sub zero service],Точное соответствие (близкий вариант),Не используется,1,0,0.0,0.0,0.0,ок,Целевой запрос по вашему ключу — оставить
21–27.09,thermador service,CHICAGO | Lux Search | MaxConv 2026,"12 Thermador | Fridge, Dishwasher & General","""thermador service""",Точное соответствие,Добавлено,3,0,0.0,0.0,0.0,ок,Целевой запрос по вашему ключу — оставить
21–27.09,box appliance sub zero,CHI-WI-MI | Sub-Zero | tCPA 2026,07 SZ | Repair Near Me,"""sub zero repairman""",Фразовое соответствие (близкий вариант),Не используется,1,0,0.0,0.0,0.0,минус: конкурент,Название конкурента «box appliance» — добавить минус-словом во все кампании
21–27.09,refrigerator ice maker repair,MIAMI | Lux Search | tCPA 2026,14 Luxury & Built-In (No Brand),"""built in ice maker repair""",Фразовое соответствие (близкий вариант),Не используется,2,0,0.0,0.0,0.0,минус: общий запрос без люкс-бренда,"Общий запрос про ремонт без люкс-бренда — дешёвые/массовые клиенты, низкая конверсия"
21–27.09,miele service near me,TAMPA | Lux Search | tCPA 2026,"10 Miele | Kitchen, Laundry & General","""miele technician""",Точное соответствие (близкий вариант),Не используется,1,0,0.0,0.0,0.0,ок,Целевой запрос по вашему ключу — оставить
21–27.09,sub zero refrigerator freezer not freezing,CHICAGO | Lux Search | MaxConv 2026,01 Sub-Zero | Fridge & Freezer,"""sub zero freezer not freezing""",Точное соответствие (близкий вариант),Не используется,2,0,0.0,0.0,0.0,ок,Целевой запрос по вашему ключу — оставить
21–27.09,thermador gas range repair,CHICAGO | Lux Search | MaxConv 2026,"11 Thermador | Range, Cooktop & Oven","""thermador range repair""",Точное соответствие (близкий вариант),Не используется,1,0,0.0,0.0,0.0,ок,Целевой запрос по вашему ключу — оставить
21–27.09,subzero refrigerator repair near me,CHICAGO | Lux Search | MaxConv 2026,01 Sub-Zero | Fridge & Freezer,"""sub zero fridge repair near me""",Точное соответствие (близкий вариант),Не используется,1,0,0.0,0.0,0.0,конверсия: добавить точным,"Запрос принёс конверсию в другой кампании (см. строки с конверсией) — закрепить точным и здесь, если кампания активна"
21–27.09,wolf oven repair chicago,CHICAGO | Lux Search | MaxConv 2026,06 Wolf | Oven & General,"""wolf oven repair chicago""",Точное соответствие,Добавлено,2,0,0.0,0.0,0.0,ок,Целевой запрос по вашему ключу — оставить
21–27.09,monogram service,MIAMI | Lux Search | tCPA 2026,16 Other Luxury Brands (PAUSED),"""monogram appliance repair""",Фразовое соответствие (близкий вариант),Не используется,1,0,0.0,0.0,0.0,ок,Целевой запрос по вашему ключу — оставить
21–27.09,sub zero refrigerator light not working,MIAMI | Lux Search | tCPA 2026,01 Sub-Zero | Fridge & Freezer,"""sub zero service light""",Фразовое соответствие (близкий вариант),Не используется,2,0,0.0,0.0,0.0,группа на паузе (справочно),Группа «01 Sub-Zero | Fridge & Freezer» сейчас на паузе (вы отключили её 28.09) — строка только для истории; вердикт по смыслу запроса был бы «ок»
21–27.09,sub zero refrigerator not making ice,MIAMI | Lux Search | tCPA 2026,02 Sub-Zero | Ice Maker & Wine,"""sub zero ice maker not making ice""",Точное соответствие (близкий вариант),Не используется,3,0,0.0,0.0,0.0,группа на паузе (справочно),Группа «02 Sub-Zero | Ice Maker & Wine» сейчас на паузе (вы отключили её 28.09) — строка только для истории; вердикт по смыслу запроса был бы «ок»
21–27.09,thermador gas range repair,CHICAGO | Lux Search | MaxConv 2026,"12 Thermador | Fridge, Dishwasher & General","""thermador appliance repair""",Фразовое соответствие (близкий вариант),Не используется,1,0,0.0,0.0,0.0,ок,Целевой запрос по вашему ключу — оставить
21–27.09,wolf range repair service,CHICAGO | Lux Search | MaxConv 2026,"05 Wolf | Range, Cooktop & Grill",[wolf range repair],Точное соответствие (близкий вариант),Не используется,1,0,0.0,0.0,0.0,ок,Целевой запрос по вашему ключу — оставить
21–27.09,viking oven repair near me,CHICAGO | Lux Search | MaxConv 2026,"08 Viking | Fridge, Ice, Wine & General","""viking repair near me""",Точное соответствие (близкий вариант),Не используется,3,0,0.0,0.0,0.0,конверсия: добавить точным,"Запрос принёс конверсию в другой кампании (см. строки с конверсией) — закрепить точным и здесь, если кампания активна"
21–27.09,sub zero fridge light not turning on,CHICAGO | Lux Search | MaxConv 2026,01 Sub-Zero | Fridge & Freezer,"""sub zero service light""",Фразовое соответствие (близкий вариант),Не используется,1,0,0.0,0.0,0.0,ок,Целевой запрос по вашему ключу — оставить
21–27.09,asko dishwasher flashing red light,DESTIN | Lux Search | tCPA 2026,15 Asko | Repair,"""asko dishwasher error""",Фразовое соответствие (близкий вариант),Не используется,1,0,0.0,0.0,0.0,ок,Целевой запрос по вашему ключу — оставить
21–27.09,box appliance sub zero,CHI-WI-MI | Sub-Zero | tCPA 2026,08 SZ | Repair General,"""sub zero repair""",Фразовое соответствие (близкий вариант),Не используется,1,0,0.0,0.0,0.0,минус: конкурент,Название конкурента «box appliance» — добавить минус-словом во все кампании
21–27.09,scotsman ice machine tech support,MIAMI | Lux Search | tCPA 2026,16 Other Luxury Brands (PAUSED),"""scotsman ice maker repair""",Фразовое соответствие (близкий вариант),Не используется,2,0,0.0,0.0,0.0,минус: поддержка производителя,"Ищут горячую линию/гарантию производителя, а не мастера"
21–27.09,miele washing machine repair,MIAMI | Lux Search | tCPA 2026,"10 Miele | Kitchen, Laundry & General","""miele washing machine repair""",Точное соответствие,Добавлено,2,0,0.0,0.0,0.0,ок,Целевой запрос по вашему ключу — оставить
21–27.09,zline appliance repair near me,TAMPA | Lux Search | tCPA 2026,14 Luxury & Built-In (No Brand),"""high end appliance technician""",Фразовое соответствие (близкий вариант),Не используется,1,0,0.0,0.0,0.0,минус: массовый бренд,"Массовый бренд «zline» — не ваша аудитория, добавить минус-словом"
21–27.09,lynx grill not igniting,TAMPA | Lux Search | tCPA 2026,16 Other Luxury Brands (PAUSED),"""lynx grill repair""",Фразовое соответствие (близкий вариант),Не используется,1,0,0.0,0.0,0.0,ок,Целевой запрос по вашему ключу — оставить
21–27.09,viking oven repair,CHICAGO | Lux Search | MaxConv 2026,"07 Viking | Range, Cooktop & Oven",[viking oven repair],Точное соответствие,Добавлено,1,0,0.0,0.0,0.0,ок,Целевой запрос по вашему ключу — оставить
21–27.09,thermador igniter not working,CHICAGO | Lux Search | MaxConv 2026,"11 Thermador | Range, Cooktop & Oven","""thermador igniter repair""",Фразовое соответствие (близкий вариант),Не используется,1,0,0.0,0.0,0.0,ок,Целевой запрос по вашему ключу — оставить
21–27.09,miele dishwasher fault f24,CHICAGO | Lux Search | MaxConv 2026,09 Miele | Dishwasher,"""miele dishwasher fault""",Фразовое соответствие,Не используется,2,0,0.0,0.0,0.0,"минус/пауза: DIY, коды ошибок, запчасти","Запрос про код ошибки/деталь/самостоятельный ремонт — низкая конверсия, дорогие клики"
21–27.09,miele appliance repair near me,CHICAGO | Lux Search | MaxConv 2026,"10 Miele | Kitchen, Laundry & General",[miele appliance repair],Точное соответствие (близкий вариант),Не используется,3,0,0.0,0.0,0.0,ок,Целевой запрос по вашему ключу — оставить
21–27.09,miele appliance repair miami,MIAMI | Lux Search | tCPA 2026,"10 Miele | Kitchen, Laundry & General","""miele technician""",Фразовое соответствие (близкий вариант),Не используется,1,0,0.0,0.0,0.0,ок,Целевой запрос по вашему ключу — оставить
21–27.09,jenn air refrigerator maintenance,MIAMI | Lux Search | tCPA 2026,16 Other Luxury Brands (PAUSED),"""jennair repair""",Фразовое соответствие (близкий вариант),Не используется,1,0,0.0,0.0,0.0,ок,Целевой запрос по вашему ключу — оставить
21–27.09,miele repair near me,MIAMI | Lux Search | tCPA 2026,"10 Miele | Kitchen, Laundry & General","""miele repair near me""",Точное соответствие,Добавлено,2,0,0.0,0.0,0.0,ок,Целевой запрос по вашему ключу — оставить
21–27.09,thermador oven repair near me,MIAMI | Lux Search | tCPA 2026,"11 Thermador | Range, Cooktop & Oven",[thermador oven repair],Точное соответствие (близкий вариант),Не используется,1,0,0.0,0.0,0.0,ок,Целевой запрос по вашему ключу — оставить
21–27.09,certified wolf appliance repair near me,CHI-WEST | Sub-Zero | tCPA 2026,08 SZ | Repair General,"""sub zero repair""",Фразовое соответствие (близкий вариант),Не используется,1,0,0.0,0.0,0.0,ок,Целевой запрос по вашему ключу — оставить
21–27.09,boxappliance com,TAMPA | Sub-Zero Only | tCPA 2026,10 SZ | Certified & Authorized,"""sub zero authorized service""",Фразовое соответствие (близкий вариант),Не используется,2,0,0.0,0.0,0.0,кампания на паузе (справочно),Кампания сейчас на паузе — строка только для истории; вердикт по смыслу запроса был бы «минус: конкурент»
21–27.09,thermador dishwasher error code e 15,CHICAGO | Lux Search | MaxConv 2026,"12 Thermador | Fridge, Dishwasher & General","""thermador dishwasher error""",Фразовое соответствие,Не используется,1,0,0.0,0.0,0.0,"минус/пауза: DIY, коды ошибок, запчасти","Запрос про код ошибки/деталь/самостоятельный ремонт — низкая конверсия, дорогие клики"
21–27.09,miele dishwasher fault f78,CHICAGO | Lux Search | MaxConv 2026,09 Miele | Dishwasher,"""miele dishwasher error""",Фразовое соответствие (близкий вариант),Не используется,1,0,0.0,0.0,0.0,"минус/пауза: DIY, коды ошибок, запчасти","Запрос про код ошибки/деталь/самостоятельный ремонт — низкая конверсия, дорогие клики"
21–27.09,bertazzoni repair near me,CHICAGO | Lux Search | MaxConv 2026,15 Other Luxury Brands (PAUSED),"""bertazzoni repair""",Точное соответствие (близкий вариант),Не используется,4,0,0.0,0.0,0.0,ок,Целевой запрос по вашему ключу — оставить
21–27.09,subzero service near me,MAIN!!! Sub-Zero Repair Miami | SKAG conv 100,SZ-02 | repair miami,[sub zero repair near me],Точное соответствие (близкий вариант),Не используется,1,0,0.0,0.0,0.0,кампания на паузе (справочно),Кампания сейчас на паузе — строка только для истории; вердикт по смыслу запроса был бы «ок»
21–27.09,smeg service center,MIAMI | Lux Search | tCPA 2026,16 Other Luxury Brands (PAUSED),"""smeg appliance repair""",Точное соответствие (близкий вариант),Не используется,2,0,0.0,0.0,0.0,минус: массовый бренд,"Массовый бренд «smeg» — не ваша аудитория, добавить минус-словом"
21–27.09,sub zero dripping water,CHI-WEST | Sub-Zero | tCPA 2026,06 SZ | Leaking Water,[sub zero refrigerator leaking],Точное соответствие (близкий вариант),Не используется,1,0,0.0,0.0,0.0,ок,Целевой запрос по вашему ключу — оставить
21–27.09,subzero service,CHI-CITY | Sub-Zero | tCPA 2026,08 SZ | Repair General,[subzero repair],Точное соответствие (близкий вариант),Не используется,1,0,0.0,0.0,0.0,ок,Целевой запрос по вашему ключу — оставить
21–27.09,subzero service,CHI-NORTH-SHORE | Sub-Zero | tCPA 2026,10 SZ | Certified & Authorized,"""sub zero authorized service""",Точное соответствие (близкий вариант),Не используется,1,0,0.0,0.0,0.0,ок,Целевой запрос по вашему ключу — оставить
21–27.09,viking stove repair,TAMPA | Lux Search | tCPA 2026,"07 Viking | Range, Cooktop & Oven",[viking stove repair],Точное соответствие,Добавлено,1,0,0.0,0.0,0.0,ок,Целевой запрос по вашему ключу — оставить
21–27.09,thermador oven not working,TAMPA | Lux Search | tCPA 2026,"11 Thermador | Range, Cooktop & Oven","""thermador oven not heating""",Фразовое соответствие (близкий вариант),Не используется,1,0,0.0,0.0,0.0,ок,Целевой запрос по вашему ключу — оставить
21–27.09,subzero ice maker not making ice,CHICAGO | Lux Search | MaxConv 2026,02 Sub-Zero | Ice Maker & Wine,"""sub zero ice maker not making ice""",Точное соответствие (близкий вариант),Не используется,2,0,0.0,0.0,0.0,ок,Целевой запрос по вашему ключу — оставить
21–27.09,fisher paykel repair near me,CHICAGO | Lux Search | MaxConv 2026,15 Other Luxury Brands (PAUSED),"""fisher and paykel repair""",Точное соответствие (близкий вариант),Не используется,1,0,0.0,0.0,0.0,ок,Целевой запрос по вашему ключу — оставить
21–27.09,thermador oven igniter replacement,CHICAGO | Lux Search | MaxConv 2026,"11 Thermador | Range, Cooktop & Oven","""thermador igniter repair""",Фразовое соответствие (близкий вариант),Не используется,2,0,0.0,0.0,0.0,ок,Целевой запрос по вашему ключу — оставить
21–27.09,viking repair,CHICAGO | Lux Search | MaxConv 2026,"08 Viking | Fridge, Ice, Wine & General","""viking appliance technician""",Точное соответствие (близкий вариант),Не используется,1,0,0.0,0.0,0.0,ок,Целевой запрос по вашему ключу — оставить
21–27.09,seasonal comfort houston tx,TAMPA | Sub-Zero Only | tCPA 2026,08 SZ | Repair General,"""sub zero repair""",Фразовое соответствие (близкий вариант),Не используется,1,0,0.0,0.0,0.0,кампания на паузе (справочно),Кампания сейчас на паузе — строка только для истории; вердикт по смыслу запроса был бы «минус: конкурент»
21–27.09,monogram appliance service,MIAMI | Lux Search | tCPA 2026,16 Other Luxury Brands (PAUSED),"""monogram appliance repair""",Точное соответствие (близкий вариант),Не используется,2,0,0.0,0.0,0.0,ок,Целевой запрос по вашему ключу — оставить
21–27.09,sub zero refrigerator technician,MIAMI | Sub-Zero Only | tCPA 2026,01 SZ | Refrigerator Repair,"""sub zero refrigerator technician""",Точное соответствие,Добавлено,2,0,0.0,0.0,0.0,кампания на паузе (справочно),Кампания сейчас на паузе — строка только для истории; вердикт по смыслу запроса был бы «ок»
21–27.09,thermador refrigerator maintenance,TAMPA | Lux Search | tCPA 2026,"12 Thermador | Fridge, Dishwasher & General","""thermador fridge repair""",Точное соответствие (близкий вариант),Не используется,2,0,0.0,0.0,0.0,ок,Целевой запрос по вашему ключу — оставить
21–27.09,wolf stove repair near me,CHICAGO | Lux Search | MaxConv 2026,"05 Wolf | Range, Cooktop & Grill",[wolf stove repair],Точное соответствие (близкий вариант),Не используется,1,0,0.0,0.0,0.0,конверсия: добавить точным,"Запрос принёс конверсию в другой кампании (см. строки с конверсией) — закрепить точным и здесь, если кампания активна"
21–27.09,sub zero refrigerator repair chicago,CHICAGO | Lux Search | MaxConv 2026,01 Sub-Zero | Fridge & Freezer,[sub zero refrigerator repair chicago],Точное соответствие,Добавлено,1,0,0.0,0.0,0.0,ок,Целевой запрос по вашему ключу — оставить
21–27.09,wolf stove burner keeps clicking,CHICAGO | Lux Search | MaxConv 2026,"05 Wolf | Range, Cooktop & Grill","""wolf burner not lighting""",Фразовое соответствие (близкий вариант),Не используется,2,0,0.0,0.0,0.0,ок,Целевой запрос по вашему ключу — оставить
21–27.09,seasonal comfort houston,TAMPA | Sub-Zero Only | tCPA 2026,08 SZ | Repair General,"""sub zero appliance repair""",Фразовое соответствие (близкий вариант),Не используется,2,0,0.0,0.0,0.0,кампания на паузе (справочно),Кампания сейчас на паузе — строка только для истории; вердикт по смыслу запроса был бы «минус: конкурент»
21–27.09,seasonal comfort,TAMPA | Sub-Zero Only | tCPA 2026,08 SZ | Repair General,"""sub zero appliance repair""",Фразовое соответствие (близкий вариант),Не используется,7,0,0.0,0.0,0.0,кампания на паузе (справочно),Кампания сейчас на паузе — строка только для истории; вердикт по смыслу запроса был бы «минус: конкурент»
21–27.09,fulgor milano repair,MIAMI | Lux Search | tCPA 2026,14 Luxury & Built-In (No Brand),"""high end appliance technician""",Фразовое соответствие (близкий вариант),Не используется,1,0,0.0,0.0,0.0,минус: массовый бренд,"Массовый бренд «fulgor» — не ваша аудитория, добавить минус-словом"
21–27.09,summit wine cooler repair,TAMPA | Lux Search | tCPA 2026,14 Luxury & Built-In (No Brand),"""wine column repair""",Фразовое соответствие (близкий вариант),Не используется,3,0,0.0,0.0,0.0,минус: массовый бренд,"Массовый бренд «summit» — не ваша аудитория, добавить минус-словом"
21–27.09,jenn air grill repair near me,TAMPA | Lux Search | tCPA 2026,16 Other Luxury Brands (PAUSED),"""jenn air appliance repair""",Фразовое соответствие (близкий вариант),Не используется,3,0,0.0,0.0,0.0,ок,Целевой запрос по вашему ключу — оставить
21–27.09,subzero repair,MIAMI | Sub-Zero Only | tCPA 2026,08 SZ | Repair General,[subzero repair],Точное соответствие,Добавлено,1,0,0.0,0.0,0.0,кампания на паузе (справочно),Кампания сейчас на паузе — строка только для истории; вердикт по смыслу запроса был бы «ок»
21–27.09,lg craft ice repair,DESTIN | Lux Search | tCPA 2026,14 Luxury & Built-In (No Brand),"""built in ice maker repair""",Фразовое соответствие (близкий вариант),Не используется,2,0,0.0,0.0,0.0,минус: массовый бренд,"Массовый бренд «lg» — не ваша аудитория, добавить минус-словом"
21–27.09,sub zero help,CHICAGO | Lux Search | MaxConv 2026,03 Sub-Zero | Repair General,[sub zero service],Точное соответствие (близкий вариант),Не используется,1,0,0.0,0.0,0.0,минус: поддержка производителя,"Ищут горячую линию/гарантию производителя, а не мастера"
21–27.09,miele dishwasher repair,CHICAGO | Lux Search | MaxConv 2026,09 Miele | Dishwasher,[miele dishwasher repair],Точное соответствие,Добавлено,1,0,0.0,0.0,0.0,конверсия: добавить точным,"Запрос принёс конверсию в другой кампании (см. строки с конверсией) — закрепить точным и здесь, если кампания активна"
21–27.09,fisher & paykel service,CHICAGO | Lux Search | MaxConv 2026,15 Other Luxury Brands (PAUSED),"""fisher and paykel repair""",Точное соответствие (близкий вариант),Не используется,1,0,0.0,0.0,0.0,ок,Целевой запрос по вашему ключу — оставить
21–27.09,jenn air appliance repair,CHICAGO | Lux Search | MaxConv 2026,15 Other Luxury Brands (PAUSED),"""jenn air appliance repair""",Точное соответствие,Добавлено,2,0,0.0,0.0,0.0,ок,Целевой запрос по вашему ключу — оставить
21–27.09,seasonal comfort houston,TAMPA | Sub-Zero Only | tCPA 2026,08 SZ | Repair General,"""sub zero repair service""",Фразовое соответствие (близкий вариант),Не используется,3,0,0.0,0.0,0.0,кампания на паузе (справочно),Кампания сейчас на паузе — строка только для истории; вердикт по смыслу запроса был бы «минус: конкурент»
21–27.09,seasonal comfort appliance repair,TAMPA | Sub-Zero Only | tCPA 2026,08 SZ | Repair General,"""sub zero repair""",Фразовое соответствие (близкий вариант),Не используется,2,0,0.0,0.0,0.0,кампания на паузе (справочно),Кампания сейчас на паузе — строка только для истории; вердикт по смыслу запроса был бы «минус: конкурент»
21–27.09,sub zero certified repair,CHI-WI-MI | Sub-Zero | tCPA 2026,01 SZ | Refrigerator Repair,[sub zero refrigerator repair service],Точное соответствие (близкий вариант),Не используется,1,0,0.0,0.0,0.0,ок,Целевой запрос по вашему ключу — оставить
21–27.09,thermador refrigerator not cooling,MIAMI | Lux Search | tCPA 2026,"12 Thermador | Fridge, Dishwasher & General","""thermador refrigerator not cooling""",Точное соответствие,Добавлено,2,0,0.0,0.0,0.0,ок,Целевой запрос по вашему ключу — оставить
21–27.09,sub zero repair,TAMPA | Lux Search | tCPA 2026,03 Sub-Zero | Repair General,[sub zero repair],Точное соответствие,Добавлено,3,0,0.0,0.0,0.0,группа на паузе (справочно),Группа «03 Sub-Zero | Repair General» сейчас на паузе (вы отключили её 28.09) — строка только для истории; вердикт по смыслу запроса был бы «ок»
21–27.09,smeg coffee machine repair near me,CHICAGO | Lux Search | MaxConv 2026,15 Other Luxury Brands (PAUSED),"""smeg appliance repair""",Фразовое соответствие (близкий вариант),Не используется,4,0,0.0,0.0,0.0,минус: массовый бренд,"Массовый бренд «smeg» — не ваша аудитория, добавить минус-словом"
21–27.09,luxury appliance repair,CHICAGO | Lux Search | MaxConv 2026,14 Luxury & Built-In (No Brand),[luxury appliance repair],Точное соответствие,Добавлено,2,0,0.0,0.0,0.0,ок,Целевой запрос по вашему ключу — оставить
21–27.09,thermador refrigerator repair,CHICAGO | Lux Search | MaxConv 2026,"12 Thermador | Fridge, Dishwasher & General",[thermador refrigerator repair],Точное соответствие,Добавлено,6,0,0.0,0.0,0.0,ок,Целевой запрос по вашему ключу — оставить
21–27.09,subzero repair near me,FL-MIAMI-DADE | Sub-Zero | tCPA 2026,07 SZ | Repair Near Me,[subzero repair near me],Точное соответствие,Добавлено,1,0,0.0,0.0,0.0,конверсия: уже точный ключ,Запрос с конверсией уже есть точным ключом в этой кампании — оставить
21–27.09,miele dishwasher not draining,DESTIN | Lux Search | tCPA 2026,09 Miele | Dishwasher,[miele dishwasher not draining],Точное соответствие,Добавлено,4,0,0.0,0.0,0.0,ок,Целевой запрос по вашему ключу — оставить
21–27.09,subzero freezer not making ice,CHI-NORTHWEST | Sub-Zero | tCPA 2026,03 SZ | Freezer Repair,"""sub zero freezer not working""",Фразовое соответствие (близкий вариант),Не используется,1,0,0.0,0.0,0.0,ок,Целевой запрос по вашему ключу — оставить
21–27.09,sub zero repair service near me,MIAMI | Sub-Zero Only | tCPA 2026,07 SZ | Repair Near Me,"""sub zero repair service near me""",Точное соответствие,Добавлено,2,0,0.0,0.0,0.0,кампания на паузе (справочно),Кампания сейчас на паузе — строка только для истории; вердикт по смыслу запроса был бы «ок»
21–27.09,jenn air refrigerator repair near me,MIAMI | Lux Search | tCPA 2026,16 Other Luxury Brands (PAUSED),"""jenn air appliance repair""",Фразовое соответствие (близкий вариант),Не используется,4,0,0.0,0.0,0.0,ок,Целевой запрос по вашему ключу — оставить
21–27.09,high end refrigerator repair,TAMPA | Lux Search | tCPA 2026,14 Luxury & Built-In (No Brand),"""high end refrigerator repair""",Точное соответствие,Добавлено,2,0,0.0,0.0,0.0,ок,Целевой запрос по вашему ключу — оставить
21–27.09,zline appliance repair near me,TAMPA | Lux Search | tCPA 2026,14 Luxury & Built-In (No Brand),"""high end appliance repair""",Фразовое соответствие (близкий вариант),Не используется,1,0,0.0,0.0,0.0,минус: массовый бренд,"Массовый бренд «zline» — не ваша аудитория, добавить минус-словом"
21–27.09,miele service technician near me,CHICAGO | Lux Search | MaxConv 2026,"10 Miele | Kitchen, Laundry & General",[miele appliance repair],Точное соответствие (близкий вариант),Не используется,4,0,0.0,0.0,0.0,ок,Целевой запрос по вашему ключу — оставить
21–27.09,stove repair service,CHICAGO | Lux Search | MaxConv 2026,14 Luxury & Built-In (No Brand),"""professional range repair""",Точное соответствие (близкий вариант),Исключено,2,0,0.0,0.0,0.0,минус: общий запрос без люкс-бренда,"Общий запрос про ремонт без люкс-бренда — дешёвые/массовые клиенты, низкая конверсия"
21–27.09,wolf appliance repair near me,DESTIN | Lux Search | tCPA 2026,06 Wolf | Oven & General,[wolf repair],Точное соответствие (близкий вариант),Не используется,2,0,0.0,0.0,0.0,ок,Целевой запрос по вашему ключу — оставить
21–27.09,mr appliance santa rosa beach fl,DESTIN | Lux Search | tCPA 2026,17 Vacation Rentals & Property Managers,"""appliance repair santa rosa beach""",Фразовое соответствие (близкий вариант),Не используется,4,0,0.0,0.0,0.0,минус: конкурент,Название конкурента «mr appliance» — добавить минус-словом во все кампании
21–27.09,sub zero refrigerator service near me,MIAMI | Lux Search | tCPA 2026,03 Sub-Zero | Repair General,[sub zero service],Точное соответствие (близкий вариант),Не используется,1,0,0.0,0.0,0.0,группа на паузе (справочно),Группа «03 Sub-Zero | Repair General» сейчас на паузе (вы отключили её 28.09) — строка только для истории; вердикт по смыслу запроса был бы «ок»
21–27.09,dacor warming drawer repair,CHICAGO | Lux Search | MaxConv 2026,15 Other Luxury Brands (PAUSED),"""dacor repair""",Фразовое соответствие,Не используется,1,0,0.0,0.0,0.0,ок,Целевой запрос по вашему ключу — оставить
21–27.09,seasonal comfort,TAMPA | Sub-Zero Only | tCPA 2026,08 SZ | Repair General,"""sub zero repair""",Фразовое соответствие (близкий вариант),Не используется,3,0,0.0,0.0,0.0,кампания на паузе (справочно),Кампания сейчас на паузе — строка только для истории; вердикт по смыслу запроса был бы «минус: конкурент»
21–27.09,liebherr service,MIAMI | Lux Search | tCPA 2026,16 Other Luxury Brands (PAUSED),"""liebherr refrigerator repair""",Точное соответствие (близкий вариант),Не используется,2,0,0.0,0.0,0.0,ок,Целевой запрос по вашему ключу — оставить
21–27.09,sub zero refrigerator problems,MIAMI | Sub-Zero Only | tCPA 2026,02 SZ | Not Cooling,"""sub zero refrigerator not cooling""",Точное соответствие (близкий вариант),Не используется,1,0,0.0,0.0,0.0,кампания на паузе (справочно),Кампания сейчас на паузе — строка только для истории; вердикт по смыслу запроса был бы «ок»
21–27.09,sub zero repair services,MIAMI | Sub-Zero Only | tCPA 2026,08 SZ | Repair General,"""sub zero repair""",Точное соответствие (близкий вариант),Не используется,1,0,0.0,0.0,0.0,кампания на паузе (справочно),Кампания сейчас на паузе — строка только для истории; вердикт по смыслу запроса был бы «ок»
21–27.09,fisher and paykel service near me,CHICAGO | Lux Search | MaxConv 2026,15 Other Luxury Brands (PAUSED),"""fisher and paykel repair""",Точное соответствие (близкий вариант),Не используется,2,0,0.0,0.0,0.0,конверсия: добавить точным,"Запрос принёс конверсию в другой кампании (см. строки с конверсией) — закрепить точным и здесь, если кампания активна"
21–27.09,fisher & paykel repair near me,CHICAGO | Lux Search | MaxConv 2026,15 Other Luxury Brands (PAUSED),"""fisher and paykel repair""",Точное соответствие (близкий вариант),Не используется,1,0,0.0,0.0,0.0,ок,Целевой запрос по вашему ключу — оставить
21–27.09,fisher & paykel authorized repair service,CHICAGO | Lux Search | MaxConv 2026,15 Other Luxury Brands (PAUSED),"""fisher paykel repair""",Точное соответствие (близкий вариант),Не используется,3,0,0.0,0.0,0.0,ок,Целевой запрос по вашему ключу — оставить
21–27.09,wolf stove repair near me,CHICAGO | Lux Search | MaxConv 2026,06 Wolf | Oven & General,"""wolf certified repair""",Фразовое соответствие (близкий вариант),Не используется,1,0,0.0,0.0,0.0,конверсия: добавить точным,"Запрос принёс конверсию в другой кампании (см. строки с конверсией) — закрепить точным и здесь, если кампания активна"
21–27.09,miele service near me,CHICAGO | Lux Search | MaxConv 2026,"10 Miele | Kitchen, Laundry & General",[miele repair],Точное соответствие (близкий вариант),Не используется,2,0,0.0,0.0,0.0,ок,Целевой запрос по вашему ключу — оставить
21–27.09,viking microwave repair,CHICAGO | Lux Search | MaxConv 2026,"08 Viking | Fridge, Ice, Wine & General","""viking appliance repair""",Фразовое соответствие (близкий вариант),Не используется,2,0,0.0,0.0,0.0,ок,Целевой запрос по вашему ключу — оставить
21–27.09,scotsman ice machine tech support,DESTIN | Lux Search | tCPA 2026,16 Other Luxury Brands,"""scotsman ice maker repair""",Фразовое соответствие (близкий вариант),Не используется,1,0,0.0,0.0,0.0,минус: поддержка производителя,"Ищут горячую линию/гарантию производителя, а не мастера"
21–27.09,thermador repair,TAMPA | Lux Search | tCPA 2026,"12 Thermador | Fridge, Dishwasher & General",[thermador repair],Точное соответствие,Добавлено,2,0,0.0,0.0,0.0,ок,Целевой запрос по вашему ключу — оставить
21–27.09,wolf oven repair near me,TAMPA | Lux Search | tCPA 2026,06 Wolf | Oven & General,"""wolf repair near me""",Точное соответствие (близкий вариант),Не используется,1,0,0.0,0.0,0.0,ок,Целевой запрос по вашему ключу — оставить
21–27.09,uline beverage fridge not cooling,CHICAGO | Lux Search | MaxConv 2026,15 Other Luxury Brands (PAUSED),"""u line refrigerator repair""",Фразовое соответствие (близкий вариант),Не используется,1,0,0.0,0.0,0.0,ок,Целевой запрос по вашему ключу — оставить
21–27.09,jenn air appliance repair near me,CHICAGO | Lux Search | MaxConv 2026,15 Other Luxury Brands (PAUSED),"""jenn air appliance repair""",Точное соответствие (близкий вариант),Не используется,2,0,0.0,0.0,0.0,ок,Целевой запрос по вашему ключу — оставить
21–27.09,wolf service center,CHICAGO | Lux Search | MaxConv 2026,06 Wolf | Oven & General,[wolf appliance repair],Точное соответствие (близкий вариант),Не используется,1,0,0.0,0.0,0.0,ок,Целевой запрос по вашему ключу — оставить
21–27.09,highend service,TAMPA | Sub-Zero Only | tCPA 2026,08 SZ | Repair General,"""sub zero repair service""",Фразовое соответствие (близкий вариант),Не используется,1,0,0.0,0.0,0.0,кампания на паузе (справочно),Кампания сейчас на паузе — строка только для истории; вердикт по смыслу запроса был бы «минус: конкурент»
21–27.09,sub zero fridge stopped making ice,CHICAGO | Lux Search | MaxConv 2026,02 Sub-Zero | Ice Maker & Wine,[sub zero ice maker not working],Точное соответствие (близкий вариант),Не используется,1,0,0.0,0.0,0.0,ок,Целевой запрос по вашему ключу — оставить
21–27.09,call fisher paykel,CHICAGO | Lux Search | MaxConv 2026,15 Other Luxury Brands (PAUSED),"""fisher and paykel repair""",Фразовое соответствие (близкий вариант),Не используется,2,0,0.0,0.0,0.0,минус: поддержка производителя,"Ищут горячую линию/гарантию производителя, а не мастера"
21–27.09,jenn air repairman,CHICAGO | Lux Search | MaxConv 2026,15 Other Luxury Brands (PAUSED),"""jenn air appliance repair""",Точное соответствие (близкий вариант),Не используется,2,0,0.0,0.0,0.0,ок,Целевой запрос по вашему ключу — оставить
21–27.09,jennair refrigerator repair,CHICAGO | Lux Search | MaxConv 2026,15 Other Luxury Brands (PAUSED),"""jenn air appliance repair""",Фразовое соответствие (близкий вариант),Не используется,1,0,0.0,0.0,0.0,ок,Целевой запрос по вашему ключу — оставить
21–27.09,miele dishwasher f70 error code,CHICAGO | Lux Search | MaxConv 2026,09 Miele | Dishwasher,"""miele dishwasher f70""",Фразовое соответствие,Не используется,1,0,0.0,0.0,0.0,"минус/пауза: DIY, коды ошибок, запчасти","Запрос про код ошибки/деталь/самостоятельный ремонт — низкая конверсия, дорогие клики"
21–27.09,dacor appliance repair,CHICAGO | Lux Search | MaxConv 2026,15 Other Luxury Brands (PAUSED),"""dacor appliance repair""",Точное соответствие,Добавлено,1,0,0.0,0.0,0.0,ок,Целевой запрос по вашему ключу — оставить
21–27.09,miele dishwasher f70,CHICAGO | Lux Search | MaxConv 2026,09 Miele | Dishwasher,"""miele dishwasher f70""",Точное соответствие,Добавлено,1,0,0.0,0.0,0.0,"минус/пауза: DIY, коды ошибок, запчасти","Запрос про код ошибки/деталь/самостоятельный ремонт — низкая конверсия, дорогие клики"
21–27.09,miele repair service,MIAMI | Lux Search | tCPA 2026,"10 Miele | Kitchen, Laundry & General",[miele appliance repair],Точное соответствие (близкий вариант),Не используется,1,0,0.0,0.0,0.0,ок,Целевой запрос по вашему ключу — оставить
21–27.09,miele service miami,MIAMI | Lux Search | tCPA 2026,"10 Miele | Kitchen, Laundry & General","""miele service miami""",Точное соответствие,Добавлено,2,0,0.0,0.0,0.0,ок,Целевой запрос по вашему ключу — оставить
21–27.09,viking repair,MIAMI | Lux Search | tCPA 2026,"08 Viking | Fridge, Ice, Wine & General",[viking appliance repair],Точное соответствие (близкий вариант),Не используется,1,0,0.0,0.0,0.0,ок,Целевой запрос по вашему ключу — оставить
21–27.09,wolf repair near me,TAMPA | Lux Search | tCPA 2026,06 Wolf | Oven & General,"""wolf repair near me""",Точное соответствие,Добавлено,1,0,0.0,0.0,0.0,ок,Целевой запрос по вашему ключу — оставить
21–27.09,uline wine fridge repair,TAMPA | Lux Search | tCPA 2026,16 Other Luxury Brands (PAUSED),"""u line refrigerator repair""",Фразовое соответствие (близкий вариант),Не используется,2,0,0.0,0.0,0.0,ок,Целевой запрос по вашему ключу — оставить
21–27.09,subzero freezer repair,CHI-CITY | Sub-Zero | tCPA 2026,03 SZ | Freezer Repair,[sub zero freezer service],Точное соответствие (близкий вариант),Не используется,1,0,0.0,0.0,0.0,ок,Целевой запрос по вашему ключу — оставить
21–27.09,midwest viking repair,CHICAGO | Lux Search | MaxConv 2026,"08 Viking | Fridge, Ice, Wine & General","""viking appliance technician""",Фразовое соответствие (близкий вариант),Не используется,2,0,0.0,0.0,0.0,ок,Целевой запрос по вашему ключу — оставить
21–27.09,thermador oven igniter not working,CHICAGO | Lux Search | MaxConv 2026,"11 Thermador | Range, Cooktop & Oven","""thermador igniter repair""",Фразовое соответствие (близкий вариант),Не используется,1,0,0.0,0.0,0.0,ок,Целевой запрос по вашему ключу — оставить
21–27.09,wolf range burner not igniting,CHICAGO | Lux Search | MaxConv 2026,"05 Wolf | Range, Cooktop & Grill","""wolf burner not lighting""",Точное соответствие (близкий вариант),Не используется,3,0,0.0,0.0,0.0,ок,Целевой запрос по вашему ключу — оставить
21–27.09,wolf oven relay stuck,CHICAGO | Lux Search | MaxConv 2026,06 Wolf | Oven & General,"""wolf oven not working""",Фразовое соответствие (близкий вариант),Не используется,1,0,0.0,0.0,0.0,ок,Целевой запрос по вашему ключу — оставить
21–27.09,sub zero authorized repair service near me,CHI-SOUTH | Sub-Zero | tCPA 2026,07 SZ | Repair Near Me,"""sub zero service near me""",Точное соответствие (близкий вариант),Не используется,1,0,0.0,0.0,0.0,ок,Целевой запрос по вашему ключу — оставить
21–27.09,repair ge monogram refrigerator,MIAMI | Lux Search | tCPA 2026,16 Other Luxury Brands (PAUSED),"""monogram refrigerator repair""",Точное соответствие (близкий вариант),Не используется,1,0,0.0,0.0,0.0,ок,Целевой запрос по вашему ключу — оставить
21–27.09,jenn air repair,MIAMI | Lux Search | tCPA 2026,16 Other Luxury Brands (PAUSED),"""jennair repair""",Точное соответствие (близкий вариант),Не используется,2,0,0.0,0.0,0.0,ок,Целевой запрос по вашему ключу — оставить
21–27.09,imbd04 012,TAMPA | Sub-Zero Only | tCPA 2026,04 SZ | Ice Maker Repair,"""sub zero ice maker replacement""",Фразовое соответствие (близкий вариант),Не используется,2,0,0.0,0.0,0.0,кампания на паузе (справочно),"Кампания сейчас на паузе — строка только для истории; вердикт по смыслу запроса был бы «минус/пауза: DIY, коды ошибок, запчасти»"
21–27.09,jennair oven repair,CHICAGO | Lux Search | MaxConv 2026,15 Other Luxury Brands (PAUSED),"""jenn air appliance repair""",Фразовое соответствие (близкий вариант),Не используется,1,0,0.0,0.0,0.0,ок,Целевой запрос по вашему ключу — оставить
21–27.09,thermador range repair near me,CHICAGO | Lux Search | MaxConv 2026,"11 Thermador | Range, Cooktop & Oven","""thermador range repair""",Точное соответствие (близкий вариант),Не используется,2,0,0.0,0.0,0.0,ок,Целевой запрос по вашему ключу — оставить
21–27.09,subzero leaking water from bottom,CHICAGO | Lux Search | MaxConv 2026,01 Sub-Zero | Fridge & Freezer,"""sub zero leaking water""",Точное соответствие (близкий вариант),Не используется,2,0,0.0,0.0,0.0,ок,Целевой запрос по вашему ключу — оставить
21–27.09,sub zero repair,CHI-SOUTH | Sub-Zero | tCPA 2026,08 SZ | Repair General,[sub-zero repair],Точное соответствие,Добавлено,1,0,0.0,0.0,0.0,ок,Целевой запрос по вашему ключу — оставить
21–27.09,monogram appliances repair,TAMPA | Lux Search | tCPA 2026,16 Other Luxury Brands (PAUSED),"""monogram appliance repair""",Точное соответствие (близкий вариант),Не используется,2,0,0.0,0.0,0.0,ок,Целевой запрос по вашему ключу — оставить
21–27.09,viking repair miami,MIAMI | Lux Search | tCPA 2026,"08 Viking | Fridge, Ice, Wine & General",[viking repair miami],Точное соответствие,Добавлено,1,0,0.0,0.0,0.0,ок,Целевой запрос по вашему ключу — оставить
21–27.09,sub zero refrigerator repair fort lauderdale,MIAMI | Lux Search | tCPA 2026,03 Sub-Zero | Repair General,"""sub zero repair fort lauderdale""",Точное соответствие (близкий вариант),Не используется,1,0,0.0,0.0,0.0,группа на паузе (справочно),Группа «03 Sub-Zero | Repair General» сейчас на паузе (вы отключили её 28.09) — строка только для истории; вердикт по смыслу запроса был бы «ок»
21–27.09,subzero refrigerator repair miami,MIAMI | Lux Search | tCPA 2026,01 Sub-Zero | Fridge & Freezer,[sub zero refrigerator repair miami],Точное соответствие (близкий вариант),Не используется,1,0,0.0,0.0,0.0,группа на паузе (справочно),Группа «01 Sub-Zero | Fridge & Freezer» сейчас на паузе (вы отключили её 28.09) — строка только для истории; вердикт по смыслу запроса был бы «ок»
21–27.09,jenn air dishwasher service,CHICAGO | Lux Search | MaxConv 2026,15 Other Luxury Brands (PAUSED),"""jennair repair""",Фразовое соответствие (близкий вариант),Не используется,1,0,0.0,0.0,0.0,ок,Целевой запрос по вашему ключу — оставить
21–27.09,miele dishwasher flashing red light,CHICAGO | Lux Search | MaxConv 2026,09 Miele | Dishwasher,"""miele dishwasher fault""",Фразовое соответствие (близкий вариант),Не используется,1,0,0.0,0.0,0.0,ок,Целевой запрос по вашему ключу — оставить
21–27.09,fisher and paykel repair near me,CHICAGO | Lux Search | MaxConv 2026,15 Other Luxury Brands (PAUSED),"""fisher and paykel repair""",Точное соответствие (близкий вариант),Не используется,3,0,0.0,0.0,0.0,ок,Целевой запрос по вашему ключу — оставить
21–27.09,subzero freezer repair,CHI-CITY | Sub-Zero | tCPA 2026,07 SZ | Repair Near Me,[local sub zero repair],Точное соответствие (близкий вариант),Не используется,1,0,0.0,0.0,0.0,ок,Целевой запрос по вашему ключу — оставить
21–27.09,c&w appliance service,TAMPA | Sub-Zero Only | tCPA 2026,10 SZ | Certified & Authorized,"""sub zero authorized service""",Фразовое соответствие (близкий вариант),Не используется,3,0,0.0,0.0,0.0,кампания на паузе (справочно),Кампания сейчас на паузе — строка только для истории; вердикт по смыслу запроса был бы «минус: конкурент»
21–27.09,replace sub zero refrigerator door seal,CHI-NORTHWEST | Sub-Zero | tCPA 2026,01 SZ | Refrigerator Repair,"""sub zero door not sealing""",Фразовое соответствие (близкий вариант),Не используется,1,0,0.0,0.0,0.0,ок,Целевой запрос по вашему ключу — оставить
21–27.09,wolf service near me,CHICAGO | Lux Search | MaxConv 2026,06 Wolf | Oven & General,"""wolf authorized service""",Точное соответствие (близкий вариант),Не используется,1,0,0.0,0.0,0.0,ок,Целевой запрос по вашему ключу — оставить
21–27.09,wolf appliance maintenance,CHICAGO | Lux Search | MaxConv 2026,06 Wolf | Oven & General,[wolf appliance repair],Точное соответствие (близкий вариант),Не используется,1,0,0.0,0.0,0.0,ок,Целевой запрос по вашему ключу — оставить
21–27.09,highendservice net,TAMPA | Lux Search | tCPA 2026,03 Sub-Zero | Repair General,"""sub zero authorized service""",Фразовое соответствие (близкий вариант),Исключено,1,0,0.0,0.0,0.0,группа на паузе (справочно),Группа «03 Sub-Zero | Repair General» сейчас на паузе (вы отключили её 28.09) — строка только для истории; вердикт по смыслу запроса был бы «минус: конкурент»
21–27.09,oven repair service near me,TAMPA | Lux Search | tCPA 2026,14 Luxury & Built-In (No Brand),"""professional range repair""",Точное соответствие (близкий вариант),Исключено,2,0,0.0,0.0,0.0,минус: общий запрос без люкс-бренда,"Общий запрос про ремонт без люкс-бренда — дешёвые/массовые клиенты, низкая конверсия"
21–27.09,thermador service number,TAMPA | Lux Search | tCPA 2026,"12 Thermador | Fridge, Dishwasher & General","""thermador appliance repair""",Фразовое соответствие (близкий вариант),Не используется,2,0,0.0,0.0,0.0,минус: поддержка производителя,"Ищут горячую линию/гарантию производителя, а не мастера"
21–27.09,wolf microwave repair,TAMPA | Lux Search | tCPA 2026,06 Wolf | Oven & General,"""wolf authorized repair""",Фразовое соответствие (близкий вариант),Не используется,1,0,0.0,0.0,0.0,ок,Целевой запрос по вашему ключу — оставить
21–27.09,monogram refrigerator repair,MIAMI | Lux Search | tCPA 2026,16 Other Luxury Brands (PAUSED),"""monogram refrigerator repair""",Точное соответствие,Добавлено,2,0,0.0,0.0,0.0,ок,Целевой запрос по вашему ключу — оставить
21–27.09,jenn air cooktop service,MIAMI | Lux Search | tCPA 2026,16 Other Luxury Brands (PAUSED),"""jenn air appliance repair""",Фразовое соответствие (близкий вариант),Не используется,2,0,0.0,0.0,0.0,ок,Целевой запрос по вашему ключу — оставить
21–27.09,viking repair,CHICAGO | Lux Search | MaxConv 2026,"08 Viking | Fridge, Ice, Wine & General","""viking repair near me""",Точное соответствие (близкий вариант),Не используется,1,0,0.0,0.0,0.0,ок,Целевой запрос по вашему ключу — оставить
21–27.09,sub zero repair services,CHICAGO | Lux Search | MaxConv 2026,03 Sub-Zero | Repair General,"""sub zero authorized service""",Фразовое соответствие (близкий вариант),Не используется,1,0,0.0,0.0,0.0,ок,Целевой запрос по вашему ключу — оставить
21–27.09,repair sub zero refrigerator,CHICAGO | Lux Search | MaxConv 2026,01 Sub-Zero | Fridge & Freezer,[sub zero refrigerator repair],Точное соответствие (близкий вариант),Не используется,2,0,0.0,0.0,0.0,ок,Целевой запрос по вашему ключу — оставить
21–27.09,viking microwave repair,CHICAGO | Lux Search | MaxConv 2026,"08 Viking | Fridge, Ice, Wine & General","""viking appliance technician""",Фразовое соответствие (близкий вариант),Не используется,6,0,0.0,0.0,0.0,ок,Целевой запрос по вашему ключу — оставить
21–27.09,subzero refrigerator repair,CHICAGO | Lux Search | MaxConv 2026,03 Sub-Zero | Repair General,[sub zero appliance repair],Точное соответствие (близкий вариант),Не используется,2,0,0.0,0.0,0.0,ок,Целевой запрос по вашему ключу — оставить
21–27.09,miele dishwasher fault 78,CHICAGO | Lux Search | MaxConv 2026,09 Miele | Dishwasher,"""miele dishwasher fault""",Фразовое соответствие,Не используется,1,0,0.0,0.0,0.0,"минус/пауза: DIY, коды ошибок, запчасти","Запрос про код ошибки/деталь/самостоятельный ремонт — низкая конверсия, дорогие клики"
21–27.09,subzero service,TAMPA | Lux Search | tCPA 2026,03 Sub-Zero | Repair General,"""sub zero specialist""",Точное соответствие (близкий вариант),Не используется,1,0,0.0,0.0,0.0,группа на паузе (справочно),Группа «03 Sub-Zero | Repair General» сейчас на паузе (вы отключили её 28.09) — строка только для истории; вердикт по смыслу запроса был бы «ок»
21–27.09,miele service,MIAMI | Lux Search | tCPA 2026,"10 Miele | Kitchen, Laundry & General",[miele repair],Точное соответствие (близкий вариант),Не используется,1,0,0.0,0.0,0.0,ок,Целевой запрос по вашему ключу — оставить
21–27.09,subzero miami,FL-MIAMI-DADE | Sub-Zero | tCPA 2026,15 SZ | Cities,[sub zero miami],Точное соответствие (близкий вариант),Не используется,1,0,0.0,0.0,0.0,ок,Целевой запрос по вашему ключу — оставить
21–27.09,sub zero refrigerator leaking,CHI-SOUTH | Sub-Zero | tCPA 2026,06 SZ | Leaking Water,[sub zero refrigerator leaking],Точное соответствие,Добавлено,1,0,0.0,0.0,0.0,ок,Целевой запрос по вашему ключу — оставить
21–27.09,subzero troubleshooting,TAMPA | Sub-Zero | Exact-Only 2026,AG-05 | Not Cooling,[sub zero fridge stopped working],Точное соответствие (близкий вариант),Не используется,1,0,0.0,0.0,0.0,кампания на паузе (справочно),"Кампания сейчас на паузе — строка только для истории; вердикт по смыслу запроса был бы «минус/пауза: DIY, коды ошибок, запчасти»"
21–27.09,dacor service near me,MIAMI | Lux Search | tCPA 2026,16 Other Luxury Brands (PAUSED),"""dacor appliance repair""",Точное соответствие (близкий вариант),Не используется,1,0,0.0,0.0,0.0,ок,Целевой запрос по вашему ключу — оставить
21–27.09,miele appliance repair miami,MIAMI | Lux Search | tCPA 2026,"10 Miele | Kitchen, Laundry & General","""miele service miami""",Точное соответствие (близкий вариант),Не используется,1,0,0.0,0.0,0.0,ок,Целевой запрос по вашему ключу — оставить
21–27.09,lacanche service near me,MIAMI | Lux Search | tCPA 2026,16 Other Luxury Brands (PAUSED),"""lacanche repair""",Точное соответствие (близкий вариант),Не используется,2,0,0.0,0.0,0.0,ок,Целевой запрос по вашему ключу — оставить
21–27.09,wolf service near me,TAMPA | Lux Search | tCPA 2026,06 Wolf | Oven & General,"""wolf authorized service""",Точное соответствие (близкий вариант),Не используется,2,0,0.0,0.0,0.0,ок,Целевой запрос по вашему ключу — оставить
21–27.09,kitchenaid refrigerator repair near me,CHICAGO | Lux Search | MaxConv 2026,15 Other Luxury Brands (PAUSED),"""kitchenaid built in refrigerator repair""",Фразовое соответствие (близкий вариант),Не используется,2,0,0.0,0.0,0.0,минус: массовый бренд,"Массовый бренд «kitchenaid» — не ваша аудитория, добавить минус-словом"
21–27.09,asko dishwasher service,CHICAGO | Lux Search | MaxConv 2026,15 Other Luxury Brands (PAUSED),"""asko appliance repair""",Точное соответствие (близкий вариант),Не используется,1,0,0.0,0.0,0.0,ок,Целевой запрос по вашему ключу — оставить
21–27.09,thermador oven repair near me,CHICAGO | Lux Search | MaxConv 2026,"11 Thermador | Range, Cooktop & Oven","""thermador range repair""",Фразовое соответствие (близкий вариант),Не используется,1,0,0.0,0.0,0.0,ок,Целевой запрос по вашему ключу — оставить
21–27.09,sub zero refrigerator leaking,CHI-NORTH-SHORE | Sub-Zero | tCPA 2026,06 SZ | Leaking Water,[sub zero refrigerator leaking],Точное соответствие,Добавлено,1,0,0.0,0.0,0.0,ок,Целевой запрос по вашему ключу — оставить
21–27.09,subzero phone number,CHICAGO | Lux Search | MaxConv 2026,03 Sub-Zero | Repair General,"""sub zero service""",Фразовое соответствие (близкий вариант),Не используется,2,0,0.0,0.0,0.0,минус: поддержка производителя,"Ищут горячую линию/гарантию производителя, а не мастера"
21–27.09,viking oven repair near me,CHICAGO | Lux Search | MaxConv 2026,"07 Viking | Range, Cooktop & Oven",[viking stove repair],Точное соответствие (близкий вариант),Не используется,1,0,0.0,0.0,0.0,конверсия: добавить точным,"Запрос принёс конверсию в другой кампании (см. строки с конверсией) — закрепить точным и здесь, если кампания активна"
21–27.09,viking stove igniter keeps clicking,CHICAGO | Lux Search | MaxConv 2026,"07 Viking | Range, Cooktop & Oven","""viking cooktop not igniting""",Фразовое соответствие (близкий вариант),Не используется,2,0,0.0,0.0,0.0,ок,Целевой запрос по вашему ключу — оставить
21–27.09,wolf stove clicking when fire is on,CHICAGO | Lux Search | MaxConv 2026,"05 Wolf | Range, Cooktop & Grill","""wolf burner not lighting""",Фразовое соответствие (близкий вариант),Не используется,1,0,0.0,0.0,0.0,ок,Целевой запрос по вашему ключу — оставить
21–27.09,wolf oven display not working,MIAMI | Lux Search | tCPA 2026,06 Wolf | Oven & General,"""wolf oven not working""",Фразовое соответствие,Не используется,1,0,0.0,0.0,0.0,ок,Целевой запрос по вашему ключу — оставить
21–27.09,miele appliance service near me,MIAMI | Lux Search | tCPA 2026,"10 Miele | Kitchen, Laundry & General","""miele repair near me""",Точное соответствие (близкий вариант),Не используется,1,0,0.0,0.0,0.0,ок,Целевой запрос по вашему ключу — оставить
21–27.09,jura coffee machine repair,MIAMI | Lux Search | tCPA 2026,14 Luxury & Built-In (No Brand),"""high end appliance repair""",Фразовое соответствие (близкий вариант),Не используется,2,0,0.0,0.0,0.0,минус: массовый бренд,"Массовый бренд «jura» — не ваша аудитория, добавить минус-словом"
21–27.09,repair ge monogram refrigerator,MIAMI | Lux Search | tCPA 2026,16 Other Luxury Brands (PAUSED),"""monogram appliance repair""",Фразовое соответствие (близкий вариант),Не используется,2,0,0.0,0.0,0.0,ок,Целевой запрос по вашему ключу — оставить
21–27.09,thermador oven repair near me,MIAMI | Lux Search | tCPA 2026,"12 Thermador | Fridge, Dishwasher & General",[thermador appliance repair],Точное соответствие (близкий вариант),Не используется,1,0,0.0,0.0,0.0,ок,Целевой запрос по вашему ключу — оставить
21–27.09,sub zero fridge repair near me,FL-NAPLES-FORT-MYERS | Sub-Zero | tCPA 2026,01 SZ | Refrigerator Repair,[sub zero fridge repair near me],Точное соответствие,Добавлено,2,0,0.0,0.0,0.0,ок,Целевой запрос по вашему ключу — оставить
21–27.09,sub zero refrigerator compressor noise,CHI-SOUTH | Sub-Zero | tCPA 2026,01 SZ | Refrigerator Repair,[sub zero refrigerator making noise],Точное соответствие (близкий вариант),Не используется,1,0,0.0,0.0,0.0,ок,Целевой запрос по вашему ключу — оставить
21–27.09,repair subzero,CHICAGO | Lux Search | MaxConv 2026,03 Sub-Zero | Repair General,[sub zero service],Точное соответствие (близкий вариант),Не используется,1,0,0.0,0.0,0.0,ок,Целевой запрос по вашему ключу — оставить
21–27.09,fisher paykel washer service,CHICAGO | Lux Search | MaxConv 2026,15 Other Luxury Brands (PAUSED),"""fisher and paykel repair""",Фразовое соответствие (близкий вариант),Не используется,2,0,0.0,0.0,0.0,ок,Целевой запрос по вашему ключу — оставить
21–27.09,viking appliance repair,MIAMI | Lux Search | tCPA 2026,"08 Viking | Fridge, Ice, Wine & General",[viking appliance repair],Точное соответствие,Добавлено,3,0,0.0,0.0,0.0,ок,Целевой запрос по вашему ключу — оставить
21–27.09,miele service,MIAMI | Lux Search | tCPA 2026,"10 Miele | Kitchen, Laundry & General",[miele appliance repair],Точное соответствие (близкий вариант),Не используется,1,0,0.0,0.0,0.0,ок,Целевой запрос по вашему ключу — оставить
21–27.09,dacor refrigerator repair,TAMPA | Lux Search | tCPA 2026,16 Other Luxury Brands (PAUSED),"""dacor refrigerator repair""",Точное соответствие,Добавлено,2,0,0.0,0.0,0.0,ок,Целевой запрос по вашему ключу — оставить
21–27.09,wolf oven repair near me,TAMPA | Lux Search | tCPA 2026,06 Wolf | Oven & General,[wolf oven repair],Точное соответствие (близкий вариант),Не используется,1,0,0.0,0.0,0.0,ок,Целевой запрос по вашему ключу — оставить
21–27.09,wolf oven turns off by itself,DESTIN | Lux Search | tCPA 2026,06 Wolf | Oven & General,"""wolf oven not working""",Фразовое соответствие (близкий вариант),Не используется,1,0,0.0,0.0,0.0,ок,Целевой запрос по вашему ключу — оставить
21–27.09,sub zero repair service,MIAMI | Sub-Zero Only | tCPA 2026,08 SZ | Repair General,"""sub zero repair service""",Точное соответствие,Добавлено,6,0,0.0,0.0,0.0,кампания на паузе (справочно),Кампания сейчас на паузе — строка только для истории; вердикт по смыслу запроса был бы «ок»
21–27.09,fisher paykel repair near me,CHICAGO | Lux Search | MaxConv 2026,15 Other Luxury Brands (PAUSED),"""fisher paykel repair""",Точное соответствие (близкий вариант),Не используется,1,0,0.0,0.0,0.0,ок,Целевой запрос по вашему ключу — оставить
21–27.09,wolf convection oven repair,CHICAGO | Lux Search | MaxConv 2026,06 Wolf | Oven & General,"""wolf convection oven repair""",Точное соответствие,Добавлено,2,0,0.0,0.0,0.0,ок,Целевой запрос по вашему ключу — оставить
21–27.09,ge profile icemaker repair,CHICAGO | Lux Search | MaxConv 2026,14 Luxury & Built-In (No Brand),"""built in ice maker repair""",Фразовое соответствие (близкий вариант),Не используется,1,0,0.0,0.0,0.0,минус: массовый бренд,"Массовый бренд «ge profile» — не ваша аудитория, добавить минус-словом"
21–27.09,subzero service,TAMPA | Lux Search | tCPA 2026,03 Sub-Zero | Repair General,"""sub zero technician""",Точное соответствие (близкий вариант),Не используется,1,0,0.0,0.0,0.0,группа на паузе (справочно),Группа «03 Sub-Zero | Repair General» сейчас на паузе (вы отключили её 28.09) — строка только для истории; вердикт по смыслу запроса был бы «ок»
21–27.09,sub zero repairs miami,MIAMI | Lux Search | tCPA 2026,01 Sub-Zero | Fridge & Freezer,[sub zero refrigerator repair miami],Точное соответствие (близкий вариант),Не используется,1,0,0.0,0.0,0.0,группа на паузе (справочно),Группа «01 Sub-Zero | Fridge & Freezer» сейчас на паузе (вы отключили её 28.09) — строка только для истории; вердикт по смыслу запроса был бы «ок»
21–27.09,wolf repair service,MIAMI | Lux Search | tCPA 2026,06 Wolf | Oven & General,[wolf repair],Точное соответствие (близкий вариант),Не используется,1,0,0.0,0.0,0.0,ок,Целевой запрос по вашему ключу — оставить
21–27.09,sub zero refrigerator compressor noise,CHI-NORTHWEST | Sub-Zero | tCPA 2026,01 SZ | Refrigerator Repair,[sub zero refrigerator making noise],Точное соответствие (близкий вариант),Не используется,1,0,0.0,0.0,0.0,ок,Целевой запрос по вашему ключу — оставить
21–27.09,sub zero warranty phone number,CHICAGO | Lux Search | MaxConv 2026,03 Sub-Zero | Repair General,"""sub zero service""",Фразовое соответствие (близкий вариант),Не используется,2,0,0.0,0.0,0.0,минус: поддержка производителя,"Ищут горячую линию/гарантию производителя, а не мастера"
21–27.09,water leaking under sub zero refrigerator,CHICAGO | Lux Search | MaxConv 2026,01 Sub-Zero | Fridge & Freezer,"""sub zero leaking water""",Точное соответствие (близкий вариант),Не используется,1,0,0.0,0.0,0.0,ок,Целевой запрос по вашему ключу — оставить
21–27.09,subzero refrigerator repair,CHICAGO | Lux Search | MaxConv 2026,03 Sub-Zero | Repair General,[sub zero repair],Точное соответствие (близкий вариант),Не используется,1,0,0.0,0.0,0.0,ок,Целевой запрос по вашему ключу — оставить
21–27.09,fisher and paykel repair near me,CHICAGO | Lux Search | MaxConv 2026,15 Other Luxury Brands (PAUSED),"""fisher paykel repair""",Точное соответствие (близкий вариант),Не используется,3,0,0.0,0.0,0.0,ок,Целевой запрос по вашему ключу — оставить
21–27.09,sub zero fridge turned off,CHI-WEST | Sub-Zero | tCPA 2026,08 SZ | Repair General,"""fix sub zero refrigerator""",Фразовое соответствие (близкий вариант),Не используется,1,0,0.0,0.0,0.0,ок,Целевой запрос по вашему ключу — оставить
21–27.09,c&w appliance service,TAMPA | Sub-Zero Only | tCPA 2026,08 SZ | Repair General,"""sub zero repair service""",Фразовое соответствие (близкий вариант),Не используется,1,0,0.0,0.0,0.0,кампания на паузе (справочно),Кампания сейчас на паузе — строка только для истории; вердикт по смыслу запроса был бы «минус: конкурент»
21–27.09,seasonal comfort houston tx,TAMPA | Sub-Zero Only | tCPA 2026,08 SZ | Repair General,"""sub zero appliance repair""",Фразовое соответствие (близкий вариант),Не используется,2,0,0.0,0.0,0.0,кампания на паузе (справочно),Кампания сейчас на паузе — строка только для истории; вердикт по смыслу запроса был бы «минус: конкурент»
21–27.09,dube appliance service,TAMPA | Sub-Zero Only | tCPA 2026,10 SZ | Certified & Authorized,"""sub zero authorized service""",Фразовое соответствие (близкий вариант),Не используется,1,0,0.0,0.0,0.0,кампания на паузе (справочно),Кампания сейчас на паузе — строка только для истории; вердикт по смыслу запроса был бы «минус: конкурент»
21–27.09,sub zero water dispenser not working,MIAMI | Lux Search | tCPA 2026,03 Sub-Zero | Repair General,"""sub zero maintenance""",Фразовое соответствие (близкий вариант),Не используется,2,0,0.0,0.0,0.0,группа на паузе (справочно),Группа «03 Sub-Zero | Repair General» сейчас на паузе (вы отключили её 28.09) — строка только для истории; вердикт по смыслу запроса был бы «ок»
21–27.09,thermador service,TAMPA | Lux Search | tCPA 2026,"12 Thermador | Fridge, Dishwasher & General","""thermador service""",Точное соответствие,Добавлено,1,0,0.0,0.0,0.0,ок,Целевой запрос по вашему ключу — оставить
21–27.09,subzero refrigerator repair,CHICAGO | Lux Search | MaxConv 2026,03 Sub-Zero | Repair General,"""sub zero authorized repair""",Точное соответствие (близкий вариант),Не используется,2,0,0.0,0.0,0.0,ок,Целевой запрос по вашему ключу — оставить
21–27.09,sub zero repair,CHICAGO | Lux Search | MaxConv 2026,03 Sub-Zero | Repair General,[sub zero repair],Точное соответствие,Добавлено,2,0,0.0,0.0,0.0,ок,Целевой запрос по вашему ключу — оставить
21–27.09,viking oven repair near me,CHICAGO | Lux Search | MaxConv 2026,"07 Viking | Range, Cooktop & Oven",[viking range repair],Точное соответствие (близкий вариант),Не используется,1,0,0.0,0.0,0.0,конверсия: добавить точным,"Запрос принёс конверсию в другой кампании (см. строки с конверсией) — закрепить точным и здесь, если кампания активна"
21–27.09,wolf stove repair near me,CHICAGO | Lux Search | MaxConv 2026,06 Wolf | Oven & General,"""wolf authorized service""",Фразовое соответствие (близкий вариант),Не используется,1,0,0.0,0.0,0.0,конверсия: добавить точным,"Запрос принёс конверсию в другой кампании (см. строки с конверсией) — закрепить точным и здесь, если кампания активна"
21–27.09,viking stove service near me,CHICAGO | Lux Search | MaxConv 2026,"08 Viking | Fridge, Ice, Wine & General",[viking appliance repair],Точное соответствие (близкий вариант),Не используется,1,0,0.0,0.0,0.0,ок,Целевой запрос по вашему ключу — оставить
21–27.09,sub zero service,CHI-SOUTH | Sub-Zero | tCPA 2026,09 SZ | Service & Maintenance,[sub zero service],Точное соответствие,Добавлено,1,0,0.0,0.0,0.0,ок,Целевой запрос по вашему ключу — оставить
21–27.09,miele dishwasher not pumping water out,DESTIN | Lux Search | tCPA 2026,09 Miele | Dishwasher,[miele dishwasher not draining],Точное соответствие (близкий вариант),Не используется,2,0,0.0,0.0,0.0,ок,Целевой запрос по вашему ключу — оставить
21–27.09,uline fridge repair,CHICAGO | Lux Search | MaxConv 2026,15 Other Luxury Brands (PAUSED),"""u line refrigerator repair""",Точное соответствие (близкий вариант),Не используется,1,0,0.0,0.0,0.0,ок,Целевой запрос по вашему ключу — оставить
21–27.09,sub zero 736tc ice maker not working,MIAMI | Lux Search | tCPA 2026,02 Sub-Zero | Ice Maker & Wine,"""sub zero ice maker not working""",Фразовое соответствие,Не используется,1,0,0.0,0.0,0.0,группа на паузе (справочно),Группа «02 Sub-Zero | Ice Maker & Wine» сейчас на паузе (вы отключили её 28.09) — строка только для истории; вердикт по смыслу запроса был бы «ок»
21–27.09,sub zero refrigerator not cooling,MIAMI | Lux Search | tCPA 2026,01 Sub-Zero | Fridge & Freezer,[sub zero refrigerator not cooling],Точное соответствие,Добавлено,1,0,0.0,0.0,0.0,группа на паузе (справочно),Группа «01 Sub-Zero | Fridge & Freezer» сейчас на паузе (вы отключили её 28.09) — строка только для истории; вердикт по смыслу запроса был бы «ок»
21–27.09,www thermador com service,MIAMI | Lux Search | tCPA 2026,14 Luxury & Built-In (No Brand),"""high end appliance repair""",Фразовое соответствие (близкий вариант),Не используется,2,0,0.0,0.0,0.0,минус: поддержка производителя,"Ищут горячую линию/гарантию производителя, а не мастера"
21–27.09,subzero freezer not making ice,CHI-NORTHWEST | Sub-Zero | tCPA 2026,04 SZ | Ice Maker Repair,[sub zero ice maker not making ice],Точное соответствие (близкий вариант),Не используется,1,0,0.0,0.0,0.0,ок,Целевой запрос по вашему ключу — оставить
21–27.09,sub zero 632 ice maker,MIAMI | Sub-Zero Only | tCPA 2026,04 SZ | Ice Maker Repair,"""sub zero ice maker replacement""",Фразовое соответствие (близкий вариант),Не используется,1,0,0.0,0.0,0.0,кампания на паузе (справочно),Кампания сейчас на паузе — строка только для истории; вердикт по смыслу запроса был бы «ок»
21–27.09,4201400 compressor,TAMPA | Sub-Zero Only | tCPA 2026,02 SZ | Not Cooling,"""sub zero compressor replacement""",Фразовое соответствие (близкий вариант),Не используется,2,0,0.0,0.0,0.0,кампания на паузе (справочно),"Кампания сейчас на паузе — строка только для истории; вердикт по смыслу запроса был бы «минус/пауза: DIY, коды ошибок, запчасти»"
21–27.09,fisher and paykel repair,CHICAGO | Lux Search | MaxConv 2026,15 Other Luxury Brands (PAUSED),"""fisher and paykel repair""",Точное соответствие,Добавлено,4,0,0.0,0.0,0.0,ок,Целевой запрос по вашему ключу — оставить
21–27.09,sub zero warranty,CHICAGO | Lux Search | MaxConv 2026,03 Sub-Zero | Repair General,"""sub zero service""",Фразовое соответствие (близкий вариант),Не используется,1,0,0.0,0.0,0.0,минус: поддержка производителя,"Ищут горячую линию/гарантию производителя, а не мастера"
21–27.09,repair sub zero,CHICAGO | Lux Search | MaxConv 2026,01 Sub-Zero | Fridge & Freezer,[sub zero refrigerator repair near me],Точное соответствие (близкий вариант),Не используется,2,0,0.0,0.0,0.0,ок,Целевой запрос по вашему ключу — оставить
21–27.09,viking wall oven repair,CHICAGO | Lux Search | MaxConv 2026,"07 Viking | Range, Cooktop & Oven","""viking wall oven repair""",Точное соответствие,Добавлено,1,0,0.0,0.0,0.0,ок,Целевой запрос по вашему ключу — оставить
21–27.09,wolf oven repair,CHICAGO | Lux Search | MaxConv 2026,06 Wolf | Oven & General,[wolf oven repair],Точное соответствие,Добавлено,5,0,0.0,0.0,0.0,ок,Целевой запрос по вашему ключу — оставить
21–27.09,subzero service near me,CHICAGO | Lux Search | MaxConv 2026,03 Sub-Zero | Repair General,"""sub zero service near me""",Точное соответствие (близкий вариант),Не используется,1,0,0.0,0.0,0.0,ок,Целевой запрос по вашему ключу — оставить
21–27.09,subzero appliance repair near me,CHICAGO | Lux Search | MaxConv 2026,01 Sub-Zero | Fridge & Freezer,[sub zero refrigerator repair],Точное соответствие (близкий вариант),Не используется,1,0,0.0,0.0,0.0,ок,Целевой запрос по вашему ключу — оставить
21–27.09,wolf burner not lighting,CHICAGO | Lux Search | MaxConv 2026,"05 Wolf | Range, Cooktop & Grill","""wolf burner not lighting""",Точное соответствие,Добавлено,1,0,0.0,0.0,0.0,ок,Целевой запрос по вашему ключу — оставить
21–27.09,thermador gas stove repair,TAMPA | Lux Search | tCPA 2026,"11 Thermador | Range, Cooktop & Oven",[thermador range repair],Точное соответствие (близкий вариант),Не используется,1,0,0.0,0.0,0.0,конверсия: добавить точным,"Запрос принёс конверсию в другой кампании (см. строки с конверсией) — закрепить точным и здесь, если кампания активна"
21–27.09,subzero refrigerator repair miami,MAIN!!! Sub-Zero Repair Miami | SKAG conv 100,SZ-02 | repair miami,[sub zero repair miami],Точное соответствие (близкий вариант),Не используется,1,0,0.0,0.0,0.0,кампания на паузе (справочно),Кампания сейчас на паузе — строка только для истории; вердикт по смыслу запроса был бы «ок»
21–27.09,high end service miami,MAIN!!! Sub-Zero Repair Miami | SKAG conv 100,SZ-02 | repair miami,"""sub zero repair miami""",Фразовое соответствие (близкий вариант),Не используется,1,0,0.0,0.0,0.0,кампания на паузе (справочно),Кампания сейчас на паузе — строка только для истории; вердикт по смыслу запроса был бы «минус: конкурент»
21–27.09,subzero maintenance,CHI-INDIANA | Sub-Zero | tCPA 2026,09 SZ | Service & Maintenance,"""sub zero maintenance""",Точное соответствие (близкий вариант),Не используется,1,0,0.0,0.0,0.0,ок,Целевой запрос по вашему ключу — оставить
21–27.09,thermador technician,CHICAGO | Lux Search | MaxConv 2026,"12 Thermador | Fridge, Dishwasher & General","""thermador technician""",Точное соответствие,Добавлено,2,0,0.0,0.0,0.0,ок,Целевой запрос по вашему ключу — оставить
21–27.09,wolf service center,CHICAGO | Lux Search | MaxConv 2026,06 Wolf | Oven & General,[wolf repair],Точное соответствие (близкий вариант),Не используется,1,0,0.0,0.0,0.0,ок,Целевой запрос по вашему ключу — оставить
21–27.09,miele service,CHICAGO | Lux Search | MaxConv 2026,"10 Miele | Kitchen, Laundry & General",[miele repair],Точное соответствие (близкий вариант),Не используется,3,0,0.0,0.0,0.0,ок,Целевой запрос по вашему ключу — оставить
21–27.09,thermador fridge repair,CHICAGO | Lux Search | MaxConv 2026,"12 Thermador | Fridge, Dishwasher & General","""thermador fridge repair""",Точное соответствие,Добавлено,5,0,0.0,0.0,0.0,ок,Целевой запрос по вашему ключу — оставить
21–27.09,viking oven repair near me,TAMPA | Lux Search | tCPA 2026,"08 Viking | Fridge, Ice, Wine & General","""viking repair near me""",Точное соответствие (близкий вариант),Не используется,3,0,0.0,0.0,0.0,конверсия: добавить точным,"Запрос принёс конверсию в другой кампании (см. строки с конверсией) — закрепить точным и здесь, если кампания активна"
21–27.09,miele service,TAMPA | Lux Search | tCPA 2026,"10 Miele | Kitchen, Laundry & General","""miele technician""",Точное соответствие (близкий вариант),Не используется,1,0,0.0,0.0,0.0,ок,Целевой запрос по вашему ключу — оставить
21–27.09,sub zero refrigerator repair miami beach,MIAMI | Lux Search | tCPA 2026,14 Luxury & Built-In (No Brand),"""high end appliance repair""",Фразовое соответствие (близкий вариант),Не используется,1,0,0.0,0.0,0.0,ок,Целевой запрос по вашему ключу — оставить
21–27.09,miele repair miami,MIAMI | Lux Search | tCPA 2026,"10 Miele | Kitchen, Laundry & General",[miele repair miami],Точное соответствие,Добавлено,4,0,0.0,0.0,0.0,ок,Целевой запрос по вашему ключу — оставить
21–27.09,subzero repair,MIAMI | Lux Search | tCPA 2026,01 Sub-Zero | Fridge & Freezer,[sub zero refrigerator repair],Точное соответствие (близкий вариант),Не используется,1,0,0.0,0.0,0.0,группа на паузе (справочно),Группа «01 Sub-Zero | Fridge & Freezer» сейчас на паузе (вы отключили её 28.09) — строка только для истории; вердикт по смыслу запроса был бы «ок»
21–27.09,thermador refrigerator repair,DESTIN | Lux Search | tCPA 2026,"12 Thermador | Fridge, Dishwasher & General",[thermador refrigerator repair],Точное соответствие,Добавлено,2,0,0.0,0.0,0.0,ок,Целевой запрос по вашему ключу — оставить
21–27.09,cove appliance repair,CHI-NORTHWEST | Sub-Zero | tCPA 2026,08 SZ | Repair General,"""sub-zero repair""",Фразовое соответствие (близкий вариант),Не используется,2,0,0.0,0.0,0.0,ок,Целевой запрос по вашему ключу — оставить
21–27.09,subzero refrigerator repair near me,MIAMI | Sub-Zero Only | tCPA 2026,08 SZ | Repair General,"""fix sub zero refrigerator""",Точное соответствие (близкий вариант),Не используется,1,0,0.0,0.0,0.0,кампания на паузе (справочно),Кампания сейчас на паузе — строка только для истории; вердикт по смыслу запроса был бы «конверсия: добавить точным»
21–27.09,miele technician,CHICAGO | Lux Search | MaxConv 2026,"10 Miele | Kitchen, Laundry & General","""miele technician""",Точное соответствие,Добавлено,2,0,0.0,0.0,0.0,ок,Целевой запрос по вашему ключу — оставить
21–27.09,fisher & paykel service,CHICAGO | Lux Search | MaxConv 2026,15 Other Luxury Brands (PAUSED),"""fisher paykel repair""",Точное соответствие (близкий вариант),Не используется,1,0,0.0,0.0,0.0,ок,Целевой запрос по вашему ключу — оставить
21–27.09,sub zero appliance service near me,CHICAGO | Lux Search | MaxConv 2026,03 Sub-Zero | Repair General,"""sub zero authorized service""",Точное соответствие (близкий вариант),Не используется,1,0,0.0,0.0,0.0,ок,Целевой запрос по вашему ключу — оставить
21–27.09,asko service,TAMPA | Lux Search | tCPA 2026,15 Asko | Repair,"""asko technician""",Точное соответствие (близкий вариант),Не используется,1,0,0.0,0.0,0.0,ок,Целевой запрос по вашему ключу — оставить
21–27.09,thermador oven repair near me,TAMPA | Lux Search | tCPA 2026,"11 Thermador | Range, Cooktop & Oven","""thermador stove repair""",Точное соответствие (близкий вариант),Не используется,3,0,0.0,0.0,0.0,ок,Целевой запрос по вашему ключу — оставить
21–27.09,wolf stove service,MIAMI | Lux Search | tCPA 2026,06 Wolf | Oven & General,[wolf repair],Точное соответствие (близкий вариант),Не используется,1,0,0.0,0.0,0.0,ок,Целевой запрос по вашему ключу — оставить
21–27.09,asko repair service near me,MIAMI | Lux Search | tCPA 2026,15 Asko | Repair,"""asko appliance repair""",Точное соответствие (близкий вариант),Не используется,1,0,0.0,0.0,0.0,ок,Целевой запрос по вашему ключу — оставить
21–27.09,subzero refrigerator repair near me,MIAMI | Sub-Zero Only | tCPA 2026,10 SZ | Certified & Authorized,[sub zero authorized repair],Точное соответствие (близкий вариант),Не используется,1,0,0.0,0.0,0.0,кампания на паузе (справочно),Кампания сейчас на паузе — строка только для истории; вердикт по смыслу запроса был бы «конверсия: добавить точным»
21–27.09,miele service,CHICAGO | Lux Search | MaxConv 2026,"10 Miele | Kitchen, Laundry & General",[miele appliance repair],Точное соответствие (близкий вариант),Не используется,1,0,0.0,0.0,0.0,ок,Целевой запрос по вашему ключу — оставить
21–27.09,miele f11 error code,CHICAGO | Lux Search | MaxConv 2026,09 Miele | Dishwasher,"""miele dishwasher f11""",Точное соответствие (близкий вариант),Не используется,2,0,0.0,0.0,0.0,"минус/пауза: DIY, коды ошибок, запчасти","Запрос про код ошибки/деталь/самостоятельный ремонт — низкая конверсия, дорогие клики"
21–27.09,viking appliance repair,CHICAGO | Lux Search | MaxConv 2026,"08 Viking | Fridge, Ice, Wine & General",[viking appliance repair],Точное соответствие,Добавлено,2,0,0.0,0.0,0.0,ок,Целевой запрос по вашему ключу — оставить
21–27.09,uline fridge repair,CHICAGO | Lux Search | MaxConv 2026,15 Other Luxury Brands (PAUSED),"""u line repair""",Точное соответствие (близкий вариант),Не используется,1,0,0.0,0.0,0.0,ок,Целевой запрос по вашему ключу — оставить
21–27.09,miele service,TAMPA | Lux Search | tCPA 2026,"10 Miele | Kitchen, Laundry & General",[miele appliance repair],Точное соответствие (близкий вариант),Не используется,1,0,0.0,0.0,0.0,ок,Целевой запрос по вашему ключу — оставить
21–27.09,high end appliances repair,TAMPA | Lux Search | tCPA 2026,14 Luxury & Built-In (No Brand),[high end appliance repair],Точное соответствие (близкий вариант),Не используется,3,0,0.0,0.0,0.0,ок,Целевой запрос по вашему ключу — оставить
21–27.09,thermador range not lighting,DESTIN | Lux Search | tCPA 2026,"11 Thermador | Range, Cooktop & Oven","""thermador cooktop not igniting""",Точное соответствие (близкий вариант),Не используется,1,0,0.0,0.0,0.0,ок,Целевой запрос по вашему ключу — оставить
21–27.09,stove repair near me,CHICAGO | Lux Search | MaxConv 2026,14 Luxury & Built-In (No Brand),"""professional range repair""",Точное соответствие (близкий вариант),Исключено,7,0,0.0,0.0,0.0,минус: общий запрос без люкс-бренда,"Общий запрос про ремонт без люкс-бренда — дешёвые/массовые клиенты, низкая конверсия"
21–27.09,miele coffee machine repair near me,CHICAGO | Lux Search | MaxConv 2026,"10 Miele | Kitchen, Laundry & General",[miele coffee machine repair],Точное соответствие (близкий вариант),Не используется,3,0,0.0,0.0,0.0,ок,Целевой запрос по вашему ключу — оставить
21–27.09,oven repair service near me,CHICAGO | Lux Search | MaxConv 2026,14 Luxury & Built-In (No Brand),"""professional range repair""",Точное соответствие (близкий вариант),Исключено,2,0,0.0,0.0,0.0,минус: общий запрос без люкс-бренда,"Общий запрос про ремонт без люкс-бренда — дешёвые/массовые клиенты, низкая конверсия"
21–27.09,dacor oven repair,CHICAGO | Lux Search | MaxConv 2026,15 Other Luxury Brands (PAUSED),"""dacor oven repair""",Точное соответствие,Добавлено,2,0,0.0,0.0,0.0,ок,Целевой запрос по вашему ключу — оставить
21–27.09,wolf repair service,CHICAGO | Lux Search | MaxConv 2026,06 Wolf | Oven & General,"""wolf repair near me""",Точное соответствие (близкий вариант),Не используется,2,0,0.0,0.0,0.0,ок,Целевой запрос по вашему ключу — оставить
21–27.09,dacor service near me,MIAMI | Lux Search | tCPA 2026,16 Other Luxury Brands (PAUSED),"""dacor repair""",Точное соответствие (близкий вариант),Не используется,1,0,0.0,0.0,0.0,ок,Целевой запрос по вашему ключу — оставить
21–27.09,asko dishwasher code f11,MIAMI | Lux Search | tCPA 2026,15 Asko | Repair,"""asko dishwasher error""",Фразовое соответствие (близкий вариант),Не используется,2,0,0.0,0.0,0.0,"минус/пауза: DIY, коды ошибок, запчасти","Запрос про код ошибки/деталь/самостоятельный ремонт — низкая конверсия, дорогие клики"
21–27.09,viking refrigerator repair near me,MIAMI | Lux Search | tCPA 2026,"08 Viking | Fridge, Ice, Wine & General",[viking refrigerator repair],Точное соответствие (близкий вариант),Не используется,2,0,0.0,0.0,0.0,ок,Целевой запрос по вашему ключу — оставить
21–27.09,highendservice net,TAMPA | Lux Search | tCPA 2026,03 Sub-Zero | Repair General,"""sub zero certified technician""",Фразовое соответствие (близкий вариант),Исключено,1,0,0.0,0.0,0.0,группа на паузе (справочно),Группа «03 Sub-Zero | Repair General» сейчас на паузе (вы отключили её 28.09) — строка только для истории; вердикт по смыслу запроса был бы «минус: конкурент»
21–27.09,high end sub zero service,TAMPA | Lux Search | tCPA 2026,14 Luxury & Built-In (No Brand),"""luxury appliance repair""",Фразовое соответствие (близкий вариант),Не используется,2,0,0.0,0.0,0.0,ок,Целевой запрос по вашему ключу — оставить
21–27.09,viking service,TAMPA | Lux Search | tCPA 2026,"08 Viking | Fridge, Ice, Wine & General","""viking repair near me""",Точное соответствие (близкий вариант),Не используется,1,0,0.0,0.0,0.0,ок,Целевой запрос по вашему ключу — оставить
21–27.09,wolf appliance repair,MIAMI | Lux Search | tCPA 2026,06 Wolf | Oven & General,[wolf appliance repair],Точное соответствие,Добавлено,2,0,0.0,0.0,0.0,ок,Целевой запрос по вашему ключу — оставить
21–27.09,sub zero miami,MIAMI | Lux Search | tCPA 2026,03 Sub-Zero | Repair General,"""sub zero specialist""",Фразовое соответствие (близкий вариант),Не используется,2,0,0.0,0.0,0.0,группа на паузе (справочно),Группа «03 Sub-Zero | Repair General» сейчас на паузе (вы отключили её 28.09) — строка только для истории; вердикт по смыслу запроса был бы «ок»
21–27.09,asko dishwasher repair,MIAMI | Lux Search | tCPA 2026,15 Asko | Repair,[asko dishwasher repair],Точное соответствие,Не используется,1,0,0.0,0.0,0.0,ок,Целевой запрос по вашему ключу — оставить
21–27.09,jenn air dishwasher service,CHICAGO | Lux Search | MaxConv 2026,15 Other Luxury Brands (PAUSED),"""jenn air appliance repair""",Фразовое соответствие (близкий вариант),Не используется,1,0,0.0,0.0,0.0,ок,Целевой запрос по вашему ключу — оставить
21–27.09,fisher & paykel repair near me,CHICAGO | Lux Search | MaxConv 2026,15 Other Luxury Brands (PAUSED),"""fisher paykel repair""",Точное соответствие (близкий вариант),Не используется,1,0,0.0,0.0,0.0,ок,Целевой запрос по вашему ключу — оставить
21–27.09,thermador refrigerator not cooling,CHICAGO | Lux Search | MaxConv 2026,"12 Thermador | Fridge, Dishwasher & General","""thermador refrigerator not cooling""",Точное соответствие,Добавлено,2,0,0.0,0.0,0.0,ок,Целевой запрос по вашему ключу — оставить
21–27.09,subzero service near me,CHICAGO | Lux Search | MaxConv 2026,03 Sub-Zero | Repair General,[sub zero repair],Точное соответствие (близкий вариант),Не используется,1,0,0.0,0.0,0.0,ок,Целевой запрос по вашему ключу — оставить
21–27.09,dacor stove service,CHICAGO | Lux Search | MaxConv 2026,15 Other Luxury Brands (PAUSED),"""dacor repair""",Точное соответствие (близкий вариант),Не используется,1,0,0.0,0.0,0.0,ок,Целевой запрос по вашему ключу — оставить
21–27.09,subzero contact,CHICAGO | Lux Search | MaxConv 2026,03 Sub-Zero | Repair General,"""sub zero service""",Фразовое соответствие (близкий вариант),Не используется,1,0,0.0,0.0,0.0,минус: поддержка производителя,"Ищут горячую линию/гарантию производителя, а не мастера"
21–27.09,fisher paykel oven repair,CHICAGO | Lux Search | MaxConv 2026,15 Other Luxury Brands (PAUSED),"""fisher and paykel repair""",Фразовое соответствие (близкий вариант),Не используется,1,0,0.0,0.0,0.0,ок,Целевой запрос по вашему ключу — оставить
21–27.09,thermador repair chicago,CHICAGO | Lux Search | MaxConv 2026,"12 Thermador | Fridge, Dishwasher & General",[thermador repair chicago],Точное соответствие,Добавлено,2,0,0.0,0.0,0.0,ок,Целевой запрос по вашему ключу — оставить
21–27.09,subzero repairs,CHICAGO | Lux Search | MaxConv 2026,03 Sub-Zero | Repair General,"""sub zero authorized repair""",Точное соответствие (близкий вариант),Не используется,1,0,0.0,0.0,0.0,ок,Целевой запрос по вашему ключу — оставить
21–27.09,wolf range repair service,CHICAGO | Lux Search | MaxConv 2026,"05 Wolf | Range, Cooktop & Grill","""wolf range technician""",Точное соответствие (близкий вариант),Не используется,1,0,0.0,0.0,0.0,ок,Целевой запрос по вашему ключу — оставить
21–27.09,subzero refrigerator repair,CHICAGO | Lux Search | MaxConv 2026,01 Sub-Zero | Fridge & Freezer,"""sub zero built in refrigerator repair""",Точное соответствие (близкий вариант),Не используется,1,0,0.0,0.0,0.0,ок,Целевой запрос по вашему ключу — оставить
21–27.09,dube appliance service,TAMPA | Sub-Zero Only | tCPA 2026,08 SZ | Repair General,"""sub zero repair""",Фразовое соответствие (близкий вариант),Не используется,1,0,0.0,0.0,0.0,кампания на паузе (справочно),Кампания сейчас на паузе — строка только для истории; вердикт по смыслу запроса был бы «минус: конкурент»
21–27.09,sub zero freezer not working,TAMPA | Lux Search | tCPA 2026,01 Sub-Zero | Fridge & Freezer,"""sub zero freezer not working""",Точное соответствие,Добавлено,1,0,0.0,0.0,0.0,группа на паузе (справочно),Группа «01 Sub-Zero | Fridge & Freezer» сейчас на паузе (вы отключили её 28.09) — строка только для истории; вердикт по смыслу запроса был бы «ок»
21–27.09,oven repair service,TAMPA | Lux Search | tCPA 2026,14 Luxury & Built-In (No Brand),"""professional range repair""",Точное соответствие (близкий вариант),Исключено,1,0,0.0,0.0,0.0,минус: общий запрос без люкс-бренда,"Общий запрос про ремонт без люкс-бренда — дешёвые/массовые клиенты, низкая конверсия"
21–27.09,santa rosa beach appliance repair,DESTIN | Lux Search | tCPA 2026,17 Vacation Rentals & Property Managers,"""appliance repair santa rosa beach""",Точное соответствие (близкий вариант),Не используется,8,0,0.0,0.0,0.0,минус: общий запрос без люкс-бренда,"Общий запрос про ремонт без люкс-бренда — дешёвые/массовые клиенты, низкая конверсия"
21–27.09,viking refrigerator repair,MIAMI | Lux Search | tCPA 2026,"08 Viking | Fridge, Ice, Wine & General",[viking refrigerator repair],Точное соответствие,Добавлено,1,0,0.0,0.0,0.0,ок,Целевой запрос по вашему ключу — оставить
21–27.09,miele appliance service near me,MIAMI | Lux Search | tCPA 2026,"10 Miele | Kitchen, Laundry & General","""miele technician""",Точное соответствие (близкий вариант),Не используется,1,0,0.0,0.0,0.0,ок,Целевой запрос по вашему ключу — оставить
21–27.09,dacor appliance repair,MIAMI | Lux Search | tCPA 2026,16 Other Luxury Brands (PAUSED),"""dacor appliance repair""",Точное соответствие,Добавлено,2,0,0.0,0.0,0.0,ок,Целевой запрос по вашему ключу — оставить
21–27.09,asko dishwasher not draining,MIAMI | Lux Search | tCPA 2026,15 Asko | Repair,"""asko dishwasher not draining""",Точное соответствие,Не используется,2,0,0.0,0.0,0.0,ок,Целевой запрос по вашему ключу — оставить
21–27.09,subzero appliance repair near me,CHICAGO | Lux Search | MaxConv 2026,03 Sub-Zero | Repair General,"""sub zero authorized repair""",Точное соответствие (близкий вариант),Не используется,2,0,0.0,0.0,0.0,ок,Целевой запрос по вашему ключу — оставить
21–27.09,wolf appliance repair near me,CHICAGO | Lux Search | MaxConv 2026,06 Wolf | Oven & General,"""wolf authorized repair""",Точное соответствие (близкий вариант),Не используется,1,0,0.0,0.0,0.0,ок,Целевой запрос по вашему ключу — оставить
21–27.09,sub zero refrigerator repair,CHICAGO | Lux Search | MaxConv 2026,01 Sub-Zero | Fridge & Freezer,[sub zero refrigerator repair],Точное соответствие,Добавлено,3,0,0.0,0.0,0.0,ок,Целевой запрос по вашему ключу — оставить
21–27.09,bertazzoni service,CHICAGO | Lux Search | MaxConv 2026,15 Other Luxury Brands (PAUSED),"""bertazzoni repair""",Точное соответствие (близкий вариант),Не используется,2,0,0.0,0.0,0.0,ок,Целевой запрос по вашему ключу — оставить
21–27.09,oven repair near me home service,CHICAGO | Lux Search | MaxConv 2026,14 Luxury & Built-In (No Brand),"""professional range repair""",Фразовое соответствие (близкий вариант),Не используется,6,0,0.0,0.0,0.0,минус: общий запрос без люкс-бренда,"Общий запрос про ремонт без люкс-бренда — дешёвые/массовые клиенты, низкая конверсия"
21–27.09,subzero repair service,MIAMI | Sub-Zero Only | tCPA 2026,08 SZ | Repair General,"""sub zero repair""",Точное соответствие (близкий вариант),Не используется,1,0,0.0,0.0,0.0,кампания на паузе (справочно),Кампания сейчас на паузе — строка только для истории; вердикт по смыслу запроса был бы «ок»
21–27.09,sub zero repair and service,MIAMI | Lux Search | tCPA 2026,01 Sub-Zero | Fridge & Freezer,"""sub zero fridge repair near me""",Точное соответствие (близкий вариант),Не используется,1,0,0.0,0.0,0.0,группа на паузе (справочно),Группа «01 Sub-Zero | Fridge & Freezer» сейчас на паузе (вы отключили её 28.09) — строка только для истории; вердикт по смыслу запроса был бы «ок»
21–27.09,viking stove igniter not working,MIAMI | Lux Search | tCPA 2026,"07 Viking | Range, Cooktop & Oven","""viking range not heating""",Фразовое соответствие (близкий вариант),Не используется,4,0,0.0,0.0,0.0,ок,Целевой запрос по вашему ключу — оставить
21–27.09,subzero appliance repair,TAMPA | Lux Search | tCPA 2026,03 Sub-Zero | Repair General,"""sub zero authorized repair""",Точное соответствие (близкий вариант),Не используется,1,0,0.0,0.0,0.0,группа на паузе (справочно),Группа «03 Sub-Zero | Repair General» сейчас на паузе (вы отключили её 28.09) — строка только для истории; вердикт по смыслу запроса был бы «ок»
21–27.09,subzero service,CHICAGO | Lux Search | MaxConv 2026,03 Sub-Zero | Repair General,"""sub zero authorized repair""",Точное соответствие (близкий вариант),Не используется,1,0,0.0,0.0,0.0,ок,Целевой запрос по вашему ключу — оставить
21–27.09,dacor stove service,CHICAGO | Lux Search | MaxConv 2026,15 Other Luxury Brands (PAUSED),"""dacor range repair""",Точное соответствие (близкий вариант),Не используется,1,0,0.0,0.0,0.0,ок,Целевой запрос по вашему ключу — оставить
21–27.09,thermador dishwasher error codes,CHICAGO | Lux Search | MaxConv 2026,"12 Thermador | Fridge, Dishwasher & General","""thermador dishwasher error""",Фразовое соответствие,Не используется,1,0,0.0,0.0,0.0,"минус/пауза: DIY, коды ошибок, запчасти","Запрос про код ошибки/деталь/самостоятельный ремонт — низкая конверсия, дорогие клики"
21–27.09,sub zero wine fridge repair,MIAMI | Sub-Zero Only | tCPA 2026,05 SZ | Wine Cooler Repair,"""sub zero wine fridge repair""",Точное соответствие,Добавлено,2,0,0.0,0.0,0.0,кампания на паузе (справочно),Кампания сейчас на паузе — строка только для истории; вердикт по смыслу запроса был бы «ок»
21–27.09,sub zero refrigerator repair,MIAMI | Sub-Zero Only | tCPA 2026,01 SZ | Refrigerator Repair,[sub zero refrigerator repair],Точное соответствие,Добавлено,1,0,0.0,0.0,0.0,кампания на паузе (справочно),Кампания сейчас на паузе — строка только для истории; вердикт по смыслу запроса был бы «ок»
21–27.09,sub zero refrigerator problems,MIAMI | Sub-Zero Only | tCPA 2026,02 SZ | Not Cooling,[sub zero fridge not cooling],Точное соответствие (близкий вариант),Не используется,1,0,0.0,0.0,0.0,кампания на паузе (справочно),Кампания сейчас на паузе — строка только для истории; вердикт по смыслу запроса был бы «ок»
21–27.09,jenn air refrigerator repair near me,CHICAGO | Lux Search | MaxConv 2026,15 Other Luxury Brands (PAUSED),"""jenn air appliance repair""",Фразовое соответствие (близкий вариант),Не используется,1,0,0.0,0.0,0.0,ок,Целевой запрос по вашему ключу — оставить
21–27.09,sub zero freezer not making ice,CHICAGO | Lux Search | MaxConv 2026,02 Sub-Zero | Ice Maker & Wine,"""sub zero ice maker not making ice""",Точное соответствие (близкий вариант),Не используется,1,0,0.0,0.0,0.0,ок,Целевой запрос по вашему ключу — оставить
21–27.09,wolf oven repair near me,CHICAGO | Lux Search | MaxConv 2026,06 Wolf | Oven & General,[wolf oven repair],Точное соответствие (близкий вариант),Не используется,1,0,0.0,0.0,0.0,ок,Целевой запрос по вашему ключу — оставить
21–27.09,jennair oven repair,CHICAGO | Lux Search | MaxConv 2026,15 Other Luxury Brands (PAUSED),"""jennair repair""",Точное соответствие (близкий вариант),Не используется,1,0,0.0,0.0,0.0,ок,Целевой запрос по вашему ключу — оставить
21–27.09,sub zero refrigerator not making ice,MIAMI | Lux Search | tCPA 2026,02 Sub-Zero | Ice Maker & Wine,[sub zero ice maker not working],Точное соответствие (близкий вариант),Не используется,1,0,0.0,0.0,0.0,группа на паузе (справочно),Группа «02 Sub-Zero | Ice Maker & Wine» сейчас на паузе (вы отключили её 28.09) — строка только для истории; вердикт по смыслу запроса был бы «ок»
21–27.09,viking refrigerator not cooling,MIAMI | Lux Search | tCPA 2026,"08 Viking | Fridge, Ice, Wine & General","""viking refrigerator not cooling""",Точное соответствие,Добавлено,1,0,0.0,0.0,0.0,ок,Целевой запрос по вашему ключу — оставить
21–27.09,miele dishwasher error code f11,MIAMI | Lux Search | tCPA 2026,09 Miele | Dishwasher,"""miele dishwasher f11""",Точное соответствие (близкий вариант),Не используется,1,0,0.0,0.0,0.0,"минус/пауза: DIY, коды ошибок, запчасти","Запрос про код ошибки/деталь/самостоятельный ремонт — низкая конверсия, дорогие клики"
21–27.09,stove repair,MIAMI | Lux Search | tCPA 2026,14 Luxury & Built-In (No Brand),"""professional range repair""",Точное соответствие (близкий вариант),Исключено,6,0,0.0,0.0,0.0,минус: общий запрос без люкс-бренда,"Общий запрос про ремонт без люкс-бренда — дешёвые/массовые клиенты, низкая конверсия"
21–27.09,monogram appliances service,MIAMI | Lux Search | tCPA 2026,16 Other Luxury Brands (PAUSED),"""monogram appliance repair""",Точное соответствие (близкий вариант),Не используется,2,0,0.0,0.0,0.0,ок,Целевой запрос по вашему ключу — оставить
21–27.09,thermador appliance repair,MIAMI | Lux Search | tCPA 2026,"12 Thermador | Fridge, Dishwasher & General",[thermador appliance repair],Точное соответствие,Добавлено,2,0,0.0,0.0,0.0,ок,Целевой запрос по вашему ключу — оставить
21–27.09,sub zero service near me,CHI-SOUTH | Sub-Zero | tCPA 2026,07 SZ | Repair Near Me,[sub zero service near me],Точное соответствие,Добавлено,1,0,0.0,0.0,0.0,конверсия: уже точный ключ,Запрос с конверсией уже есть точным ключом в этой кампании — оставить
21–27.09,jenn air fridge repairs,MIAMI | Lux Search | tCPA 2026,16 Other Luxury Brands (PAUSED),"""jennair repair""",Фразовое соответствие (близкий вариант),Не используется,1,0,0.0,0.0,0.0,ок,Целевой запрос по вашему ключу — оставить
21–27.09,subzero ice maker not working,MIAMI | Lux Search | tCPA 2026,02 Sub-Zero | Ice Maker & Wine,[sub zero ice maker not working],Точное соответствие (близкий вариант),Не используется,2,0,0.0,0.0,0.0,группа на паузе (справочно),Группа «02 Sub-Zero | Ice Maker & Wine» сейчас на паузе (вы отключили её 28.09) — строка только для истории; вердикт по смыслу запроса был бы «ок»
21–27.09,jenn air repair service near me,TAMPA | Lux Search | tCPA 2026,16 Other Luxury Brands (PAUSED),"""jenn air appliance repair""",Точное соответствие (близкий вариант),Не используется,2,0,0.0,0.0,0.0,ок,Целевой запрос по вашему ключу — оставить
21–27.09,sub zero maintenance near me,TAMPA | Lux Search | tCPA 2026,01 Sub-Zero | Fridge & Freezer,"""sub zero refrigerator service""",Точное соответствие (близкий вариант),Не используется,1,0,0.0,0.0,0.0,группа на паузе (справочно),Группа «01 Sub-Zero | Fridge & Freezer» сейчас на паузе (вы отключили её 28.09) — строка только для истории; вердикт по смыслу запроса был бы «ок»
21–27.09,miele washing machine service near me,CHICAGO | Lux Search | MaxConv 2026,"10 Miele | Kitchen, Laundry & General","""miele appliance repair""",Фразовое соответствие (близкий вариант),Не используется,2,0,0.0,0.0,0.0,ок,Целевой запрос по вашему ключу — оставить
21–27.09,thermador service chicago,CHICAGO | Lux Search | MaxConv 2026,"12 Thermador | Fridge, Dishwasher & General","""thermador appliance repair""",Фразовое соответствие (близкий вариант),Не используется,1,0,0.0,0.0,0.0,ок,Целевой запрос по вашему ключу — оставить
21–27.09,fisher paykel refrigerator repair,CHICAGO | Lux Search | MaxConv 2026,15 Other Luxury Brands (PAUSED),"""fisher and paykel repair""",Фразовое соответствие (близкий вариант),Не используется,1,0,0.0,0.0,0.0,ок,Целевой запрос по вашему ключу — оставить
21–27.09,wolf appliance maintenance,CHICAGO | Lux Search | MaxConv 2026,06 Wolf | Oven & General,"""wolf repair near me""",Точное соответствие (близкий вариант),Не используется,1,0,0.0,0.0,0.0,ок,Целевой запрос по вашему ключу — оставить
21–27.09,thermador dishwasher repair,CHICAGO | Lux Search | MaxConv 2026,"12 Thermador | Fridge, Dishwasher & General",[thermador dishwasher repair],Точное соответствие,Не используется,3,0,0.0,0.0,0.0,ок,Целевой запрос по вашему ключу — оставить
21–27.09,viking authorized repair near me,DESTIN | Lux Search | tCPA 2026,"08 Viking | Fridge, Ice, Wine & General","""viking repair near me""",Точное соответствие (близкий вариант),Не используется,2,0,0.0,0.0,0.0,ок,Целевой запрос по вашему ключу — оставить
21–27.09,sub zero repair miami,MIAMI | Sub-Zero Only | tCPA 2026,08 SZ | Repair General,[sub zero repair miami],Точное соответствие,Добавлено,3,0,0.0,0.0,0.0,кампания на паузе (справочно),Кампания сейчас на паузе — строка только для истории; вердикт по смыслу запроса был бы «ок»
21–27.09,thermador cooktop repair,CHICAGO | Lux Search | MaxConv 2026,"11 Thermador | Range, Cooktop & Oven",[thermador cooktop repair],Точное соответствие,Добавлено,2,0,0.0,0.0,0.0,ок,Целевой запрос по вашему ключу — оставить
21–27.09,subzero icemaker not making ice,CHICAGO | Lux Search | MaxConv 2026,02 Sub-Zero | Ice Maker & Wine,"""sub zero ice maker not making ice""",Точное соответствие (близкий вариант),Не используется,2,0,0.0,0.0,0.0,ок,Целевой запрос по вашему ключу — оставить
21–27.09,water in bottom of miele dishwasher,CHICAGO | Lux Search | MaxConv 2026,09 Miele | Dishwasher,[miele dishwasher not draining],Точное соответствие (близкий вариант),Не используется,1,0,0.0,0.0,0.0,ок,Целевой запрос по вашему ключу — оставить
21–27.09,jenn air refrigerator repair near me,CHICAGO | Lux Search | MaxConv 2026,15 Other Luxury Brands (PAUSED),"""jennair repair""",Фразовое соответствие (близкий вариант),Не используется,1,0,0.0,0.0,0.0,ок,Целевой запрос по вашему ключу — оставить
21–27.09,asko dishwasher start button not working,TAMPA | Lux Search | tCPA 2026,15 Asko | Repair,"""asko dishwasher not starting""",Точное соответствие (близкий вариант),Не используется,2,0,0.0,0.0,0.0,ок,Целевой запрос по вашему ключу — оставить
21–27.09,miele services,TAMPA | Lux Search | tCPA 2026,"10 Miele | Kitchen, Laundry & General",[miele appliance repair],Точное соответствие (близкий вариант),Не используется,2,0,0.0,0.0,0.0,ок,Целевой запрос по вашему ключу — оставить
21–27.09,highend service,TAMPA | Sub-Zero Only | tCPA 2026,08 SZ | Repair General,"""sub zero appliance repair""",Фразовое соответствие (близкий вариант),Не используется,1,0,0.0,0.0,0.0,кампания на паузе (справочно),Кампания сейчас на паузе — строка только для истории; вердикт по смыслу запроса был бы «минус: конкурент»
21–27.09,sub zero fridge maintenance,CHI-INDIANA | Sub-Zero | tCPA 2026,09 SZ | Service & Maintenance,"""sub zero refrigerator maintenance""",Точное соответствие (близкий вариант),Не используется,1,0,0.0,0.0,0.0,ок,Целевой запрос по вашему ключу — оставить
21–27.09,certified wolf appliance repair near me,CHI-CITY | Sub-Zero | tCPA 2026,08 SZ | Repair General,"""sub-zero repair""",Фразовое соответствие (близкий вариант),Не используется,1,0,0.0,0.0,0.0,ок,Целевой запрос по вашему ключу — оставить
21–27.09,viking grill repair,DESTIN | Lux Search | tCPA 2026,"08 Viking | Fridge, Ice, Wine & General","""viking appliance repair""",Фразовое соответствие (близкий вариант),Не используется,2,0,0.0,0.0,0.0,ок,Целевой запрос по вашему ключу — оставить
21–27.09,service central sub zero,MIAMI | Sub-Zero Only | tCPA 2026,09 SZ | Service & Maintenance,"""sub zero service""",Фразовое соответствие,Не используется,1,0,0.0,0.0,0.0,кампания на паузе (справочно),Кампания сейчас на паузе — строка только для истории; вердикт по смыслу запроса был бы «ок»
21–27.09,ge monogram stove top repair,CHICAGO | Lux Search | MaxConv 2026,15 Other Luxury Brands (PAUSED),"""monogram appliance repair""",Фразовое соответствие (близкий вариант),Не используется,1,0,0.0,0.0,0.0,ок,Целевой запрос по вашему ключу — оставить
21–27.09,wolf oven knob not working,CHICAGO | Lux Search | MaxConv 2026,06 Wolf | Oven & General,"""wolf oven not working""",Фразовое соответствие,Не используется,2,0,0.0,0.0,0.0,ок,Целевой запрос по вашему ключу — оставить
21–27.09,sub zero appliance repair near me,CHICAGO | Lux Search | MaxConv 2026,03 Sub-Zero | Repair General,[sub zero appliance repair],Точное соответствие (близкий вариант),Не используется,1,0,0.0,0.0,0.0,ок,Целевой запрос по вашему ключу — оставить
21–27.09,subzero refrigerator repair,CHICAGO | Lux Search | MaxConv 2026,01 Sub-Zero | Fridge & Freezer,[sub zero refrigerator repair],Точное соответствие (близкий вариант),Не используется,1,0,0.0,0.0,0.0,ок,Целевой запрос по вашему ключу — оставить
21–27.09,wolf electric oven not heating up,CHICAGO | Lux Search | MaxConv 2026,"05 Wolf | Range, Cooktop & Grill","""wolf range not heating""",Точное соответствие (близкий вариант),Не используется,1,0,0.0,0.0,0.0,ок,Целевой запрос по вашему ключу — оставить
21–27.09,viking stove service near me,CHICAGO | Lux Search | MaxConv 2026,"08 Viking | Fridge, Ice, Wine & General","""viking repair near me""",Точное соответствие (близкий вариант),Не используется,1,0,0.0,0.0,0.0,ок,Целевой запрос по вашему ключу — оставить
21–27.09,sub zero maintenance near me,TAMPA | Lux Search | tCPA 2026,03 Sub-Zero | Repair General,"""sub zero repair""",Точное соответствие (близкий вариант),Не используется,1,0,0.0,0.0,0.0,группа на паузе (справочно),Группа «03 Sub-Zero | Repair General» сейчас на паузе (вы отключили её 28.09) — строка только для истории; вердикт по смыслу запроса был бы «ок»
21–27.09,miele service repair,TAMPA | Lux Search | tCPA 2026,"10 Miele | Kitchen, Laundry & General",[miele appliance repair],Точное соответствие (близкий вариант),Не используется,2,0,0.0,0.0,0.0,ок,Целевой запрос по вашему ключу — оставить
21–27.09,high end sub zero service,TAMPA | Lux Search | tCPA 2026,03 Sub-Zero | Repair General,[sub zero service],Точное соответствие (близкий вариант),Не используется,2,0,0.0,0.0,0.0,группа на паузе (справочно),Группа «03 Sub-Zero | Repair General» сейчас на паузе (вы отключили её 28.09) — строка только для истории; вердикт по смыслу запроса был бы «ок»
21–27.09,sub zero refrigerator repair miami beach,MIAMI | Sub-Zero Only | tCPA 2026,08 SZ | Repair General,"""repair sub zero refrigerator""",Фразовое соответствие,Не используется,2,0,0.0,0.0,0.0,кампания на паузе (справочно),Кампания сейчас на паузе — строка только для истории; вердикт по смыслу запроса был бы «ок»
21–27.09,sub zero service,CHICAGO | Lux Search | MaxConv 2026,03 Sub-Zero | Repair General,[sub zero service],Точное соответствие,Добавлено,2,0,0.0,0.0,0.0,ок,Целевой запрос по вашему ключу — оставить
21–27.09,fisher paykel refrigerator repair,CHICAGO | Lux Search | MaxConv 2026,15 Other Luxury Brands (PAUSED),"""fisher paykel repair""",Фразовое соответствие,Не используется,1,0,0.0,0.0,0.0,ок,Целевой запрос по вашему ключу — оставить
21–27.09,fisher paykel oven repair,CHICAGO | Lux Search | MaxConv 2026,15 Other Luxury Brands (PAUSED),"""fisher paykel repair""",Фразовое соответствие,Не используется,1,0,0.0,0.0,0.0,ок,Целевой запрос по вашему ключу — оставить
21–27.09,asko repair near me,CHICAGO | Lux Search | MaxConv 2026,15 Other Luxury Brands (PAUSED),"""asko appliance repair""",Точное соответствие (близкий вариант),Не используется,4,0,0.0,0.0,0.0,ок,Целевой запрос по вашему ключу — оставить
21–27.09,dacor warming drawer repair,CHICAGO | Lux Search | MaxConv 2026,15 Other Luxury Brands (PAUSED),"""dacor range repair""",Фразовое соответствие (близкий вариант),Не используется,1,0,0.0,0.0,0.0,ок,Целевой запрос по вашему ключу — оставить
21–27.09,jennair refrigerator repair,CHICAGO | Lux Search | MaxConv 2026,15 Other Luxury Brands (PAUSED),"""jennair repair""",Фразовое соответствие,Не используется,1,0,0.0,0.0,0.0,ок,Целевой запрос по вашему ключу — оставить
21–27.09,oven repairs,CHICAGO | Lux Search | MaxConv 2026,14 Luxury & Built-In (No Brand),"""professional range repair""",Точное соответствие (близкий вариант),Исключено,2,0,0.0,0.0,0.0,минус: общий запрос без люкс-бренда,"Общий запрос про ремонт без люкс-бренда — дешёвые/массовые клиенты, низкая конверсия"
21–27.09,viking oven repair chicago,CHICAGO | Lux Search | MaxConv 2026,"07 Viking | Range, Cooktop & Oven","""viking oven repair chicago""",Точное соответствие,Добавлено,4,0,0.0,0.0,0.0,ок,Целевой запрос по вашему ключу — оставить
21–27.09,miele coffee machine repair near me,CHICAGO | Lux Search | MaxConv 2026,"10 Miele | Kitchen, Laundry & General","""miele coffee maker repair""",Точное соответствие (близкий вариант),Не используется,1,0,0.0,0.0,0.0,ок,Целевой запрос по вашему ключу — оставить
21–27.09,dacor tech support,CHICAGO | Lux Search | MaxConv 2026,15 Other Luxury Brands (PAUSED),"""dacor repair""",Фразовое соответствие (близкий вариант),Не используется,2,0,0.0,0.0,0.0,минус: поддержка производителя,"Ищут горячую линию/гарантию производителя, а не мастера"
21–27.09,ge monogram repair,TAMPA | Lux Search | tCPA 2026,16 Other Luxury Brands (PAUSED),"""monogram appliance repair""",Точное соответствие (близкий вариант),Не используется,4,0,0.0,0.0,0.0,ок,Целевой запрос по вашему ключу — оставить
21–27.09,thermador oven repair near me,CHICAGO | Lux Search | MaxConv 2026,"12 Thermador | Fridge, Dishwasher & General",[thermador repair],Точное соответствие (близкий вариант),Не используется,3,0,0.0,0.0,0.0,ок,Целевой запрос по вашему ключу — оставить
21–27.09,ge oven repairs,CHICAGO | Lux Search | MaxConv 2026,14 Luxury & Built-In (No Brand),"""professional range repair""",Фразовое соответствие (близкий вариант),Не используется,2,0,0.0,0.0,0.0,минус: массовый бренд,"Массовый бренд «ge oven» — не ваша аудитория, добавить минус-словом"
21–27.09,sub zero ice maker not making ice,TAMPA | Lux Search | tCPA 2026,02 Sub-Zero | Ice Maker & Wine,"""sub zero ice maker not making ice""",Точное соответствие,Добавлено,1,0,0.0,0.0,0.0,группа на паузе (справочно),Группа «02 Sub-Zero | Ice Maker & Wine» сейчас на паузе (вы отключили её 28.09) — строка только для истории; вердикт по смыслу запроса был бы «ок»
21–27.09,subzero freezer making noise,MIAMI | Sub-Zero Only | tCPA 2026,01 SZ | Refrigerator Repair,"""sub zero refrigerator making noise""",Точное соответствие (близкий вариант),Не используется,1,0,0.0,0.0,0.0,кампания на паузе (справочно),Кампания сейчас на паузе — строка только для истории; вердикт по смыслу запроса был бы «ок»
21–27.09,high end appliance repair,MIAMI | Lux Search | tCPA 2026,14 Luxury & Built-In (No Brand),[high end appliance repair],Точное соответствие,Добавлено,7,0,0.0,0.0,0.0,конверсия: уже точный ключ,Запрос с конверсией уже есть точным ключом в этой кампании — оставить
21–27.09,high end appliances repair,MIAMI | Lux Search | tCPA 2026,14 Luxury & Built-In (No Brand),[high end appliance repair],Точное соответствие (близкий вариант),Не используется,1,0,0.0,0.0,0.0,ок,Целевой запрос по вашему ключу — оставить
21–27.09,miele dishwasher not filling with water,CHICAGO | Lux Search | MaxConv 2026,09 Miele | Dishwasher,"""miele dishwasher error""",Фразовое соответствие (близкий вариант),Не используется,2,0,0.0,0.0,0.0,ок,Целевой запрос по вашему ключу — оставить
21–27.09,miele technician near me,CHICAGO | Lux Search | MaxConv 2026,"10 Miele | Kitchen, Laundry & General",[miele appliance repair],Точное соответствие (близкий вариант),Не используется,1,0,0.0,0.0,0.0,конверсия: добавить точным,"Запрос принёс конверсию в другой кампании (см. строки с конверсией) — закрепить точным и здесь, если кампания активна"
21–27.09,sub zero repair services,CHICAGO | Lux Search | MaxConv 2026,03 Sub-Zero | Repair General,"""sub zero repairman""",Фразовое соответствие (близкий вариант),Не используется,2,0,0.0,0.0,0.0,ок,Целевой запрос по вашему ключу — оставить
21–27.09,true refrigerator repair,CHICAGO | Lux Search | MaxConv 2026,15 Other Luxury Brands (PAUSED),"""true residential refrigerator repair""",Фразовое соответствие (близкий вариант),Не используется,2,0,0.0,0.0,0.0,ок,Целевой запрос по вашему ключу — оставить
21–27.09,viking repair service,CHICAGO | Lux Search | MaxConv 2026,"08 Viking | Fridge, Ice, Wine & General","""viking appliance technician""",Точное соответствие (близкий вариант),Не используется,1,0,0.0,0.0,0.0,ок,Целевой запрос по вашему ключу — оставить
21–27.09,miele service repair,CHICAGO | Lux Search | MaxConv 2026,"10 Miele | Kitchen, Laundry & General",[miele repair],Точное соответствие (близкий вариант),Не используется,2,0,0.0,0.0,0.0,ок,Целевой запрос по вашему ключу — оставить
21–27.09,miele service near me,TAMPA | Lux Search | tCPA 2026,"10 Miele | Kitchen, Laundry & General",[miele appliance repair],Точное соответствие (близкий вариант),Не используется,1,0,0.0,0.0,0.0,ок,Целевой запрос по вашему ключу — оставить
21–27.09,f11 miele dishwasher error,TAMPA | Lux Search | tCPA 2026,09 Miele | Dishwasher,"""miele dishwasher f11""",Точное соответствие (близкий вариант),Не используется,1,0,0.0,0.0,0.0,"минус/пауза: DIY, коды ошибок, запчасти","Запрос про код ошибки/деталь/самостоятельный ремонт — низкая конверсия, дорогие клики"
21–27.09,fulgor milano repair near me,MIAMI | Lux Search | tCPA 2026,14 Luxury & Built-In (No Brand),"""high end appliance technician""",Фразовое соответствие (близкий вариант),Не используется,2,0,0.0,0.0,0.0,минус: массовый бренд,"Массовый бренд «fulgor» — не ваша аудитория, добавить минус-словом"
21–27.09,viking oven repair near me,MIAMI | Lux Search | tCPA 2026,"08 Viking | Fridge, Ice, Wine & General","""viking repair near me""",Точное соответствие (близкий вариант),Не используется,2,0,0.0,0.0,0.0,конверсия: добавить точным,"Запрос принёс конверсию в другой кампании (см. строки с конверсией) — закрепить точным и здесь, если кампания активна"
21–27.09,ge monogram service,MIAMI | Lux Search | tCPA 2026,16 Other Luxury Brands (PAUSED),"""monogram appliance repair""",Точное соответствие (близкий вариант),Не используется,1,0,0.0,0.0,0.0,ок,Целевой запрос по вашему ключу — оставить
21–27.09,intake drain light on miele dishwasher,MIAMI | Lux Search | tCPA 2026,09 Miele | Dishwasher,"""miele dishwasher not draining""",Фразовое соответствие (близкий вариант),Не используется,1,0,0.0,0.0,0.0,ок,Целевой запрос по вашему ключу — оставить
21–27.09,fulgor milano repair,MIAMI | Lux Search | tCPA 2026,14 Luxury & Built-In (No Brand),"""luxury appliance repair""",Фразовое соответствие (близкий вариант),Не используется,1,0,0.0,0.0,0.0,минус: массовый бренд,"Массовый бренд «fulgor» — не ваша аудитория, добавить минус-словом"
21–27.09,cove appliance repair,TAMPA | Sub-Zero Only | tCPA 2026,10 SZ | Certified & Authorized,"""sub zero authorized technician""",Фразовое соответствие (близкий вариант),Не используется,2,0,0.0,0.0,0.0,кампания на паузе (справочно),Кампания сейчас на паузе — строка только для истории; вердикт по смыслу запроса был бы «ок»
21–27.09,viking appliance repair chicago,CHICAGO | Lux Search | MaxConv 2026,"08 Viking | Fridge, Ice, Wine & General",[viking appliance repair chicago],Точное соответствие,Добавлено,6,0,0.0,0.0,0.0,ок,Целевой запрос по вашему ключу — оставить
21–27.09,asko dishwasher repair near me,CHICAGO | Lux Search | MaxConv 2026,15 Other Luxury Brands (PAUSED),"""asko appliance repair""",Фразовое соответствие (близкий вариант),Не используется,1,0,0.0,0.0,0.0,ок,Целевой запрос по вашему ключу — оставить
21–27.09,wolf oven troubleshooting guide,CHICAGO | Lux Search | MaxConv 2026,06 Wolf | Oven & General,"""wolf oven not working""",Точное соответствие (близкий вариант),Не используется,1,0,0.0,0.0,0.0,"минус/пауза: DIY, коды ошибок, запчасти","Запрос про код ошибки/деталь/самостоятельный ремонт — низкая конверсия, дорогие клики"
21–27.09,thermador repair near me,CHICAGO | Lux Search | MaxConv 2026,"12 Thermador | Fridge, Dishwasher & General","""thermador repair near me""",Точное соответствие,Добавлено,6,0,0.0,0.0,0.0,ок,Целевой запрос по вашему ключу — оставить
21–27.09,subzero repair chicago,CHICAGO | Lux Search | MaxConv 2026,03 Sub-Zero | Repair General,"""sub zero authorized repair""",Фразовое соответствие (близкий вариант),Не используется,1,0,0.0,0.0,0.0,ок,Целевой запрос по вашему ключу — оставить
21–27.09,subzero service,CHICAGO | Lux Search | MaxConv 2026,03 Sub-Zero | Repair General,"""sub zero authorized service""",Точное соответствие (близкий вариант),Не используется,1,0,0.0,0.0,0.0,ок,Целевой запрос по вашему ключу — оставить
21–27.09,jenn air service number,TAMPA | Lux Search | tCPA 2026,16 Other Luxury Brands (PAUSED),"""jenn air appliance repair""",Фразовое соответствие (близкий вариант),Не используется,1,0,0.0,0.0,0.0,минус: поддержка производителя,"Ищут горячую линию/гарантию производителя, а не мастера"
21–27.09,cove appliance repair,TAMPA | Lux Search | tCPA 2026,06 Wolf | Oven & General,"""wolf appliance service""",Фразовое соответствие (близкий вариант),Не используется,2,0,0.0,0.0,0.0,ок,Целевой запрос по вашему ключу — оставить
21–27.09,miele repair service,MIAMI | Lux Search | tCPA 2026,"10 Miele | Kitchen, Laundry & General","""miele repair near me""",Точное соответствие (близкий вариант),Не используется,1,0,0.0,0.0,0.0,ок,Целевой запрос по вашему ключу — оставить
21–27.09,wolf appliance repair miami,MIAMI | Lux Search | tCPA 2026,06 Wolf | Oven & General,[wolf appliance repair miami],Точное соответствие,Добавлено,2,0,0.0,0.0,0.0,ок,Целевой запрос по вашему ключу — оставить
21–27.09,sub zero refrigerator repair,DESTIN | Lux Search | tCPA 2026,01 Sub-Zero | Fridge & Freezer,[sub zero refrigerator repair],Точное соответствие,Добавлено,2,0,0.0,0.0,0.0,ок,Целевой запрос по вашему ключу — оставить
21–27.09,asko repair service near me,MIAMI | Lux Search | tCPA 2026,15 Asko | Repair,[asko repair],Точное соответствие (близкий вариант),Не используется,1,0,0.0,0.0,0.0,ок,Целевой запрос по вашему ключу — оставить
21–27.09,jenn air appliance repair,MIAMI | Lux Search | tCPA 2026,16 Other Luxury Brands (PAUSED),"""jenn air appliance repair""",Точное соответствие,Добавлено,2,0,0.0,0.0,0.0,ок,Целевой запрос по вашему ключу — оставить
21–27.09,sub zero appliance service near me,CHICAGO | Lux Search | MaxConv 2026,03 Sub-Zero | Repair General,"""sub zero authorized repair""",Точное соответствие (близкий вариант),Не используется,1,0,0.0,0.0,0.0,ок,Целевой запрос по вашему ключу — оставить
21–27.09,subzero refrigerator repair near me,CHICAGO | Lux Search | MaxConv 2026,01 Sub-Zero | Fridge & Freezer,[sub zero refrigerator repair],Точное соответствие (близкий вариант),Не используется,1,0,0.0,0.0,0.0,конверсия: добавить точным,"Запрос принёс конверсию в другой кампании (см. строки с конверсией) — закрепить точным и здесь, если кампания активна"
21–27.09,sub zero repair services,CHICAGO | Lux Search | MaxConv 2026,01 Sub-Zero | Fridge & Freezer,"""sub zero fridge repair""",Фразовое соответствие (близкий вариант),Не используется,1,0,0.0,0.0,0.0,ок,Целевой запрос по вашему ключу — оставить
21–27.09,miele repair near me,CHICAGO | Lux Search | MaxConv 2026,"10 Miele | Kitchen, Laundry & General","""miele repair near me""",Точное соответствие,Добавлено,2,0,0.0,0.0,0.0,ок,Целевой запрос по вашему ключу — оставить
21–27.09,repair sub zero refrigerator,CHICAGO | Lux Search | MaxConv 2026,03 Sub-Zero | Repair General,[sub zero appliance repair],Точное соответствие (близкий вариант),Не используется,1,0,0.0,0.0,0.0,ок,Целевой запрос по вашему ключу — оставить
21–27.09,repair subzero,CHICAGO | Lux Search | MaxConv 2026,03 Sub-Zero | Repair General,[sub zero repair],Точное соответствие (близкий вариант),Не используется,1,0,0.0,0.0,0.0,ок,Целевой запрос по вашему ключу — оставить
21–27.09,sub zero compressor replacement cost,CHICAGO | Lux Search | MaxConv 2026,01 Sub-Zero | Fridge & Freezer,"""sub zero compressor repair""",Фразовое соответствие (близкий вариант),Не используется,1,0,0.0,0.0,0.0,"минус/пауза: DIY, коды ошибок, запчасти","Запрос про код ошибки/деталь/самостоятельный ремонт — низкая конверсия, дорогие клики"
21–27.09,fisher and paykel repairs,TAMPA | Lux Search | tCPA 2026,16 Other Luxury Brands (PAUSED),"""fisher and paykel repair""",Точное соответствие (близкий вариант),Не используется,2,0,0.0,0.0,0.0,ок,Целевой запрос по вашему ключу — оставить
21–27.09,fisher paykel appliance repair,DESTIN | Lux Search | tCPA 2026,16 Other Luxury Brands,"""fisher and paykel repair""",Точное соответствие (близкий вариант),Не используется,2,0,0.0,0.0,0.0,ок,Целевой запрос по вашему ключу — оставить
21–27.09,oven repair near me,CHICAGO | Lux Search | MaxConv 2026,14 Luxury & Built-In (No Brand),"""professional range repair""",Точное соответствие (близкий вариант),Исключено,2,0,0.0,0.0,0.0,минус: общий запрос без люкс-бренда,"Общий запрос про ремонт без люкс-бренда — дешёвые/массовые клиенты, низкая конверсия"
21–27.09,f14 error miele dishwasher,CHICAGO | Lux Search | MaxConv 2026,09 Miele | Dishwasher,"""miele dishwasher f14""",Точное соответствие (близкий вариант),Не используется,1,0,0.0,0.0,0.0,"минус/пауза: DIY, коды ошибок, запчасти","Запрос про код ошибки/деталь/самостоятельный ремонт — низкая конверсия, дорогие клики"
21–27.09,refrigerator ice maker repair near me,TAMPA | Lux Search | tCPA 2026,14 Luxury & Built-In (No Brand),"""built in ice maker repair""",Фразовое соответствие (близкий вариант),Не используется,1,0,0.0,0.0,0.0,минус: общий запрос без люкс-бренда,"Общий запрос про ремонт без люкс-бренда — дешёвые/массовые клиенты, низкая конверсия"
21–27.09,thermador repair,CHICAGO | Lux Search | MaxConv 2026,"12 Thermador | Fridge, Dishwasher & General",[thermador repair],Точное соответствие,Добавлено,9,0,0.0,0.0,0.0,ок,Целевой запрос по вашему ключу — оставить
21–27.09,dcs stove repair,CHICAGO | Lux Search | MaxConv 2026,15 Other Luxury Brands (PAUSED),"""dcs range repair""",Точное соответствие (близкий вариант),Не используется,2,0,0.0,0.0,0.0,ок,Целевой запрос по вашему ключу — оставить
21–27.09,sub zero freezer repair near me,CHICAGO | Sterling Lux | Exact-Only 2026,Sub-Zero | Freezer,[sub-zero freezer repair near me],Точное соответствие,Добавлено,1,0,0.0,0.0,0.0,кампания на паузе (справочно),Кампания сейчас на паузе — строка только для истории; вердикт по смыслу запроса был бы «ок»
21–27.09,wolf appliance repair,CHICAGO | Lux Search | MaxConv 2026,06 Wolf | Oven & General,[wolf appliance repair],Точное соответствие,Добавлено,6,0,0.0,0.0,0.0,ок,Целевой запрос по вашему ключу — оставить
21–27.09,sub zero repair and service,MIAMI | Lux Search | tCPA 2026,03 Sub-Zero | Repair General,[sub zero appliance repair],Точное соответствие (близкий вариант),Не используется,1,0,0.0,0.0,0.0,группа на паузе (справочно),Группа «03 Sub-Zero | Repair General» сейчас на паузе (вы отключили её 28.09) — строка только для истории; вердикт по смыслу запроса был бы «ок»
21–27.09,high end services,MIAMI | Lux Search | tCPA 2026,14 Luxury & Built-In (No Brand),"""high end appliance repair""",Фразовое соответствие (близкий вариант),Исключено,1,0,0.0,0.0,0.0,ок,Целевой запрос по вашему ключу — оставить
21–27.09,liebherr refrigerator service,MIAMI | Lux Search | tCPA 2026,16 Other Luxury Brands (PAUSED),"""liebherr refrigerator repair""",Точное соответствие (близкий вариант),Не используется,2,0,0.0,0.0,0.0,ок,Целевой запрос по вашему ключу — оставить
21–27.09,sub zero refrigerator repair,TAMPA | Lux Search | tCPA 2026,01 Sub-Zero | Fridge & Freezer,[sub zero refrigerator repair],Точное соответствие,Добавлено,2,0,0.0,0.0,0.0,группа на паузе (справочно),Группа «01 Sub-Zero | Fridge & Freezer» сейчас на паузе (вы отключили её 28.09) — строка только для истории; вердикт по смыслу запроса был бы «ок»
21–27.09,bosch ice maker repair,TAMPA | Lux Search | tCPA 2026,14 Luxury & Built-In (No Brand),"""built in ice maker repair""",Фразовое соответствие (близкий вариант),Не используется,1,0,0.0,0.0,0.0,минус: массовый бренд,"Массовый бренд «bosch» — не ваша аудитория, добавить минус-словом"
21–27.09,viking refrigerator repair near me,CHICAGO | Lux Search | MaxConv 2026,"08 Viking | Fridge, Ice, Wine & General",[viking refrigerator repair],Точное соответствие (близкий вариант),Не используется,1,0,0.0,0.0,0.0,ок,Целевой запрос по вашему ключу — оставить
21–27.09,viking refrigerator not making ice,CHICAGO | Lux Search | MaxConv 2026,"08 Viking | Fridge, Ice, Wine & General","""viking ice maker not working""",Точное соответствие (близкий вариант),Не используется,1,0,0.0,0.0,0.0,ок,Целевой запрос по вашему ключу — оставить
21–27.09,wolf oven cleaning service,CHICAGO | Lux Search | MaxConv 2026,"05 Wolf | Range, Cooktop & Grill","""wolf range service""",Фразовое соответствие (близкий вариант),Не используется,1,0,0.0,0.0,0.0,ок,Целевой запрос по вашему ключу — оставить
21–27.09,thermador oven error code f 34,CHICAGO | Lux Search | MaxConv 2026,"11 Thermador | Range, Cooktop & Oven","""thermador oven error code""",Фразовое соответствие,Не используется,2,0,0.0,0.0,0.0,"минус/пауза: DIY, коды ошибок, запчасти","Запрос про код ошибки/деталь/самостоятельный ремонт — низкая конверсия, дорогие клики"
21–27.09,asko dishwasher service,CHICAGO | Lux Search | MaxConv 2026,15 Other Luxury Brands (PAUSED),"""asko dishwasher repair""",Точное соответствие (близкий вариант),Не используется,1,0,0.0,0.0,0.0,ок,Целевой запрос по вашему ключу — оставить
21–27.09,scotsman ice machine tech support,TAMPA | Lux Search | tCPA 2026,16 Other Luxury Brands (PAUSED),"""scotsman ice maker repair""",Фразовое соответствие (близкий вариант),Не используется,3,0,0.0,0.0,0.0,минус: поддержка производителя,"Ищут горячую линию/гарантию производителя, а не мастера"
21–27.09,jenn air grill repair near me,TAMPA | Lux Search | tCPA 2026,16 Other Luxury Brands (PAUSED),"""jennair repair""",Фразовое соответствие (близкий вариант),Не используется,3,0,0.0,0.0,0.0,ок,Целевой запрос по вашему ключу — оставить
21–27.09,my sub zero refrigerator is not cold enough,MIAMI | Sub-Zero Only | tCPA 2026,02 SZ | Not Cooling,[sub zero fridge not cooling],Точное соответствие (близкий вариант),Не используется,1,0,0.0,0.0,0.0,кампания на паузе (справочно),Кампания сейчас на паузе — строка только для истории; вердикт по смыслу запроса был бы «ок»
21–27.09,wolf stove igniter not working,CHICAGO | Lux Search | MaxConv 2026,"05 Wolf | Range, Cooktop & Grill","""wolf burner not lighting""",Точное соответствие (близкий вариант),Не используется,1,0,0.0,0.0,0.0,ок,Целевой запрос по вашему ключу — оставить
21–27.09,wolf appliance repair near me,CHICAGO | Lux Search | MaxConv 2026,"05 Wolf | Range, Cooktop & Grill","""wolf range service""",Фразовое соответствие (близкий вариант),Не используется,2,0,0.0,0.0,0.0,ок,Целевой запрос по вашему ключу — оставить
21–27.09,thermador appliance repair near me,CHICAGO | Lux Search | MaxConv 2026,"12 Thermador | Fridge, Dishwasher & General",[thermador repair],Точное соответствие (близкий вариант),Не используется,1,0,0.0,0.0,0.0,ок,Целевой запрос по вашему ключу — оставить
21–27.09,miele repair,CHICAGO | Lux Search | MaxConv 2026,"10 Miele | Kitchen, Laundry & General",[miele repair],Точное соответствие,Добавлено,2,0,0.0,0.0,0.0,ок,Целевой запрос по вашему ключу — оставить
21–27.09,miele dishwasher fault 78,CHICAGO | Lux Search | MaxConv 2026,09 Miele | Dishwasher,"""miele dishwasher error""",Фразовое соответствие (близкий вариант),Не используется,1,0,0.0,0.0,0.0,"минус/пауза: DIY, коды ошибок, запчасти","Запрос про код ошибки/деталь/самостоятельный ремонт — низкая конверсия, дорогие клики"
21–27.09,asko service,TAMPA | Lux Search | tCPA 2026,15 Asko | Repair,"""asko appliance repair""",Точное соответствие (близкий вариант),Не используется,2,0,0.0,0.0,0.0,ок,Целевой запрос по вашему ключу — оставить
21–27.09,wolf igniter replacement,TAMPA | Lux Search | tCPA 2026,"05 Wolf | Range, Cooktop & Grill","""wolf igniter repair""",Фразовое соответствие (близкий вариант),Не используется,2,0,0.0,0.0,0.0,ок,Целевой запрос по вашему ключу — оставить
21–27.09,miele washing machine repair service,TAMPA | Lux Search | tCPA 2026,"10 Miele | Kitchen, Laundry & General",[miele washer repair],Точное соответствие (близкий вариант),Не используется,2,0,0.0,0.0,0.0,ок,Целевой запрос по вашему ключу — оставить
21–27.09,gantt appliance charlotte nc,TAMPA | Sub-Zero Only | tCPA 2026,08 SZ | Repair General,"""sub zero appliance repair""",Фразовое соответствие (близкий вариант),Не используется,1,0,0.0,0.0,0.0,кампания на паузе (справочно),Кампания сейчас на паузе — строка только для истории; вердикт по смыслу запроса был бы «минус: конкурент»
21–27.09,c&w appliance service,TAMPA | Sub-Zero Only | tCPA 2026,08 SZ | Repair General,"""sub zero appliance repair""",Фразовое соответствие (близкий вариант),Не используется,1,0,0.0,0.0,0.0,кампания на паузе (справочно),Кампания сейчас на паузе — строка только для истории; вердикт по смыслу запроса был бы «минус: конкурент»
21–27.09,315ip,TAMPA | Sub-Zero Only | tCPA 2026,04 SZ | Ice Maker Repair,"""sub zero ice maker replacement""",Фразовое соответствие (близкий вариант),Не используется,2,0,0.0,0.0,0.0,кампания на паузе (справочно),"Кампания сейчас на паузе — строка только для истории; вердикт по смыслу запроса был бы «минус/пауза: DIY, коды ошибок, запчасти»"
21–27.09,jenn air fridge repairs,MIAMI | Lux Search | tCPA 2026,16 Other Luxury Brands (PAUSED),"""jenn air appliance repair""",Фразовое соответствие (близкий вариант),Не используется,1,0,0.0,0.0,0.0,ок,Целевой запрос по вашему ключу — оставить
21–27.09,smeg refrigerator repair,MIAMI | Lux Search | tCPA 2026,14 Luxury & Built-In (No Brand),"""high end appliance repair""",Фразовое соответствие (близкий вариант),Не используется,2,0,0.0,0.0,0.0,минус: массовый бренд,"Массовый бренд «smeg» — не ваша аудитория, добавить минус-словом"
21–27.09,jenn air refrigerator repair,TAMPA | Lux Search | tCPA 2026,16 Other Luxury Brands (PAUSED),"""jennair repair""",Фразовое соответствие (близкий вариант),Не используется,1,0,0.0,0.0,0.0,ок,Целевой запрос по вашему ключу — оставить
21–27.09,sub zero freezer making noise,TAMPA | Lux Search | tCPA 2026,01 Sub-Zero | Fridge & Freezer,"""sub zero refrigerator making noise""",Точное соответствие (близкий вариант),Не используется,1,0,0.0,0.0,0.0,группа на паузе (справочно),Группа «01 Sub-Zero | Fridge & Freezer» сейчас на паузе (вы отключили её 28.09) — строка только для истории; вердикт по смыслу запроса был бы «ок»
21–27.09,dacor grill repair,CHICAGO | Lux Search | MaxConv 2026,15 Other Luxury Brands (PAUSED),"""dacor repair""",Фразовое соответствие,Не используется,1,0,0.0,0.0,0.0,ок,Целевой запрос по вашему ключу — оставить
21–27.09,dacor repair near me,CHICAGO | Lux Search | MaxConv 2026,15 Other Luxury Brands (PAUSED),"""dacor repair""",Точное соответствие (близкий вариант),Не используется,2,0,0.0,0.0,0.0,ок,Целевой запрос по вашему ключу — оставить
21–27.09,asko dishwasher repair near me,CHICAGO | Lux Search | MaxConv 2026,15 Other Luxury Brands (PAUSED),"""asko dishwasher repair""",Точное соответствие (близкий вариант),Не используется,2,0,0.0,0.0,0.0,ок,Целевой запрос по вашему ключу — оставить
28.09,thermador range service,TAMPA | Lux Search | tCPA 2026,"11 Thermador | Range, Cooktop & Oven","""thermador range service""",Точное соответствие,Добавлено,2,0,0.0,0.0,0.0,ок,Целевой запрос по вашему ключу — оставить
28.09,thermador repair chicago il,CHICAGO | Lux Search | MaxConv 2026,"11 Thermador | Range, Cooktop & Oven","""thermador range service""",Фразовое соответствие (близкий вариант),Не используется,2,0,0.0,0.0,0.0,ок,Целевой запрос по вашему ключу — оставить
28.09,subzero refrigerator repair,FL-ORLANDO | Sub-Zero | tCPA 2026,01 SZ | Refrigerator Repair,[subzero refrigerator repair],Точное соответствие,Добавлено,2,0,0.0,0.0,0.0,ок,Целевой запрос по вашему ключу — оставить
28.09,sub zero factory certified service technician,CHI-NORTH-SHORE | Sub-Zero | tCPA 2026,10 SZ | Certified & Authorized,[sub zero certified technician],Точное соответствие (близкий вариант),Не используется,1,0,0.0,0.0,0.0,ок,Целевой запрос по вашему ключу — оставить
28.09,sub zero 650 refrigerator not cooling,FL-BROWARD | Sub-Zero | tCPA 2026,01 SZ | Refrigerator Repair,"""sub zero refrigerator too cold""",Фразовое соответствие (близкий вариант),Не используется,1,0,0.0,0.0,0.0,ок,Целевой запрос по вашему ключу — оставить
28.09,asko service,TAMPA | Lux Search | tCPA 2026,15 Asko | Repair,"""asko appliance repair""",Точное соответствие (близкий вариант),Не используется,1,0,0.0,0.0,0.0,ок,Целевой запрос по вашему ключу — оставить
28.09,wolf subzero miami,FL-MIAMI-DADE | Sub-Zero | tCPA 2026,15 SZ | Cities,[sub zero miami],Точное соответствие (близкий вариант),Не используется,1,0,0.0,0.0,0.0,ок,Целевой запрос по вашему ключу — оставить
28.09,wolf oven door not closing,MIAMI | Lux Search | tCPA 2026,06 Wolf | Oven & General,"""wolf oven not working""",Фразовое соответствие (близкий вариант),Не используется,2,0,0.0,0.0,0.0,ок,Целевой запрос по вашему ключу — оставить
28.09,subzero certified service,CHI-WEST | Sub-Zero | tCPA 2026,08 SZ | Repair General,[sub zero appliance service],Точное соответствие (близкий вариант),Не используется,1,0,0.0,0.0,0.0,ок,Целевой запрос по вашему ключу — оставить
28.09,uline ice maker repair near me,TAMPA | Lux Search | tCPA 2026,16 Other Luxury Brands (PAUSED),"""u line repair""",Фразовое соответствие,Не используется,3,0,0.0,0.0,0.0,ок,Целевой запрос по вашему ключу — оставить
28.09,jennair com service,CHICAGO | Lux Search | MaxConv 2026,15 Other Luxury Brands (PAUSED),"""jenn air appliance repair""",Фразовое соответствие (близкий вариант),Не используется,2,0,0.0,0.0,0.0,минус: поддержка производителя,"Ищут горячую линию/гарантию производителя, а не мастера"
28.09,sub zero fridge repair,CHI-WEST | Sub-Zero | tCPA 2026,01 SZ | Refrigerator Repair,[sub zero fridge repair],Точное соответствие,Добавлено,2,0,0.0,0.0,0.0,ок,Целевой запрос по вашему ключу — оставить
28.09,miele service,MIAMI | Lux Search | tCPA 2026,"10 Miele | Kitchen, Laundry & General",[miele appliance repair],Точное соответствие (близкий вариант),Не используется,1,0,0.0,0.0,0.0,ок,Целевой запрос по вашему ключу — оставить
28.09,wolf appliances miami,FL-MIAMI-DADE | Sub-Zero | tCPA 2026,15 SZ | Cities,"""sub zero miami""",Фразовое соответствие (близкий вариант),Не используется,1,0,0.0,0.0,0.0,ок,Целевой запрос по вашему ключу — оставить
28.09,sub zero key west,FL-MIAMI-DADE | Sub-Zero | tCPA 2026,15 SZ | Cities,[sub zero key west],Точное соответствие,Добавлено,2,0,0.0,0.0,0.0,ок,Целевой запрос по вашему ключу — оставить
28.09,asko service,TAMPA | Lux Search | tCPA 2026,15 Asko | Repair,[asko repair],Точное соответствие (близкий вариант),Не используется,3,0,0.0,0.0,0.0,ок,Целевой запрос по вашему ключу — оставить
28.09,miele appliance repair,MIAMI | Lux Search | tCPA 2026,"10 Miele | Kitchen, Laundry & General",[miele appliance repair],Точное соответствие,Добавлено,2,0,0.0,0.0,0.0,конверсия: уже точный ключ,Запрос с конверсией уже есть точным ключом в этой кампании — оставить
28.09,sub zero fridge repair near me,FL-SARASOTA | Sub-Zero | tCPA 2026,01 SZ | Refrigerator Repair,[sub zero fridge repair near me],Точное соответствие,Добавлено,2,0,0.0,0.0,0.0,ок,Целевой запрос по вашему ключу — оставить
28.09,jenn air repair service near me,MIAMI | Lux Search | tCPA 2026,16 Other Luxury Brands (PAUSED),"""jenn air appliance repair""",Точное соответствие (близкий вариант),Не используется,2,0,0.0,0.0,0.0,ок,Целевой запрос по вашему ключу — оставить
28.09,jenn air refrigerator repair service near me,MIAMI | Lux Search | tCPA 2026,16 Other Luxury Brands (PAUSED),"""jennair repair""",Фразовое соответствие (близкий вариант),Не используется,1,0,0.0,0.0,0.0,ок,Целевой запрос по вашему ключу — оставить
28.09,wolf appliance repair,MIAMI | Lux Search | tCPA 2026,06 Wolf | Oven & General,[wolf appliance repair],Точное соответствие,Добавлено,4,0,0.0,0.0,0.0,ок,Целевой запрос по вашему ключу — оставить
28.09,sub zero service near me,CHI-WEST | Sub-Zero | tCPA 2026,07 SZ | Repair Near Me,[sub zero service near me],Точное соответствие,Добавлено,2,0,0.0,0.0,0.0,конверсия: уже точный ключ,Запрос с конверсией уже есть точным ключом в этой кампании — оставить
28.09,wolf appliance repairs near me,TAMPA | Lux Search | tCPA 2026,06 Wolf | Oven & General,"""wolf authorized repair""",Точное соответствие (близкий вариант),Не используется,2,0,0.0,0.0,0.0,ок,Целевой запрос по вашему ключу — оставить
28.09,subzero ice maker not making ice,FL-SARASOTA | Sub-Zero | tCPA 2026,04 SZ | Ice Maker Repair,[sub zero ice maker not working],Точное соответствие (близкий вариант),Не используется,2,0,0.0,0.0,0.0,ок,Целевой запрос по вашему ключу — оставить
28.09,sub zero authorized repair service near me,CHI-WEST | Sub-Zero | tCPA 2026,08 SZ | Repair General,"""sub zero repair technician""",Точное соответствие (близкий вариант),Не используется,2,0,0.0,0.0,0.0,ок,Целевой запрос по вашему ключу — оставить
28.09,sub zero refrigerator repair near me,FL-ORLANDO | Sub-Zero | tCPA 2026,01 SZ | Refrigerator Repair,[sub zero refrigerator repair near me],Точное соответствие,Добавлено,2,0,0.0,0.0,0.0,ок,Целевой запрос по вашему ключу — оставить
28.09,sub zero fridge repair near me,FL-NAPLES-FORT-MYERS | Sub-Zero | tCPA 2026,01 SZ | Refrigerator Repair,[sub zero fridge repair near me],Точное соответствие,Добавлено,1,0,0.0,0.0,0.0,ок,Целевой запрос по вашему ключу — оставить
28.09,sterling sub zero,CHICAGO | Lux Search | MaxConv 2026,03 Sub-Zero | Repair General,"""sub zero authorized service""",Фразовое соответствие (близкий вариант),Не используется,1,0,0.0,0.0,0.0,бренд,"Ваш бренд. Вынести в отдельную brand-кампанию [sterling sub zero], [sterling home group]"
28.09,ge monogram refrigerator repair,CHICAGO | Lux Search | MaxConv 2026,15 Other Luxury Brands (PAUSED),"""monogram appliance repair""",Фразовое соответствие (близкий вариант),Не используется,1,0,0.0,0.0,0.0,ок,Целевой запрос по вашему ключу — оставить
28.09,sub zero factory certified service technician,CHI-NORTH-SHORE | Sub-Zero | tCPA 2026,10 SZ | Certified & Authorized,[sub zero factory certified service],Точное соответствие (близкий вариант),Не используется,1,0,0.0,0.0,0.0,ок,Целевой запрос по вашему ключу — оставить
28.09,sub zero refrigerator repair near me,CHI-NORTH-SHORE | Sub-Zero | tCPA 2026,01 SZ | Refrigerator Repair,[sub zero refrigerator repair near me],Точное соответствие,Добавлено,1,0,0.0,0.0,0.0,ок,Целевой запрос по вашему ключу — оставить
28.09,appliance repair santa rosa beach fl,DESTIN | Lux Search | tCPA 2026,17 Vacation Rentals & Property Managers,"""appliance repair santa rosa beach""",Точное соответствие (близкий вариант),Не используется,11,0,0.0,0.0,0.0,минус: общий запрос без люкс-бренда,"Общий запрос про ремонт без люкс-бренда — дешёвые/массовые клиенты, низкая конверсия"
28.09,sub zero service,CHI-CITY | Sub-Zero | tCPA 2026,09 SZ | Service & Maintenance,[sub zero service],Точное соответствие,Добавлено,1,0,0.0,0.0,0.0,ок,Целевой запрос по вашему ключу — оставить
28.09,subzero freezer not cooling,CHI-CITY | Sub-Zero | tCPA 2026,03 SZ | Freezer Repair,[sub zero freezer not freezing],Точное соответствие (близкий вариант),Не используется,1,0,0.0,0.0,0.0,ок,Целевой запрос по вашему ключу — оставить
28.09,thermador repair service near me,TAMPA | Lux Search | tCPA 2026,"12 Thermador | Fridge, Dishwasher & General","""thermador repair near me""",Точное соответствие (близкий вариант),Не используется,2,0,0.0,0.0,0.0,ок,Целевой запрос по вашему ключу — оставить
28.09,sub zero refrigerator repair,FL-MIAMI-DADE | Sub-Zero | tCPA 2026,01 SZ | Refrigerator Repair,[sub zero refrigerator repair],Точное соответствие,Добавлено,2,0,0.0,0.0,0.0,ок,Целевой запрос по вашему ключу — оставить
28.09,sub zero seal replacement,CHI-WEST | Sub-Zero | tCPA 2026,01 SZ | Refrigerator Repair,[sub zero door gasket replacement],Точное соответствие (близкий вариант),Не используется,1,0,0.0,0.0,0.0,ок,Целевой запрос по вашему ключу — оставить
28.09,miele appliance repair near me,MIAMI | Lux Search | tCPA 2026,"10 Miele | Kitchen, Laundry & General","""miele technician""",Точное соответствие (близкий вариант),Не используется,1,0,0.0,0.0,0.0,ок,Целевой запрос по вашему ключу — оставить
28.09,wolf appliance repair,CHICAGO | Lux Search | MaxConv 2026,06 Wolf | Oven & General,[wolf appliance repair],Точное соответствие,Добавлено,1,0,0.0,0.0,0.0,ок,Целевой запрос по вашему ключу — оставить
28.09,miele appliance repair near me,MIAMI | Lux Search | tCPA 2026,"10 Miele | Kitchen, Laundry & General",[miele repair],Точное соответствие (близкий вариант),Не используется,1,0,0.0,0.0,0.0,ок,Целевой запрос по вашему ключу — оставить
28.09,sub zero refrigerator not cooling,FL-BROWARD | Sub-Zero | tCPA 2026,02 SZ | Not Cooling,[sub zero refrigerator not cooling],Точное соответствие,Добавлено,2,0,0.0,0.0,0.0,ок,Целевой запрос по вашему ключу — оставить
28.09,true refrigeration service near me,CHICAGO | Lux Search | MaxConv 2026,15 Other Luxury Brands (PAUSED),"""true residential refrigerator repair""",Фразовое соответствие (близкий вариант),Не используется,2,0,0.0,0.0,0.0,ок,Целевой запрос по вашему ключу — оставить
28.09,sub zero evaporator fan motor replacement,FL-MIAMI-DADE | Sub-Zero | tCPA 2026,13 SZ | Compressor & Sealed System,"""sub zero evaporator fan replacement""",Фразовое соответствие (близкий вариант),Не используется,3,0,0.0,0.0,0.0,ок,Целевой запрос по вашему ключу — оставить
28.09,thermador repair,TAMPA | Lux Search | tCPA 2026,"12 Thermador | Fridge, Dishwasher & General",[thermador repair],Точное соответствие,Добавлено,2,0,0.0,0.0,0.0,ок,Целевой запрос по вашему ключу — оставить
28.09,lynx grills service,TAMPA | Lux Search | tCPA 2026,16 Other Luxury Brands (PAUSED),"""lynx grill repair""",Точное соответствие (близкий вариант),Не используется,1,0,0.0,0.0,0.0,ок,Целевой запрос по вашему ключу — оставить
28.09,thermador appliance service,CHICAGO | Lux Search | MaxConv 2026,"12 Thermador | Fridge, Dishwasher & General",[thermador appliance repair],Точное соответствие (близкий вариант),Не используется,1,0,0.0,0.0,0.0,ок,Целевой запрос по вашему ключу — оставить
28.09,subzero leaking water from bottom,CHI-NORTH-SHORE | Sub-Zero | tCPA 2026,06 SZ | Leaking Water,[sub zero leaking],Точное соответствие (близкий вариант),Не используется,1,0,0.0,0.0,0.0,ок,Целевой запрос по вашему ключу — оставить
28.09,thermador refrigerator repair,MIAMI | Lux Search | tCPA 2026,"12 Thermador | Fridge, Dishwasher & General",[thermador refrigerator repair],Точное соответствие,Добавлено,2,0,0.0,0.0,0.0,ок,Целевой запрос по вашему ключу — оставить
28.09,mr appliance santa rosa beach fl,DESTIN | Lux Search | tCPA 2026,17 Vacation Rentals & Property Managers,"""appliance repair santa rosa beach""",Фразовое соответствие (близкий вариант),Не используется,2,0,0.0,0.0,0.0,минус: конкурент,Название конкурента «mr appliance» — добавить минус-словом во все кампании
